year,allblackpop,geoid,namelsad,tractpop,tractce,community_area,weight,comm_pop,pop_share,community,commarea_km2
2020,4769,17031510300,Census Tract 5103,4805,510300,51,1.0,15144,0.317287375,SOUTH DEERING,303.7970596
2020,134,17031520100,Census Tract 5201,2219,520100,52,1.0,22999,0.096482456,EAST SIDE,83.24172803
2020,56,17031590700,Census Tract 5907,3064,590700,59,1.0,15246,0.200970746,MCKINLEY PARK,39.43179964
2020,234,17031600400,Census Tract 6004,3736,600400,60,1.0,32901,0.11355278,BRIDGEPORT,58.29151927
2020,1199,17031830600,Census Tract 8306,4923,830600,1,1.0,55643,0.088474741,ROGERS PARK,51.25990244
2020,59,17031830800,Census Tract 8308,2638,830800,4,1.0,41350,0.063796856,LINCOLN SQUARE,71.35232823
2020,1573,17031830700,Census Tract 8307,4148,830700,3,1.0,59453,0.069769398,UPTOWN,65.09564272
2020,82,17031830900,Census Tract 8309,2754,830900,22,1.0,71247,0.038654259,LOGAN SQUARE,100.0575667
2020,176,17031835200,Census Tract 8352,1922,835200,56,1.0,36049,0.053316319,GARFIELD RIDGE,117.8907784
2020,167,17031839900,Census Tract 8399,4471,839900,60,1.0,32901,0.135892526,BRIDGEPORT,58.29151927
2020,56,17031839700,Census Tract 8397,4752,839700,60,1.0,32901,0.1444333,BRIDGEPORT,58.29151927
2020,87,17031839800,Census Tract 8398,2667,839800,60,1.0,32901,0.081061366,BRIDGEPORT,58.29151927
2020,1551,17031834800,Census Tract 8348,1692,834800,68,1.0,22019,0.076842727,ENGLEWOOD,85.65232307
2020,1110,17031834700,Census Tract 8347,1130,834700,68,1.0,22019,0.051319315,ENGLEWOOD,85.65232307
2020,124,17031832000,Census Tract 8320,1698,832000,6,1.0,101428,0.016740939,LAKE VIEW,87.21479926
2020,171,17031832500,Census Tract 8325,3192,832500,7,1.0,69568,0.045883165,LINCOLN PARK,88.31640046
2020,103,17031832300,Census Tract 8323,1950,832300,22,1.0,71247,0.027369573,LOGAN SQUARE,100.0575667
2020,516,17031838300,Census Tract 8383,1869,838300,8,1.0,95405,0.019590168,NEAR NORTH SIDE,76.67589596
2020,101,17031831800,Census Tract 8318,6252,831800,13,1.0,18806,0.332447091,NORTH PARK,70.28870642
2020,39,17031831700,Census Tract 8317,2238,831700,15,1.0,63919,0.035013063,PORTAGE PARK,110.1960971
2020,977,17031835100,Census Tract 8351,4903,835100,63,1.0,35300,0.138895184,GAGE PARK,61.2848961
2020,2353,17031835000,Census Tract 8350,5496,835000,66,1.0,51243,0.107253674,CHICAGO LAWN,98.2794651
2020,101,17031843700,Census Tract 8437,2376,843700,5,1.0,36142,0.06574069,NORTH CENTER,57.05416784
2020,121,17031220702,Census Tract 2207.02,4155,220702,22,1.0,71247,0.058318245,LOGAN SQUARE,100.0575667
2020,4190,17031842100,Census Tract 8421,7608,842100,23,1.0,54401,0.13985037,HUMBOLDT PARK,100.4808765
2020,1168,17031843300,Census Tract 8433,1713,843300,29,1.0,31310,0.054710955,NORTH LAWNDALE,89.48742201
2020,183,17031831100,Census Tract 8311,7780,831100,21,1.0,37360,0.208244111,AVONDALE,55.29059546
2020,382,17031831500,Census Tract 8315,3838,831500,19,1.0,78788,0.048713002,BELMONT CRAGIN,109.0994147
2020,673,17031831600,Census Tract 8316,8052,831600,18,1.0,14382,0.5598665,MONTCLARE,27.57639363
2020,354,17031831200,Census Tract 8312,4810,831200,20,1.0,23163,0.207658766,HERMOSA,32.6020594
2020,12,17031831000,Census Tract 8310,1058,831000,22,0.5,71247,0.014849748,LOGAN SQUARE,100.0575667
2020,12,17031831000,Census Tract 8310,1058,831000,24,0.5,84564,0.012511234,WEST TOWN,127.5629046
2020,2320,17031843000,Census Tract 8430,2494,843000,29,1.0,31310,0.079655062,NORTH LAWNDALE,89.48742201
2020,948,17031843100,Census Tract 8431,1449,843100,29,1.0,31310,0.046279144,NORTH LAWNDALE,89.48742201
2020,1703,17031842900,Census Tract 8429,2711,842900,28,1.0,62816,0.043157794,NEAR WEST SIDE,158.4924665
2020,6940,17031843500,Census Tract 8435,10673,843500,30,1.0,70235,0.151961273,SOUTH LAWNDALE,127.9982978
2020,1113,17031842000,Census Tract 8420,3145,842000,35,1.0,21450,0.146620047,DOUGLAS,46.00462115
2020,222,17031832400,Census Tract 8324,3206,832400,22,1.0,71247,0.044998386,LOGAN SQUARE,100.0575667
2020,55,17031832900,Census Tract 8329,1926,832900,28,1.0,62816,0.030660978,NEAR WEST SIDE,158.4924665
2020,95,17031840300,Census Tract 8403,3618,840300,59,1.0,15246,0.237308146,MCKINLEY PARK,39.43179964
2020,1545,17031838600,Census Tract 8386,1735,838600,29,1.0,31310,0.055413606,NORTH LAWNDALE,89.48742201
2020,1447,17031839600,Census Tract 8396,1688,839600,35,1.0,21450,0.078694639,DOUGLAS,46.00462115
2020,1334,17031834900,Census Tract 8349,1348,834900,67,1.0,26158,0.051532992,WEST ENGLEWOOD,87.94769193
2020,582,17031030603,Census Tract 306.03,2355,30603,77,1.0,58693,0.040124035,EDGEWATER,48.44999083
2020,42,17031832200,Census Tract 8322,3031,832200,22,1.0,71247,0.042542142,LOGAN SQUARE,100.0575667
2020,1648,17031836700,Census Tract 8367,2337,836700,23,1.0,54401,0.042958769,HUMBOLDT PARK,100.4808765
2020,1962,17031836800,Census Tract 8368,2149,836800,27,1.0,18075,0.118893499,EAST GARFIELD PARK,53.88322084
2020,639,17031836600,Census Tract 8366,2044,836600,23,1.0,54401,0.037572839,HUMBOLDT PARK,100.4808765
2020,549,17031833000,Census Tract 8330,4686,833000,28,1.0,62816,0.074598828,NEAR WEST SIDE,158.4924665
2020,2119,17031842500,Census Tract 8425,2145,842500,69,1.0,29429,0.072887288,GREATER GRAND CROSSING,98.85316769
2020,2388,17031841800,Census Tract 8418,2502,841800,69,1.0,29429,0.085018179,GREATER GRAND CROSSING,98.85316769
2020,0,17031980100,Census Tract 9801,0,980100,56,0.5,36049,0.0,GARFIELD RIDGE,117.8907784
2020,0,17031980100,Census Tract 9801,0,980100,64,0.5,24382,0.0,CLEARING,71.14519237
2020,48,17031842800,Census Tract 8428,6916,842800,58,1.0,42728,0.161861075,BRIGHTON PARK,75.8927903
2020,926,17031843800,Census Tract 8438,1475,843800,61,1.0,39055,0.037767251,NEW CITY,134.6369632
2020,409,17031841000,Census Tract 8410,1025,841000,33,1.0,26376,0.038861086,NEAR SOUTH SIDE,49.76963944
2020,1573,17031836500,Census Tract 8365,1791,836500,36,1.0,6973,0.256847842,OAKLAND,16.91396104
2020,1539,17031843900,Census Tract 8439,1717,843900,42,0.5,23251,0.073846286,WOODLAWN,57.8151795
2020,1539,17031843900,Census Tract 8439,1717,843900,43,0.5,51992,0.033024311,SOUTH SHORE,81.81271638
2020,4662,17031834200,Census Tract 8342,4674,834200,43,1.0,51992,0.089898446,SOUTH SHORE,81.81271638
2020,533,17031842200,Census Tract 8422,3619,842200,8,1.0,95405,0.037933022,NEAR NORTH SIDE,76.67589596
2020,1446,17031838000,Census Tract 8380,2201,838000,28,1.0,62816,0.035038844,NEAR WEST SIDE,158.4924665
2020,1815,17031010702,Census Tract 107.02,5209,10702,1,1.0,55643,0.093614651,ROGERS PARK,51.25990244
2020,280,17031010503,Census Tract 105.03,1973,10503,1,1.0,55643,0.035458189,ROGERS PARK,51.25990244
2020,831,17031010502,Census Tract 105.02,2960,10502,1,1.0,55643,0.053196269,ROGERS PARK,51.25990244
2020,826,17031010701,Census Tract 107.01,3562,10701,1,1.0,55643,0.06401524,ROGERS PARK,51.25990244
2020,800,17031020902,Census Tract 209.02,4445,20902,2,1.0,78763,0.056435128,WEST RIDGE,98.42909484
2020,320,17031020302,Census Tract 203.02,5116,20302,2,1.0,78763,0.064954357,WEST RIDGE,98.42909484
2020,427,17031020601,Census Tract 206.01,6112,20601,2,1.0,78763,0.077599888,WEST RIDGE,98.42909484
2020,211,17031020301,Census Tract 203.01,5447,20301,2,1.0,78763,0.069156838,WEST RIDGE,98.42909484
2020,728,17031760803,Census Tract 7608.03,5930,760803,76,1.0,13285,0.446368084,OHARE,371.8356076
2020,4906,17031530501,Census Tract 5305.01,5073,530501,53,1.0,26484,0.191549615,WEST PULLMAN,99.36519806
2020,5070,17031530503,Census Tract 5305.03,5192,530503,53,1.0,26484,0.196042894,WEST PULLMAN,99.36519806
2020,158,17031650301,Census Tract 6503.01,4527,650301,65,1.0,32162,0.140756172,WEST LAWN,82.31530167
2020,0,17031650302,Census Tract 6503.02,4766,650302,65,1.0,32162,0.148187302,WEST LAWN,82.31530167
2020,1602,17031530502,Census Tract 5305.02,1609,530502,53,1.0,26484,0.060753663,WEST PULLMAN,99.36519806
2020,384,17031831300,Census Tract 8313,908,831300,25,1.0,95073,0.009550556,AUSTIN,199.2542034
2020,1639,17031831400,Census Tract 8314,2820,831400,25,1.0,95073,0.029661418,AUSTIN,199.2542034
2020,1363,17031837000,Census Tract 8370,1672,837000,27,1.0,18075,0.092503458,EAST GARFIELD PARK,53.88322084
2020,3005,17031842400,Census Tract 8424,3098,842400,44,1.0,31363,0.098778816,CHATHAM,82.3206703
2020,1299,17031832100,Census Tract 8321,3590,832100,6,1.0,101428,0.035394566,LAKE VIEW,87.21479926
2020,678,17031020802,Census Tract 208.02,8536,20802,2,1.0,78763,0.10837576,WEST RIDGE,98.42909484
2020,617,17031020702,Census Tract 207.02,8674,20702,2,1.0,78763,0.110127852,WEST RIDGE,98.42909484
2020,680,17031020801,Census Tract 208.01,5859,20801,2,1.0,78763,0.07438772,WEST RIDGE,98.42909484
2020,346,17031040202,Census Tract 402.02,7427,40202,4,1.0,41350,0.179613059,LINCOLN SQUARE,71.35232823
2020,371,17031040201,Census Tract 402.01,6875,40201,4,1.0,41350,0.166263603,LINCOLN SQUARE,71.35232823
2020,129,17031040402,Census Tract 404.02,4796,40402,4,1.0,41350,0.11598549,LINCOLN SQUARE,71.35232823
2020,1632,17031031501,Census Tract 315.01,4794,31501,3,1.0,59453,0.080635124,UPTOWN,65.09564272
2020,137,17031081201,Census Tract 812.01,4688,81201,8,1.0,95405,0.049137886,NEAR NORTH SIDE,76.67589596
2020,307,17031063301,Census Tract 633.01,2925,63301,6,1.0,101428,0.028838191,LAKE VIEW,87.21479926
2020,2927,17031490901,Census Tract 4909.01,2928,490901,49,1.0,39623,0.073896474,ROSELAND,134.3137067
2020,4520,17031490902,Census Tract 4909.02,4565,490902,49,1.0,39623,0.115210862,ROSELAND,134.3137067
2020,48,17031301801,Census Tract 3018.01,4437,301801,30,1.0,70235,0.063173631,SOUTH LAWNDALE,127.9982978
2020,403,17031700301,Census Tract 7003.01,6359,700301,70,1.0,42902,0.148221528,ASHBURN,135.4603372
2020,0,17031301702,Census Tract 3017.02,3961,301702,30,1.0,70235,0.056396384,SOUTH LAWNDALE,127.9982978
2020,3601,17031700401,Census Tract 7004.01,6455,700401,70,1.0,42902,0.150459186,ASHBURN,135.4603372
2020,989,17031837100,Census Tract 8371,1349,837100,27,1.0,18075,0.074633472,EAST GARFIELD PARK,53.88322084
2020,1884,17031837400,Census Tract 8374,2199,837400,27,1.0,18075,0.121659751,EAST GARFIELD PARK,53.88322084
2020,1513,17031837800,Census Tract 8378,2409,837800,28,1.0,62816,0.038350102,NEAR WEST SIDE,158.4924665
2020,2442,17031837300,Census Tract 8373,2688,837300,27,1.0,18075,0.148713693,EAST GARFIELD PARK,53.88322084
2020,2254,17031841500,Census Tract 8415,2369,841500,29,1.0,31310,0.075662728,NORTH LAWNDALE,89.48742201
2020,3375,17031838700,Census Tract 8387,3932,838700,29,1.0,31310,0.125582881,NORTH LAWNDALE,89.48742201
2020,45,17031150501,Census Tract 1505.01,3793,150501,15,1.0,63919,0.059340728,PORTAGE PARK,110.1960971
2020,110,17031150401,Census Tract 1504.01,4700,150401,15,1.0,63919,0.073530562,PORTAGE PARK,110.1960971
2020,106,17031150502,Census Tract 1505.02,3734,150502,15,1.0,63919,0.058417685,PORTAGE PARK,110.1960971
2020,258,17031110502,Census Tract 1105.02,3540,110502,11,1.0,27194,0.130175774,JEFFERSON PARK,64.86816167
2020,159,17031150402,Census Tract 1504.02,3540,150402,15,1.0,63919,0.055382594,PORTAGE PARK,110.1960971
2020,338,17031140302,Census Tract 1403.02,3842,140302,14,1.0,49280,0.077962662,ALBANY PARK,53.54223081
2020,126,17031140301,Census Tract 1403.01,2824,140301,14,1.0,49280,0.057305195,ALBANY PARK,53.54223081
2020,1072,17031700302,Census Tract 7003.02,5851,700302,70,1.0,42902,0.136380588,ASHBURN,135.4603372
2020,60,17031580501,Census Tract 5805.01,4580,580501,58,1.0,42728,0.107189665,BRIGHTON PARK,75.8927903
2020,17,17031580502,Census Tract 5805.02,5064,580502,58,1.0,42728,0.118517132,BRIGHTON PARK,75.8927903
2020,4773,17031730201,Census Tract 7302.01,5069,730201,73,1.0,26940,0.188158872,WASHINGTON HEIGHTS,79.63575286
2020,25,17031301802,Census Tract 3018.02,2746,301802,30,1.0,70235,0.039097316,SOUTH LAWNDALE,127.9982978
2020,4071,17031440101,Census Tract 4401.01,4154,440101,44,1.0,31363,0.132449064,CHATHAM,82.3206703
2020,14,17031301701,Census Tract 3017.01,4099,301701,30,1.0,70235,0.058361216,SOUTH LAWNDALE,127.9982978
2020,864,17031839100,Census Tract 8391,7916,839100,32,1.0,39327,0.201286648,LOOP,46.33556545
2020,758,17031833100,Census Tract 8331,7573,833100,28,1.0,62816,0.120558456,NEAR WEST SIDE,158.4924665
2020,842,17031838100,Census Tract 8381,1589,838100,28,1.0,62816,0.025296103,NEAR WEST SIDE,158.4924665
2020,184,17031833300,Census Tract 8333,2850,833300,28,1.0,62816,0.045370606,NEAR WEST SIDE,158.4924665
2020,733,17031838200,Census Tract 8382,2200,838200,28,1.0,62816,0.035022924,NEAR WEST SIDE,158.4924665
2020,443,17031140702,Census Tract 1407.02,6083,140702,14,1.0,49280,0.1234375,ALBANY PARK,53.54223081
2020,709,17031140602,Census Tract 1406.02,5124,140602,14,1.0,49280,0.103977273,ALBANY PARK,53.54223081
2020,163,17031140701,Census Tract 1407.01,2999,140701,14,1.0,49280,0.060856331,ALBANY PARK,53.54223081
2020,134,17031160502,Census Tract 1605.02,3838,160502,16,1.0,53604,0.071599134,IRVING PARK,89.61138229
2020,180,17031160602,Census Tract 1606.02,3703,160602,16,1.0,53604,0.069080666,IRVING PARK,89.61138229
2020,145,17031151002,Census Tract 1510.02,5333,151002,15,1.0,63919,0.083433721,PORTAGE PARK,110.1960971
2020,104,17031151001,Census Tract 1510.01,2666,151001,15,1.0,63919,0.041709038,PORTAGE PARK,110.1960971
2020,79,17031190402,Census Tract 1904.02,5238,190402,19,1.0,78788,0.066482205,BELMONT CRAGIN,109.0994147
2020,3433,17031431301,Census Tract 4313.01,3720,431301,43,1.0,51992,0.071549469,SOUTH SHORE,81.81271638
2020,3209,17031431302,Census Tract 4313.02,3538,431302,43,1.0,51992,0.068048931,SOUTH SHORE,81.81271638
2020,3016,17031460302,Census Tract 4603.02,3593,460302,46,1.0,29977,0.119858558,SOUTH CHICAGO,93.27218499
2020,2422,17031460301,Census Tract 4603.01,3486,460301,46,1.0,29977,0.116289155,SOUTH CHICAGO,93.27218499
2020,5937,17031700501,Census Tract 7005.01,6485,700501,70,1.0,42902,0.151158454,ASHBURN,135.4603372
2020,3012,17031700502,Census Tract 7005.02,3676,700502,70,1.0,42902,0.085683651,ASHBURN,135.4603372
2020,133,17031210601,Census Tract 2106.01,3145,210601,21,1.0,37360,0.084180942,AVONDALE,55.29059546
2020,152,17031841100,Census Tract 8411,7165,841100,34,1.0,13401,0.534661592,ARMOUR SQUARE,27.76619609
2020,43,17031840200,Census Tract 8402,2190,840200,60,1.0,32901,0.066563326,BRIDGEPORT,58.29151927
2020,199,17031841300,Census Tract 8413,4299,841300,31,1.0,32672,0.131580558,LOWER WEST SIDE,81.55072362
2020,99,17031840700,Census Tract 8407,3508,840700,30,1.0,70235,0.049946608,SOUTH LAWNDALE,127.9982978
2020,854,17031841700,Census Tract 8417,1444,841700,30,1.0,70235,0.02055955,SOUTH LAWNDALE,127.9982978
2020,199,17031190602,Census Tract 1906.02,5532,190602,19,1.0,78788,0.070213738,BELMONT CRAGIN,109.0994147
2020,160,17031190401,Census Tract 1904.01,4408,190401,19,1.0,78788,0.055947606,BELMONT CRAGIN,109.0994147
2020,235,17031190702,Census Tract 1907.02,4644,190702,19,1.0,78788,0.058942986,BELMONT CRAGIN,109.0994147
2020,262,17031191302,Census Tract 1913.02,4942,191302,19,1.0,78788,0.062725288,BELMONT CRAGIN,109.0994147
2020,148,17031190601,Census Tract 1906.01,4802,190601,19,1.0,78788,0.060948368,BELMONT CRAGIN,109.0994147
2020,397,17031191301,Census Tract 1913.01,5729,191301,19,1.0,78788,0.072714119,BELMONT CRAGIN,109.0994147
2020,246,17031200402,Census Tract 2004.02,4806,200402,20,1.0,23163,0.207486077,HERMOSA,32.6020594
2020,198,17031200401,Census Tract 2004.01,3201,200401,20,1.0,23163,0.138194534,HERMOSA,32.6020594
2020,60,17031220902,Census Tract 2209.02,3049,220902,22,1.0,71247,0.042794784,LOGAN SQUARE,100.0575667
2020,338,17031210501,Census Tract 2105.01,3001,210501,21,1.0,37360,0.080326552,AVONDALE,55.29059546
2020,172,17031160601,Census Tract 1606.01,3191,160601,16,1.0,53604,0.05952914,IRVING PARK,89.61138229
2020,242,17031061901,Census Tract 619.01,3384,61901,6,1.0,101428,0.033363568,LAKE VIEW,87.21479926
2020,190,17031840800,Census Tract 8408,3243,840800,30,1.0,70235,0.04617356,SOUTH LAWNDALE,127.9982978
2020,529,17031030703,Census Tract 307.03,3035,30703,77,1.0,58693,0.051709744,EDGEWATER,48.44999083
2020,332,17031081403,Census Tract 814.03,9069,81403,8,1.0,95405,0.095057911,NEAR NORTH SIDE,76.67589596
2020,74,17031030702,Census Tract 307.02,2352,30702,77,1.0,58693,0.040072922,EDGEWATER,48.44999083
2020,3134,17031440102,Census Tract 4401.02,3359,440102,44,1.0,31363,0.107100724,CHATHAM,82.3206703
2020,2674,17031440202,Census Tract 4402.02,2674,440202,44,1.0,31363,0.085259701,CHATHAM,82.3206703
2020,255,17031830500,Census Tract 8305,3910,830500,30,1.0,70235,0.05567025,SOUTH LAWNDALE,127.9982978
2020,77,17031840100,Census Tract 8401,3303,840100,60,1.0,32901,0.100392085,BRIDGEPORT,58.29151927
2020,12,17031840400,Census Tract 8404,3153,840400,59,1.0,15246,0.206808343,MCKINLEY PARK,39.43179964
2020,1485,17031839200,Census Tract 8392,2434,839200,35,1.0,21450,0.113473193,DOUGLAS,46.00462115
2020,1253,17031835500,Census Tract 8355,1356,835500,37,1.0,2149,0.630991159,FULLER PARK,19.91670487
2020,28,17031070101,Census Tract 701.01,3848,70101,7,1.0,69568,0.055312787,LINCOLN PARK,88.31640046
2020,345,17031110501,Census Tract 1105.01,5076,110501,11,1.0,27194,0.186658822,JEFFERSON PARK,64.86816167
2020,296,17031030104,Census Tract 301.04,3425,30104,77,1.0,58693,0.058354489,EDGEWATER,48.44999083
2020,45,17031081401,Census Tract 814.01,2039,81401,8,1.0,95405,0.021372045,NEAR NORTH SIDE,76.67589596
2020,3504,17031430102,Census Tract 4301.02,3627,430102,43,1.0,51992,0.069760732,SOUTH SHORE,81.81271638
2020,2755,17031430101,Census Tract 4301.01,2826,430101,43,1.0,51992,0.054354516,SOUTH SHORE,81.81271638
2020,1274,17031252101,Census Tract 2521.01,1289,252101,25,1.0,95073,0.013558003,AUSTIN,199.2542034
2020,1427,17031010501,Census Tract 105.01,4039,10501,1,1.0,55643,0.072587747,ROGERS PARK,51.25990244
2020,132,17031020701,Census Tract 207.01,1764,20701,2,1.0,78763,0.022396303,WEST RIDGE,98.42909484
2020,3060,17031010201,Census Tract 102.01,7488,10201,1,1.0,55643,0.134572183,ROGERS PARK,51.25990244
2020,288,17031760801,Census Tract 7608.01,5012,760801,76,1.0,13285,0.377267595,OHARE,371.8356076
2020,980,17031839000,Census Tract 8390,10026,839000,32,1.0,39327,0.254939355,LOOP,46.33556545
2020,5889,17031440201,Census Tract 4402.01,5918,440201,44,1.0,31363,0.188693684,CHATHAM,82.3206703
2020,3947,17031540101,Census Tract 5401.01,4219,540101,54,1.0,7414,0.569058538,RIVERDALE,98.3894974
2020,3146,17031834000,Census Tract 8340,3187,834000,49,1.0,39623,0.080433082,ROSELAND,134.3137067
2020,1426,17031833900,Census Tract 8339,2696,833900,46,1.0,29977,0.089935617,SOUTH CHICAGO,93.27218499
2020,158,17031221000,Census Tract 2210,2754,221000,22,1.0,71247,0.038654259,LOGAN SQUARE,100.0575667
2020,399,17031221100,Census Tract 2211,4484,221100,22,1.0,71247,0.062935983,LOGAN SQUARE,100.0575667
2020,10,17031242800,Census Tract 2428,1637,242800,24,1.0,84564,0.019358119,WEST TOWN,127.5629046
2020,131,17031242900,Census Tract 2429,1836,242900,24,1.0,84564,0.021711367,WEST TOWN,127.5629046
2020,36,17031243000,Census Tract 2430,2134,243000,24,1.0,84564,0.025235325,WEST TOWN,127.5629046
2020,79,17031243100,Census Tract 2431,2230,243100,24,1.0,84564,0.02637056,WEST TOWN,127.5629046
2020,171,17031243200,Census Tract 2432,2191,243200,24,1.0,84564,0.02590937,WEST TOWN,127.5629046
2020,103,17031243300,Census Tract 2433,2261,243300,24,1.0,84564,0.026737146,WEST TOWN,127.5629046
2020,220,17031243400,Census Tract 2434,2982,243400,24,1.0,84564,0.035263233,WEST TOWN,127.5629046
2020,301,17031071400,Census Tract 714,4998,71400,7,1.0,69568,0.071843376,LINCOLN PARK,88.31640046
2020,353,17031110400,Census Tract 1104,4480,110400,11,1.0,27194,0.164742223,JEFFERSON PARK,64.86816167
2020,88,17031150600,Census Tract 1506,4384,150600,15,1.0,63919,0.068586805,PORTAGE PARK,110.1960971
2020,141,17031150700,Census Tract 1507,4088,150700,15,1.0,63919,0.063955944,PORTAGE PARK,110.1960971
2020,337,17031150800,Census Tract 1508,4871,150800,15,1.0,63919,0.076205823,PORTAGE PARK,110.1960971
2020,220,17031151100,Census Tract 1511,5347,151100,15,1.0,63919,0.083652748,PORTAGE PARK,110.1960971
2020,69,17031151200,Census Tract 1512,3890,151200,15,1.0,63919,0.060858274,PORTAGE PARK,110.1960971
2020,71,17031241500,Census Tract 2415,2981,241500,24,1.0,84564,0.035251407,WEST TOWN,127.5629046
2020,388,17031241100,Census Tract 2411,3441,241100,24,1.0,84564,0.040691074,WEST TOWN,127.5629046
2020,122,17031241600,Census Tract 2416,3325,241600,24,1.0,84564,0.039319332,WEST TOWN,127.5629046
2020,216,17031241300,Census Tract 2413,1982,241300,24,1.0,84564,0.02343787,WEST TOWN,127.5629046
2020,605,17031241400,Census Tract 2414,5503,241400,24,1.0,84564,0.065074973,WEST TOWN,127.5629046
2020,795,17031243500,Census Tract 2435,4031,243500,24,1.0,84564,0.047668038,WEST TOWN,127.5629046
2020,1539,17031250200,Census Tract 2502,2922,250200,25,1.0,95073,0.030734278,AUSTIN,199.2542034
2020,3510,17031250300,Census Tract 2503,5433,250300,25,1.0,95073,0.057145562,AUSTIN,199.2542034
2020,4259,17031250400,Census Tract 2504,5471,250400,25,1.0,95073,0.057545255,AUSTIN,199.2542034
2020,1907,17031250500,Census Tract 2505,7141,250500,25,1.0,95073,0.075110704,AUSTIN,199.2542034
2020,200,17031071500,Census Tract 715,6157,71500,7,1.0,69568,0.088503335,LINCOLN PARK,88.31640046
2020,236,17031071800,Census Tract 718,2579,71800,7,1.0,69568,0.037071642,LINCOLN PARK,88.31640046
2020,192,17031080100,Census Tract 801,6944,80100,8,1.0,95405,0.072784445,NEAR NORTH SIDE,76.67589596
2020,49,17031080300,Census Tract 803,4697,80300,8,1.0,95405,0.049232221,NEAR NORTH SIDE,76.67589596
2020,2318,17031080400,Census Tract 804,4440,80400,8,1.0,95405,0.046538441,NEAR NORTH SIDE,76.67589596
2020,24,17031160100,Census Tract 1601,2534,160100,16,1.0,53604,0.047272592,IRVING PARK,89.61138229
2020,81,17031160200,Census Tract 1602,3138,160200,16,1.0,53604,0.058540407,IRVING PARK,89.61138229
2020,308,17031160300,Census Tract 1603,3672,160300,16,1.0,53604,0.068502351,IRVING PARK,89.61138229
2020,201,17031160400,Census Tract 1604,4799,160400,16,1.0,53604,0.089526901,IRVING PARK,89.61138229
2020,269,17031160700,Census Tract 1607,5860,160700,16,1.0,53604,0.1093202,IRVING PARK,89.61138229
2020,376,17031221300,Census Tract 2213,2925,221300,22,1.0,71247,0.04105436,LOGAN SQUARE,100.0575667
2020,290,17031221500,Census Tract 2215,2805,221500,22,1.0,71247,0.039370079,LOGAN SQUARE,100.0575667
2020,355,17031221400,Census Tract 2214,3169,221400,22,1.0,71247,0.044479066,LOGAN SQUARE,100.0575667
2020,3503,17031250600,Census Tract 2506,4383,250600,25,1.0,95073,0.046101417,AUSTIN,199.2542034
2020,4123,17031250700,Census Tract 2507,5430,250700,25,1.0,95073,0.057114007,AUSTIN,199.2542034
2020,2496,17031250800,Census Tract 2508,2607,250800,25,1.0,95073,0.027421034,AUSTIN,199.2542034
2020,712,17031251000,Census Tract 2510,997,251000,25,1.0,95073,0.010486679,AUSTIN,199.2542034
2020,3996,17031251100,Census Tract 2511,4763,251100,25,1.0,95073,0.050098345,AUSTIN,199.2542034
2020,168,17031051400,Census Tract 514,2220,51400,5,1.0,36142,0.061424382,NORTH CENTER,57.05416784
2020,152,17031060100,Census Tract 601,3109,60100,6,1.0,101428,0.030652285,LAKE VIEW,87.21479926
2020,12,17031060300,Census Tract 603,2918,60300,6,1.0,101428,0.028769176,LAKE VIEW,87.21479926
2020,304,17031060800,Census Tract 608,5225,60800,6,1.0,101428,0.051514375,LAKE VIEW,87.21479926
2020,56,17031160800,Census Tract 1608,5640,160800,16,1.0,53604,0.105216029,IRVING PARK,89.61138229
2020,388,17031320101,Census Tract 3201.01,8886,320101,32,1.0,39327,0.225951636,LOOP,46.33556545
2020,2519,17031330103,Census Tract 3301.03,6969,330103,33,1.0,26376,0.26421747,NEAR SOUTH SIDE,49.76963944
2020,3245,17031380600,Census Tract 3806,3764,380600,38,1.0,23669,0.159026575,GRAND BOULEVARD,48.49250315
2020,2407,17031330102,Census Tract 3301.02,9396,330102,33,1.0,26376,0.356232939,NEAR SOUTH SIDE,49.76963944
2020,166,17031330101,Census Tract 3301.01,5082,330101,33,1.0,26376,0.192675159,NEAR SOUTH SIDE,49.76963944
2020,3028,17031460800,Census Tract 4608,4230,460800,46,1.0,29977,0.141108183,SOUTH CHICAGO,93.27218499
2020,322,17031630600,Census Tract 6306,2768,630600,63,1.0,35300,0.078413598,GAGE PARK,61.2848961
2020,3049,17031490200,Census Tract 4902,3114,490200,49,1.0,39623,0.078590718,ROSELAND,134.3137067
2020,1035,17031612200,Census Tract 6122,3678,612200,61,1.0,39055,0.094174882,NEW CITY,134.6369632
2020,1192,17031844700,Census Tract 8447,1453,844700,29,1.0,31310,0.046406899,NORTH LAWNDALE,89.48742201
2020,2068,17031844600,Census Tract 8446,2188,844600,38,1.0,23669,0.09244159,GRAND BOULEVARD,48.49250315
2020,61,17031320102,Census Tract 3201.02,4356,320102,32,1.0,39327,0.110763598,LOOP,46.33556545
2020,181,17031220701,Census Tract 2207.01,3283,220701,22,1.0,71247,0.046079133,LOGAN SQUARE,100.0575667
2020,137,17031063302,Census Tract 633.02,3867,63302,6,1.0,101428,0.038125567,LAKE VIEW,87.21479926
2020,2458,17031252201,Census Tract 2522.01,2672,252201,25,1.0,95073,0.02810472,AUSTIN,199.2542034
2020,1058,17031660302,Census Tract 6603.02,4550,660302,66,1.0,51243,0.088792616,CHICAGO LAWN,98.2794651
2020,509,17031660301,Census Tract 6603.01,1585,660301,66,1.0,51243,0.030931054,CHICAGO LAWN,98.2794651
2020,3004,17031730202,Census Tract 7302.02,3055,730202,73,1.0,26940,0.113400148,WASHINGTON HEIGHTS,79.63575286
2020,692,17031835600,Census Tract 8356,793,835600,37,1.0,2149,0.369008841,FULLER PARK,19.91670487
2020,42,17031840000,Census Tract 8400,2502,840000,60,1.0,32901,0.076046321,BRIDGEPORT,58.29151927
2020,3250,17031836400,Census Tract 8364,3726,836400,36,1.0,6973,0.534346766,OAKLAND,16.91396104
2020,1667,17031836100,Census Tract 8361,1834,836100,40,1.0,10427,0.175889518,WASHINGTON PARK,42.37388148
2020,1472,17031834600,Census Tract 8346,1683,834600,68,1.0,22019,0.076433989,ENGLEWOOD,85.65232307
2020,2748,17031843600,Census Tract 8436,2993,843600,38,1.0,23669,0.126452322,GRAND BOULEVARD,48.49250315
2020,360,17031061902,Census Tract 619.02,4607,61902,6,1.0,101428,0.045421383,LAKE VIEW,87.21479926
2020,568,17031030102,Census Tract 301.02,3192,30102,77,1.0,58693,0.05438468,EDGEWATER,48.44999083
2020,580,17031030103,Census Tract 301.03,2490,30103,77,1.0,58693,0.042424139,EDGEWATER,48.44999083
2020,610,17031030706,Census Tract 307.06,2774,30706,77,1.0,58693,0.047262876,EDGEWATER,48.44999083
2020,1035,17031030601,Census Tract 306.01,3981,30601,77,1.0,58693,0.067827509,EDGEWATER,48.44999083
2020,109,17031081202,Census Tract 812.02,3011,81202,8,1.0,95405,0.031560191,NEAR NORTH SIDE,76.67589596
2020,5,17031063303,Census Tract 633.03,1160,63303,6,1.0,101428,0.011436684,LAKE VIEW,87.21479926
2020,603,17031220901,Census Tract 2209.01,2894,220901,22,1.0,71247,0.040619254,LOGAN SQUARE,100.0575667
2020,84,17031210602,Census Tract 2106.02,4022,210602,21,1.0,37360,0.107655246,AVONDALE,55.29059546
2020,328,17031220602,Census Tract 2206.02,4715,220602,22,1.0,71247,0.066178225,LOGAN SQUARE,100.0575667
2020,138,17031220601,Census Tract 2206.01,1488,220601,22,1.0,71247,0.02088509,LOGAN SQUARE,100.0575667
2020,252,17031040401,Census Tract 404.01,3442,40401,4,1.0,41350,0.083240629,LINCOLN SQUARE,71.35232823
2020,4221,17031252202,Census Tract 2522.02,4385,252202,25,1.0,95073,0.046122453,AUSTIN,199.2542034
2020,5806,17031252102,Census Tract 2521.02,6452,252102,25,1.0,95073,0.067863642,AUSTIN,199.2542034
2020,663,17031836300,Census Tract 8363,1478,836300,41,1.0,27722,0.053315057,HYDE PARK,45.10538016
2020,995,17031834500,Census Tract 8345,1079,834500,40,1.0,10427,0.103481347,WASHINGTON PARK,42.37388148
2020,2850,17031836000,Census Tract 8360,2950,836000,38,1.0,23669,0.124635599,GRAND BOULEVARD,48.49250315
2020,125,17031836200,Census Tract 8362,1517,836200,41,1.0,27722,0.054721882,HYDE PARK,45.10538016
2020,4417,17031834400,Census Tract 8344,4570,834400,42,1.0,23251,0.196550686,WOODLAWN,57.8151795
2020,6029,17031834300,Census Tract 8343,6294,834300,45,1.0,9629,0.653650431,AVALON PARK,34.85273773
2020,1385,17031710300,Census Tract 7103,1541,710300,71,1.0,46698,0.032999272,AUBURN GRESHAM,105.0653536
2020,105,17031160900,Census Tract 1609,2653,160900,16,1.0,53604,0.049492575,IRVING PARK,89.61138229
2020,74,17031161000,Census Tract 1610,2228,161000,16,1.0,53604,0.041564062,IRVING PARK,89.61138229
2020,230,17031161100,Census Tract 1611,2040,161100,16,1.0,53604,0.038056861,IRVING PARK,89.61138229
2020,92,17031161200,Census Tract 1612,3116,161200,16,1.0,53604,0.05812999,IRVING PARK,89.61138229
2020,168,17031161300,Census Tract 1613,3561,161300,16,1.0,53604,0.06643161,IRVING PARK,89.61138229
2020,100,17031170100,Census Tract 1701,2038,170100,17,1.0,43587,0.046757061,DUNNING,103.5950012
2020,194,17031221600,Census Tract 2216,3190,221600,22,1.0,71247,0.044773815,LOGAN SQUARE,100.0575667
2020,84,17031242100,Census Tract 2421,3813,242100,24,1.0,84564,0.045090109,WEST TOWN,127.5629046
2020,660,17031242000,Census Tract 2420,4755,242000,24,1.0,84564,0.056229601,WEST TOWN,127.5629046
2020,3166,17031251200,Census Tract 2512,4527,251200,25,1.0,95073,0.047616042,AUSTIN,199.2542034
2020,3612,17031251300,Census Tract 2513,3920,251300,25,1.0,95073,0.041231475,AUSTIN,199.2542034
2020,218,17031051300,Census Tract 513,2933,51300,5,1.0,36142,0.081152122,NORTH CENTER,57.05416784
2020,0,17031600700,Census Tract 6007,2786,600700,60,1.0,32901,0.084678277,BRIDGEPORT,58.29151927
2020,277,17031600900,Census Tract 6009,3496,600900,60,1.0,32901,0.106258168,BRIDGEPORT,58.29151927
2020,3557,17031672000,Census Tract 6720,3584,672000,67,1.0,26158,0.137013533,WEST ENGLEWOOD,87.94769193
2020,1964,17031710900,Census Tract 7109,2011,710900,71,1.0,46698,0.043063943,AUBURN GRESHAM,105.0653536
2020,3371,17031711000,Census Tract 7110,3635,711000,71,1.0,46698,0.077840593,AUBURN GRESHAM,105.0653536
2020,2363,17031711100,Census Tract 7111,2429,711100,71,1.0,46698,0.052015076,AUBURN GRESHAM,105.0653536
2020,3998,17031711200,Census Tract 7112,4657,711200,71,1.0,46698,0.099725898,AUBURN GRESHAM,105.0653536
2020,2711,17031711500,Census Tract 7115,2728,711500,71,1.0,46698,0.058417919,AUBURN GRESHAM,105.0653536
2020,1560,17031711300,Census Tract 7113,1612,711300,71,1.0,46698,0.03451968,AUBURN GRESHAM,105.0653536
2020,2497,17031711400,Census Tract 7114,2586,711400,71,1.0,46698,0.055377104,AUBURN GRESHAM,105.0653536
2020,1282,17031270500,Census Tract 2705,1285,270500,27,1.0,18075,0.071092669,EAST GARFIELD PARK,53.88322084
2020,1127,17031271200,Census Tract 2712,1273,271200,27,1.0,18075,0.070428769,EAST GARFIELD PARK,53.88322084
2020,1088,17031271300,Census Tract 2713,1122,271300,27,1.0,18075,0.062074689,EAST GARFIELD PARK,53.88322084
2020,1099,17031271400,Census Tract 2714,1228,271400,27,1.0,18075,0.067939142,EAST GARFIELD PARK,53.88322084
2020,944,17031350100,Census Tract 3501,2562,350100,35,1.0,21450,0.119440559,DOUGLAS,46.00462115
2020,2009,17031350400,Census Tract 3504,2018,350400,35,1.0,21450,0.094079254,DOUGLAS,46.00462115
2020,2569,17031351000,Census Tract 3510,3197,351000,35,1.0,21450,0.149044289,DOUGLAS,46.00462115
2020,1562,17031351400,Census Tract 3514,1778,351400,35,1.0,21450,0.082890443,DOUGLAS,46.00462115
2020,1298,17031360200,Census Tract 3602,1456,360200,36,1.0,6973,0.208805392,OAKLAND,16.91396104
2020,2709,17031430400,Census Tract 4304,2893,430400,43,1.0,51992,0.055643176,SOUTH SHORE,81.81271638
2020,2106,17031430600,Census Tract 4306,2222,430600,43,1.0,51992,0.042737344,SOUTH SHORE,81.81271638
2020,1862,17031430800,Census Tract 4308,1888,430800,43,1.0,51992,0.036313279,SOUTH SHORE,81.81271638
2020,3370,17031430500,Census Tract 4305,3427,430500,43,1.0,51992,0.065913987,SOUTH SHORE,81.81271638
2020,1497,17031430900,Census Tract 4309,1526,430900,43,1.0,51992,0.029350669,SOUTH SHORE,81.81271638
2020,340,17031610300,Census Tract 6103,5803,610300,61,1.0,39055,0.148585328,NEW CITY,134.6369632
2020,2218,17031681000,Census Tract 6810,2307,681000,68,1.0,22019,0.10477315,ENGLEWOOD,85.65232307
2020,2373,17031681100,Census Tract 6811,2381,681100,68,1.0,22019,0.108133884,ENGLEWOOD,85.65232307
2020,799,17031680500,Census Tract 6805,1050,680500,68,1.0,22019,0.047686089,ENGLEWOOD,85.65232307
2020,3031,17031680900,Census Tract 6809,3317,680900,68,1.0,22019,0.150642627,ENGLEWOOD,85.65232307
2020,872,17031720100,Census Tract 7201,3357,720100,72,1.0,19817,0.16940001,BEVERLY,88.77936392
2020,1984,17031720200,Census Tract 7202,3938,720200,72,1.0,19817,0.198718272,BEVERLY,88.77936392
2020,1357,17031720300,Census Tract 7203,3930,720300,72,1.0,19817,0.198314578,BEVERLY,88.77936392
2020,100,17031720400,Census Tract 7204,1819,720400,72,1.0,19817,0.091789877,BEVERLY,88.77936392
2020,34,17031720500,Census Tract 7205,1846,720500,72,1.0,19817,0.093152344,BEVERLY,88.77936392
2020,614,17031720600,Census Tract 7206,1819,720600,72,1.0,19817,0.091789877,BEVERLY,88.77936392
2020,2210,17031720700,Census Tract 7207,3108,720700,72,1.0,19817,0.156835041,BEVERLY,88.77936392
2020,289,17031040600,Census Tract 406,2635,40600,4,1.0,41350,0.063724305,LINCOLN SQUARE,71.35232823
2020,79,17031040700,Census Tract 407,3320,40700,4,1.0,41350,0.080290206,LINCOLN SQUARE,71.35232823
2020,72,17031040800,Census Tract 408,1629,40800,4,1.0,41350,0.039395405,LINCOLN SQUARE,71.35232823
2020,1818,17031380100,Census Tract 3801,1913,380100,38,1.0,23669,0.080823017,GRAND BOULEVARD,48.49250315
2020,1595,17031380200,Census Tract 3802,1642,380200,38,1.0,23669,0.069373442,GRAND BOULEVARD,48.49250315
2020,2568,17031431200,Census Tract 4312,2589,431200,43,1.0,51992,0.049796122,SOUTH SHORE,81.81271638
2020,6461,17031431400,Census Tract 4314,7068,431400,43,1.0,51992,0.135943991,SOUTH SHORE,81.81271638
2020,113,17031050100,Census Tract 501,2832,50100,5,1.0,36142,0.07835759,NORTH CENTER,57.05416784
2020,0,17031610800,Census Tract 6108,1533,610800,61,1.0,39055,0.039252336,NEW CITY,134.6369632
2020,142,17031611300,Census Tract 6113,2832,611300,61,1.0,39055,0.072513123,NEW CITY,134.6369632
2020,40,17031611400,Census Tract 6114,2936,611400,61,1.0,39055,0.075176034,NEW CITY,134.6369632
2020,337,17031611500,Census Tract 6115,3104,611500,61,1.0,39055,0.07947766,NEW CITY,134.6369632
2020,980,17031611900,Census Tract 6119,1545,611900,61,1.0,39055,0.039559595,NEW CITY,134.6369632
2020,2099,17031681200,Census Tract 6812,2254,681200,68,1.0,22019,0.102366138,ENGLEWOOD,85.65232307
2020,2474,17031691200,Census Tract 6912,2483,691200,69,1.0,29429,0.084372558,GREATER GRAND CROSSING,98.85316769
2020,2391,17031691100,Census Tract 6911,2477,691100,69,1.0,29429,0.084168677,GREATER GRAND CROSSING,98.85316769
2020,2704,17031730100,Census Tract 7301,2775,730100,73,1.0,26940,0.103006682,WASHINGTON HEIGHTS,79.63575286
2020,971,17031730300,Census Tract 7303,983,730300,73,1.0,26940,0.036488493,WASHINGTON HEIGHTS,79.63575286
2020,4057,17031730400,Census Tract 7304,4284,730400,73,1.0,26940,0.159020045,WASHINGTON HEIGHTS,79.63575286
2020,4353,17031730500,Census Tract 7305,4367,730500,73,1.0,26940,0.162100965,WASHINGTON HEIGHTS,79.63575286
2020,3924,17031730600,Census Tract 7306,4013,730600,73,1.0,26940,0.148960653,WASHINGTON HEIGHTS,79.63575286
2020,1924,17031381200,Census Tract 3812,1980,381200,38,1.0,23669,0.083653724,GRAND BOULEVARD,48.49250315
2020,1345,17031381400,Census Tract 3814,1559,381400,38,1.0,23669,0.065866746,GRAND BOULEVARD,48.49250315
2020,0,17031381700,Census Tract 3817,0,381700,38,1.0,23669,0.0,GRAND BOULEVARD,48.49250315
2020,4569,17031440300,Census Tract 4403,4572,440300,44,1.0,31363,0.145776871,CHATHAM,82.3206703
2020,1063,17031612000,Census Tract 6120,1190,612000,61,1.0,39055,0.03046985,NEW CITY,134.6369632
2020,835,17031612100,Census Tract 6121,999,612100,61,1.0,39055,0.025579311,NEW CITY,134.6369632
2020,0,17031620100,Census Tract 6201,4532,620100,62,1.0,18523,0.24466879,WEST ELSDON,32.71109142
2020,12,17031620200,Census Tract 6202,1982,620200,62,1.0,18523,0.107002105,WEST ELSDON,32.71109142
2020,92,17031620300,Census Tract 6203,7322,620300,62,1.0,18523,0.395292339,WEST ELSDON,32.71109142
2020,47,17031620400,Census Tract 6204,4687,620400,62,1.0,18523,0.253036765,WEST ELSDON,32.71109142
2020,2363,17031730700,Census Tract 7307,2394,730700,73,1.0,26940,0.088864143,WASHINGTON HEIGHTS,79.63575286
2020,34,17031740100,Census Tract 7401,2962,740100,74,1.0,18840,0.157218684,MOUNT GREENWOOD,75.58429001
2020,251,17031740200,Census Tract 7402,6573,740200,74,1.0,18840,0.34888535,MOUNT GREENWOOD,75.58429001
2020,61,17031740300,Census Tract 7403,4865,740300,74,1.0,18840,0.258227176,MOUNT GREENWOOD,75.58429001
2020,461,17031740400,Census Tract 7404,4440,740400,74,1.0,18840,0.23566879,MOUNT GREENWOOD,75.58429001
2020,1014,17031381800,Census Tract 3818,1149,381800,38,1.0,23669,0.04854451,GRAND BOULEVARD,48.49250315
2020,1219,17031381900,Census Tract 3819,1300,381900,38,1.0,23669,0.054924162,GRAND BOULEVARD,48.49250315
2020,1276,17031390100,Census Tract 3901,1587,390100,39,1.0,17972,0.088304028,KENWOOD,29.07174192
2020,1427,17031390200,Census Tract 3902,2174,390200,39,1.0,17972,0.120965947,KENWOOD,29.07174192
2020,2543,17031390300,Census Tract 3903,3002,390300,39,1.0,17972,0.167037614,KENWOOD,29.07174192
2020,2013,17031390400,Census Tract 3904,2324,390400,39,1.0,17972,0.129312264,KENWOOD,29.07174192
2020,1003,17031390500,Census Tract 3905,1616,390500,39,1.0,17972,0.08991765,KENWOOD,29.07174192
2020,804,17031390600,Census Tract 3906,1714,390600,39,1.0,17972,0.095370576,KENWOOD,29.07174192
2020,3465,17031390700,Census Tract 3907,5555,390700,39,1.0,17972,0.309091921,KENWOOD,29.07174192
2020,1743,17031440600,Census Tract 4406,1759,440600,44,1.0,31363,0.056085196,CHATHAM,82.3206703
2020,2508,17031440900,Census Tract 4409,2510,440900,44,1.0,31363,0.080030609,CHATHAM,82.3206703
2020,1379,17031440700,Census Tract 4407,1392,440700,44,1.0,31363,0.044383509,CHATHAM,82.3206703
2020,1842,17031440800,Census Tract 4408,1927,440800,44,1.0,31363,0.061441826,CHATHAM,82.3206703
2020,140,17031630300,Census Tract 6303,5178,630300,63,1.0,35300,0.146685552,GAGE PARK,61.2848961
2020,19,17031630500,Census Tract 6305,5879,630500,63,1.0,35300,0.166543909,GAGE PARK,61.2848961
2020,123,17031630800,Census Tract 6308,6302,630800,63,1.0,35300,0.178526912,GAGE PARK,61.2848961
2020,384,17031630900,Census Tract 6309,4401,630900,63,1.0,35300,0.124674221,GAGE PARK,61.2848961
2020,42,17031640100,Census Tract 6401,1502,640100,64,1.0,24382,0.061602822,CLEARING,71.14519237
2020,228,17031640300,Census Tract 6403,6575,640300,64,1.0,24382,0.269666147,CLEARING,71.14519237
2020,3315,17031750100,Census Tract 7501,3680,750100,75,1.0,20526,0.17928481,MORGAN PARK,91.87734068
2020,1757,17031750200,Census Tract 7502,2700,750200,75,1.0,20526,0.131540485,MORGAN PARK,91.87734068
2020,143,17031750300,Census Tract 7503,2523,750300,75,1.0,20526,0.122917276,MORGAN PARK,91.87734068
2020,813,17031750400,Census Tract 7504,2883,750400,75,1.0,20526,0.140456007,MORGAN PARK,91.87734068
2020,3973,17031750500,Census Tract 7505,5355,750500,75,1.0,20526,0.260888629,MORGAN PARK,91.87734068
2020,799,17031282700,Census Tract 2827,2042,282700,28,1.0,62816,0.032507641,NEAR WEST SIDE,158.4924665
2020,303,17031282800,Census Tract 2828,1627,282800,28,1.0,62816,0.025901044,NEAR WEST SIDE,158.4924665
2020,1242,17031400300,Census Tract 4003,1274,400300,40,1.0,10427,0.122182795,WASHINGTON PARK,42.37388148
2020,2076,17031400500,Census Tract 4005,2110,400500,40,1.0,10427,0.20235926,WASHINGTON PARK,42.37388148
2020,2016,17031400800,Census Tract 4008,2166,400800,40,1.0,10427,0.207729932,WASHINGTON PARK,42.37388148
2020,894,17031410100,Census Tract 4101,2148,410100,41,1.0,27722,0.077483587,HYDE PARK,45.10538016
2020,1042,17031410500,Census Tract 4105,2728,410500,41,1.0,27722,0.098405598,HYDE PARK,45.10538016
2020,529,17031410600,Census Tract 4106,2483,410600,41,1.0,27722,0.089567852,HYDE PARK,45.10538016
2020,2207,17031460100,Census Tract 4601,2784,460100,46,1.0,29977,0.092871201,SOUTH CHICAGO,93.27218499
2020,3251,17031450300,Census Tract 4503,3335,450300,45,1.0,9629,0.346349569,AVALON PARK,34.85273773
2020,543,17031460200,Census Tract 4602,2242,460200,46,1.0,29977,0.074790673,SOUTH CHICAGO,93.27218499
2020,290,17031640400,Census Tract 6404,3361,640400,64,1.0,24382,0.137847592,CLEARING,71.14519237
2020,57,17031640500,Census Tract 6405,3864,640500,64,1.0,24382,0.158477565,CLEARING,71.14519237
2020,112,17031640600,Census Tract 6406,4123,640600,64,1.0,24382,0.169100156,CLEARING,71.14519237
2020,53,17031640700,Census Tract 6407,3275,640700,64,1.0,24382,0.1343204,CLEARING,71.14519237
2020,47,17031640800,Census Tract 6408,1682,640800,64,1.0,24382,0.068985317,CLEARING,71.14519237
2020,55,17031650100,Census Tract 6501,4375,650100,65,1.0,32162,0.136030098,WEST LAWN,82.31530167
2020,89,17031650200,Census Tract 6502,7290,650200,65,1.0,32162,0.226665008,WEST LAWN,82.31530167
2020,3284,17031750600,Census Tract 7506,3385,750600,75,1.0,20526,0.164912794,MORGAN PARK,91.87734068
2020,1009,17031283100,Census Tract 2831,3091,283100,28,1.0,62816,0.049207208,NEAR WEST SIDE,158.4924665
2020,1745,17031283800,Census Tract 2838,3670,283800,28,1.0,62816,0.058424605,NEAR WEST SIDE,158.4924665
2020,568,17031410700,Census Tract 4107,2227,410700,41,1.0,27722,0.080333309,HYDE PARK,45.10538016
2020,683,17031410800,Census Tract 4108,2920,410800,41,1.0,27722,0.105331506,HYDE PARK,45.10538016
2020,810,17031410900,Census Tract 4109,3395,410900,41,1.0,27722,0.122465912,HYDE PARK,45.10538016
2020,1376,17031411000,Census Tract 4110,3428,411000,41,1.0,27722,0.123656302,HYDE PARK,45.10538016
2020,207,17031411100,Census Tract 4111,2254,411100,41,1.0,27722,0.081307265,HYDE PARK,45.10538016
2020,173,17031411200,Census Tract 4112,1678,411200,41,1.0,27722,0.060529543,HYDE PARK,45.10538016
2020,3484,17031460400,Census Tract 4604,3492,460400,46,1.0,29977,0.116489308,SOUTH CHICAGO,93.27218499
2020,6073,17031460500,Census Tract 4605,6093,460500,46,1.0,29977,0.203255829,SOUTH CHICAGO,93.27218499
2020,836,17031461000,Census Tract 4610,1361,461000,46,1.0,29977,0.045401474,SOUTH CHICAGO,93.27218499
2020,1451,17031420100,Census Tract 4201,1526,420100,42,1.0,23251,0.065631586,WOODLAWN,57.8151795
2020,1103,17031420200,Census Tract 4202,1626,420200,42,1.0,23251,0.069932476,WOODLAWN,57.8151795
2020,608,17031420400,Census Tract 4204,1084,420400,42,1.0,23251,0.046621651,WOODLAWN,57.8151795
2020,2319,17031420700,Census Tract 4207,2452,420700,42,1.0,23251,0.10545783,WOODLAWN,57.8151795
2020,2608,17031420800,Census Tract 4208,2681,420800,42,1.0,23251,0.115306869,WOODLAWN,57.8151795
2020,2006,17031470100,Census Tract 4701,2180,470100,47,1.0,2180,1.0,BURNSIDE,16.99598327
2020,2043,17031480100,Census Tract 4801,2064,480100,48,1.0,12343,0.167220287,CALUMET HEIGHTS,48.82624156
2020,859,17031480200,Census Tract 4802,930,480200,48,1.0,12343,0.07534635,CALUMET HEIGHTS,48.82624156
2020,1091,17031480300,Census Tract 4803,1133,480300,48,1.0,12343,0.091792919,CALUMET HEIGHTS,48.82624156
2020,5248,17031480400,Census Tract 4804,5309,480400,48,1.0,12343,0.430122337,CALUMET HEIGHTS,48.82624156
2020,167,17031650400,Census Tract 6504,6657,650400,65,1.0,32162,0.206983397,WEST LAWN,82.31530167
2020,530,17031650500,Census Tract 6505,4547,650500,65,1.0,32162,0.141378024,WEST LAWN,82.31530167
2020,87,17031660400,Census Tract 6604,5270,660400,66,1.0,51243,0.102843315,CHICAGO LAWN,98.2794651
2020,3596,17031290900,Census Tract 2909,3611,290900,29,1.0,31310,0.115330565,NORTH LAWNDALE,89.48742201
2020,1897,17031291200,Census Tract 2912,1959,291200,29,1.0,31310,0.06256787,NORTH LAWNDALE,89.48742201
2020,1050,17031421200,Census Tract 4212,1133,421200,42,1.0,23251,0.048729087,WOODLAWN,57.8151795
2020,1357,17031271500,Census Tract 2715,1531,271500,27,1.0,18075,0.084702628,EAST GARFIELD PARK,53.88322084
2020,2314,17031292200,Census Tract 2922,2527,292200,29,1.0,31310,0.080709039,NORTH LAWNDALE,89.48742201
2020,1747,17031292400,Census Tract 2924,2189,292400,29,1.0,31310,0.069913766,NORTH LAWNDALE,89.48742201
2020,3142,17031292500,Census Tract 2925,3588,292500,29,1.0,31310,0.114595976,NORTH LAWNDALE,89.48742201
2020,431,17031271800,Census Tract 2718,459,271800,27,1.0,18075,0.025394191,EAST GARFIELD PARK,53.88322084
2020,217,17031280100,Census Tract 2801,6725,280100,28,1.0,62816,0.107058711,NEAR WEST SIDE,158.4924665
2020,1027,17031280400,Census Tract 2804,1371,280400,28,1.0,62816,0.02182565,NEAR WEST SIDE,158.4924665
2020,396,17031300600,Census Tract 3006,2757,300600,30,1.0,70235,0.039253933,SOUTH LAWNDALE,127.9982978
2020,156,17031300700,Census Tract 3007,4572,300700,30,1.0,70235,0.06509575,SOUTH LAWNDALE,127.9982978
2020,81,17031301100,Census Tract 3011,2148,301100,30,1.0,70235,0.030583043,SOUTH LAWNDALE,127.9982978
2020,899,17031301200,Census Tract 3012,4654,301200,30,1.0,70235,0.066263259,SOUTH LAWNDALE,127.9982978
2020,2473,17031480500,Census Tract 4805,2907,480500,48,1.0,12343,0.235518107,CALUMET HEIGHTS,48.82624156
2020,1954,17031490500,Census Tract 4905,2025,490500,49,1.0,39623,0.05110668,ROSELAND,134.3137067
2020,346,17031520200,Census Tract 5202,3039,520200,52,1.0,22999,0.13213618,EAST SIDE,83.24172803
2020,115,17031520300,Census Tract 5203,5528,520300,52,1.0,22999,0.240358276,EAST SIDE,83.24172803
2020,51,17031520400,Census Tract 5204,4278,520400,52,1.0,22999,0.186008087,EAST SIDE,83.24172803
2020,286,17031520500,Census Tract 5205,5208,520500,52,1.0,22999,0.226444628,EAST SIDE,83.24172803
2020,8,17031520600,Census Tract 5206,2727,520600,52,1.0,22999,0.118570373,EAST SIDE,83.24172803
2020,259,17031660500,Census Tract 6605,4481,660500,66,1.0,51243,0.08744609,CHICAGO LAWN,98.2794651
2020,2128,17031660600,Census Tract 6606,5377,660600,66,1.0,51243,0.104931405,CHICAGO LAWN,98.2794651
2020,1359,17031660700,Census Tract 6607,1525,660700,66,1.0,51243,0.029760162,CHICAGO LAWN,98.2794651
2020,2860,17031660800,Census Tract 6608,5503,660800,66,1.0,51243,0.107390278,CHICAGO LAWN,98.2794651
2020,3988,17031660900,Census Tract 6609,4883,660900,66,1.0,51243,0.095291064,CHICAGO LAWN,98.2794651
2020,4371,17031661000,Census Tract 6610,5692,661000,66,1.0,51243,0.111078586,CHICAGO LAWN,98.2794651
2020,659,17031280900,Census Tract 2809,782,280900,28,1.0,62816,0.012449058,NEAR WEST SIDE,158.4924665
2020,123,17031301600,Census Tract 3016,3754,301600,30,1.0,70235,0.053449135,SOUTH LAWNDALE,127.9982978
2020,1322,17031490600,Census Tract 4906,1482,490600,49,1.0,39623,0.037402519,ROSELAND,134.3137067
2020,2785,17031490700,Census Tract 4907,2785,490700,49,1.0,39623,0.070287459,ROSELAND,134.3137067
2020,3849,17031490800,Census Tract 4908,3947,490800,49,1.0,39623,0.099613861,ROSELAND,134.3137067
2020,3493,17031491000,Census Tract 4910,3562,491000,49,1.0,39623,0.089897282,ROSELAND,134.3137067
2020,3979,17031491100,Census Tract 4911,4175,491100,49,1.0,39623,0.105368094,ROSELAND,134.3137067
2020,3921,17031530200,Census Tract 5302,4185,530200,53,1.0,26484,0.158019937,WEST PULLMAN,99.36519806
2020,3728,17031530300,Census Tract 5303,3794,530300,53,1.0,26484,0.143256306,WEST PULLMAN,99.36519806
2020,2067,17031530400,Census Tract 5304,2174,530400,53,1.0,26484,0.082087298,WEST PULLMAN,99.36519806
2020,2354,17031530600,Census Tract 5306,2368,530600,53,1.0,26484,0.089412475,WEST PULLMAN,99.36519806
2020,241,17031560100,Census Tract 5601,1314,560100,56,1.0,36049,0.036450387,GARFIELD RIDGE,117.8907784
2020,923,17031670200,Census Tract 6702,970,670200,67,1.0,26158,0.037082346,WEST ENGLEWOOD,87.94769193
2020,963,17031670300,Census Tract 6703,1209,670300,67,1.0,26158,0.04621913,WEST ENGLEWOOD,87.94769193
2020,1440,17031670400,Census Tract 6704,1693,670400,67,1.0,26158,0.064722074,WEST ENGLEWOOD,87.94769193
2020,2932,17031661100,Census Tract 6611,6881,661100,66,1.0,51243,0.134281756,CHICAGO LAWN,98.2794651
2020,724,17031670100,Census Tract 6701,978,670100,67,1.0,26158,0.03738818,WEST ENGLEWOOD,87.94769193
2020,785,17031670600,Census Tract 6706,972,670600,67,1.0,26158,0.037158804,WEST ENGLEWOOD,87.94769193
2020,667,17031670700,Census Tract 6707,1130,670700,67,1.0,26158,0.043199021,WEST ENGLEWOOD,87.94769193
2020,989,17031670800,Census Tract 6708,1012,670800,67,1.0,26158,0.038687973,WEST ENGLEWOOD,87.94769193
2020,1220,17031670900,Census Tract 6709,1337,670900,67,1.0,26158,0.05111247,WEST ENGLEWOOD,87.94769193
2020,1226,17031260900,Census Tract 2609,1419,260900,26,1.0,16489,0.086057372,WEST GARFIELD PARK,36.09284881
2020,2170,17031261000,Census Tract 2610,2271,261000,26,1.0,16489,0.137728182,WEST GARFIELD PARK,36.09284881
2020,267,17031281900,Census Tract 2819,6487,281900,28,1.0,62816,0.103269868,NEAR WEST SIDE,158.4924665
2020,65,17031310200,Census Tract 3102,1697,310200,31,1.0,32672,0.0519405,LOWER WEST SIDE,81.55072362
2020,144,17031310300,Census Tract 3103,1891,310300,31,1.0,32672,0.057878306,LOWER WEST SIDE,81.55072362
2020,61,17031310400,Census Tract 3104,1061,310400,31,1.0,32672,0.03247429,LOWER WEST SIDE,81.55072362
2020,0,17031310500,Census Tract 3105,1434,310500,31,1.0,32672,0.043890793,LOWER WEST SIDE,81.55072362
2020,1772,17031491200,Census Tract 4912,1962,491200,49,1.0,39623,0.049516695,ROSELAND,134.3137067
2020,2399,17031491300,Census Tract 4913,2436,491300,49,1.0,39623,0.061479444,ROSELAND,134.3137067
2020,3338,17031491400,Census Tract 4914,3455,491400,49,1.0,39623,0.08719683,ROSELAND,134.3137067
2020,3219,17031500100,Census Tract 5001,3282,500100,50,1.0,7131,0.460244005,PULLMAN,59.00155559
2020,2105,17031500200,Census Tract 5002,2140,500200,50,1.0,7131,0.300098163,PULLMAN,59.00155559
2020,609,17031500300,Census Tract 5003,1709,500300,50,1.0,7131,0.239657832,PULLMAN,59.00155559
2020,990,17031560200,Census Tract 5602,1560,560200,56,1.0,36049,0.043274432,GARFIELD RIDGE,117.8907784
2020,93,17031560300,Census Tract 5603,3102,560300,56,1.0,36049,0.086049544,GARFIELD RIDGE,117.8907784
2020,154,17031560700,Census Tract 5607,3656,560700,56,1.0,36049,0.101417515,GARFIELD RIDGE,117.8907784
2020,279,17031560800,Census Tract 5608,5873,560800,56,1.0,36049,0.162917141,GARFIELD RIDGE,117.8907784
2020,1,17031560900,Census Tract 5609,5299,560900,56,1.0,36049,0.146994369,GARFIELD RIDGE,117.8907784
2020,15,17031561000,Census Tract 5610,5999,561000,56,1.0,36049,0.166412383,GARFIELD RIDGE,117.8907784
2020,1053,17031030101,Census Tract 301.01,3791,30101,77,1.0,58693,0.064590326,EDGEWATER,48.44999083
2020,508,17031030701,Census Tract 307.01,1528,30701,77,1.0,58693,0.026033769,EDGEWATER,48.44999083
2020,39,17031070103,Census Tract 701.03,1469,70103,7,1.0,69568,0.02111603,LINCOLN PARK,88.31640046
2020,127,17031831900,Census Tract 8319,3384,831900,6,1.0,101428,0.033363568,LAKE VIEW,87.21479926
2020,0,17031832600,Census Tract 8326,4022,832600,7,1.0,69568,0.057813937,LINCOLN PARK,88.31640046
2020,932,17031836900,Census Tract 8369,1120,836900,27,1.0,18075,0.061964039,EAST GARFIELD PARK,53.88322084
2020,281,17031841200,Census Tract 8412,4682,841200,31,1.0,32672,0.143303134,LOWER WEST SIDE,81.55072362
2020,958,17031839500,Census Tract 8395,1588,839500,35,1.0,21450,0.074032634,DOUGLAS,46.00462115
2020,1597,17031835800,Census Tract 8358,1798,835800,38,1.0,23669,0.075964342,GRAND BOULEVARD,48.49250315
2020,1853,17031838800,Census Tract 8388,3033,838800,51,1.0,15144,0.200277338,SOUTH DEERING,303.7970596
2020,449,17031842300,Census Tract 8423,3123,842300,24,1.0,84564,0.036930609,WEST TOWN,127.5629046
2020,1173,17031841900,Census Tract 8419,6391,841900,28,1.0,62816,0.101741594,NEAR WEST SIDE,158.4924665
2020,160,17031843200,Census Tract 8432,2251,843200,31,1.0,32672,0.068896915,LOWER WEST SIDE,81.55072362
2020,964,17031843400,Census Tract 8434,1379,843400,29,1.0,31310,0.044043437,NORTH LAWNDALE,89.48742201
2020,333,17031842600,Census Tract 8426,4155,842600,61,1.0,39055,0.106388427,NEW CITY,134.6369632
2020,17,17031301803,Census Tract 3018.03,3547,301803,30,1.0,70235,0.050501887,SOUTH LAWNDALE,127.9982978
2020,1892,17031010300,Census Tract 103,6135,10300,1,1.0,55643,0.110256456,ROGERS PARK,51.25990244
2020,992,17031010400,Census Tract 104,5193,10400,1,1.0,55643,0.093327103,ROGERS PARK,51.25990244
2020,1422,17031010600,Census Tract 106,6363,10600,1,1.0,55643,0.114354007,ROGERS PARK,51.25990244
2020,1660,17031020100,Census Tract 201,3742,20100,2,1.0,78763,0.047509617,WEST RIDGE,98.42909484
2020,655,17031280800,Census Tract 2808,809,280800,28,1.0,62816,0.012878884,NEAR WEST SIDE,158.4924665
2020,1075,17031420300,Census Tract 4203,2665,420300,42,1.0,23251,0.114618726,WOODLAWN,57.8151795
2020,244,17031100200,Census Tract 1002,6755,100200,10,1.0,38088,0.177352447,NORWOOD PARK,121.9591054
2020,628,17031020200,Census Tract 202,6980,20200,2,1.0,78763,0.088620291,WEST RIDGE,98.42909484
2020,45,17031130200,Census Tract 1302,1658,130200,13,1.0,18806,0.088163352,NORTH PARK,70.28870642
2020,954,17031020400,Census Tract 204,4011,20400,2,1.0,78763,0.050924927,WEST RIDGE,98.42909484
2020,89,17031080202,Census Tract 802.02,3321,80202,8,1.0,95405,0.034809496,NEAR NORTH SIDE,76.67589596
2020,42,17031240200,Census Tract 2402,1713,240200,24,1.0,84564,0.020256847,WEST TOWN,127.5629046
2020,1427,17031611800,Census Tract 6118,2247,611800,61,1.0,39055,0.057534247,NEW CITY,134.6369632
2020,57,17031060200,Census Tract 602,2191,60200,6,1.0,101428,0.02160153,LAKE VIEW,87.21479926
2020,310,17031221200,Census Tract 2212,3148,221200,22,1.0,71247,0.044184317,LOGAN SQUARE,100.0575667
2020,54,17031061200,Census Tract 612,2161,61200,6,1.0,101428,0.021305754,LAKE VIEW,87.21479926
2020,347,17031030200,Census Tract 302,5863,30200,77,1.0,58693,0.099892662,EDGEWATER,48.44999083
2020,737,17031030300,Census Tract 303,3722,30300,77,1.0,58693,0.063414717,EDGEWATER,48.44999083
2020,116,17031030400,Census Tract 304,2606,30400,77,1.0,58693,0.044400525,EDGEWATER,48.44999083
2020,256,17031030900,Census Tract 309,3053,30900,77,1.0,58693,0.052016424,EDGEWATER,48.44999083
2020,73,17031031000,Census Tract 310,3847,31000,3,1.0,59453,0.064706575,UPTOWN,65.09564272
2020,0,17031600600,Census Tract 6006,2998,600600,60,1.0,32901,0.09112185,BRIDGEPORT,58.29151927
2020,1887,17031420600,Census Tract 4206,1988,420600,42,1.0,23251,0.085501699,WOODLAWN,57.8151795
2020,120,17031110100,Census Tract 1101,5686,110100,11,1.0,27194,0.20909024,JEFFERSON PARK,64.86816167
2020,327,17031031400,Census Tract 314,4840,31400,3,1.0,59453,0.081408844,UPTOWN,65.09564272
2020,33,17031040900,Census Tract 409,1810,40900,4,1.0,41350,0.043772672,LINCOLN SQUARE,71.35232823
2020,244,17031050200,Census Tract 502,5594,50200,5,1.0,36142,0.154778374,NORTH CENTER,57.05416784
2020,16,17031050300,Census Tract 503,2550,50300,5,1.0,36142,0.070555033,NORTH CENTER,57.05416784
2020,170,17031071700,Census Tract 717,1622,71700,7,1.0,69568,0.023315317,LINCOLN PARK,88.31640046
2020,110,17031031800,Census Tract 318,1976,31800,3,1.0,59453,0.033236338,UPTOWN,65.09564272
2020,1278,17031031700,Census Tract 317,6809,31700,3,1.0,59453,0.114527442,UPTOWN,65.09564272
2020,59,17031610400,Census Tract 6104,1812,610400,61,1.0,39055,0.046396108,NEW CITY,134.6369632
2020,0,17031050600,Census Tract 506,2178,50600,5,1.0,36142,0.060262299,NORTH CENTER,57.05416784
2020,24,17031050500,Census Tract 505,5911,50500,5,1.0,36142,0.163549333,NORTH CENTER,57.05416784
2020,162,17031071600,Census Tract 716,1975,71600,7,1.0,69568,0.028389489,LINCOLN PARK,88.31640046
2020,825,17031671400,Census Tract 6714,1177,671400,67,1.0,26158,0.044995795,WEST ENGLEWOOD,87.94769193
2020,44,17031062300,Census Tract 623,1616,62300,6,1.0,101428,0.015932484,LAKE VIEW,87.21479926
2020,136,17031630400,Census Tract 6304,5869,630400,63,1.0,35300,0.166260623,GAGE PARK,61.2848961
2020,1737,17031010100,Census Tract 101,4644,10100,1,1.0,55643,0.083460633,ROGERS PARK,51.25990244
2020,1249,17031680600,Census Tract 6806,1254,680600,68,1.0,22019,0.056950815,ENGLEWOOD,85.65232307
2020,591,17031030500,Census Tract 305,6870,30500,77,1.0,58693,0.117049733,EDGEWATER,48.44999083
2020,1057,17031020500,Census Tract 205,6744,20500,2,1.0,78763,0.08562396,WEST RIDGE,98.42909484
2020,295,17031081300,Census Tract 813,5726,81300,8,1.0,95405,0.060017819,NEAR NORTH SIDE,76.67589596
2020,1208,17031081000,Census Tract 810,8078,81000,8,1.0,95405,0.084670615,NEAR NORTH SIDE,76.67589596
2020,70,17031130100,Census Tract 1301,5279,130100,13,1.0,18806,0.280708285,NORTH PARK,70.28870642
2020,183,17031170200,Census Tract 1702,3789,170200,17,1.0,43587,0.086929589,DUNNING,103.5950012
2020,51,17031170300,Census Tract 1703,5536,170300,17,1.0,43587,0.127010347,DUNNING,103.5950012
2020,197,17031170400,Census Tract 1704,4061,170400,17,1.0,43587,0.093169982,DUNNING,103.5950012
2020,0,17031170500,Census Tract 1705,5339,170500,17,1.0,43587,0.122490651,DUNNING,103.5950012
2020,47,17031170600,Census Tract 1706,2363,170600,17,1.0,43587,0.054213412,DUNNING,103.5950012
2020,25,17031170700,Census Tract 1707,3309,170700,17,1.0,43587,0.075917131,DUNNING,103.5950012
2020,416,17031170800,Census Tract 1708,4088,170800,17,1.0,43587,0.093789433,DUNNING,103.5950012
2020,3115,17031251400,Census Tract 2514,3894,251400,25,1.0,95073,0.040958001,AUSTIN,199.2542034
2020,1580,17031260300,Census Tract 2603,1777,260300,26,1.0,16489,0.107768816,WEST GARFIELD PARK,36.09284881
2020,1699,17031260500,Census Tract 2605,1733,260500,26,1.0,16489,0.10510037,WEST GARFIELD PARK,36.09284881
2020,2024,17031260600,Census Tract 2606,2097,260600,26,1.0,16489,0.127175693,WEST GARFIELD PARK,36.09284881
2020,1562,17031260700,Census Tract 2607,1633,260700,26,1.0,16489,0.099035721,WEST GARFIELD PARK,36.09284881
2020,2181,17031260800,Census Tract 2608,2328,260800,26,1.0,16489,0.141185032,WEST GARFIELD PARK,36.09284881
2020,0,17031050700,Census Tract 507,1435,50700,5,1.0,36142,0.039704499,NORTH CENTER,57.05416784
2020,49,17031050900,Census Tract 509,1452,50900,5,1.0,36142,0.040174866,NORTH CENTER,57.05416784
2020,110,17031051000,Census Tract 510,1783,51000,5,1.0,36142,0.049333186,NORTH CENTER,57.05416784
2020,105,17031051100,Census Tract 511,1820,51100,5,1.0,36142,0.050356925,NORTH CENTER,57.05416784
2020,72,17031051200,Census Tract 512,1531,51200,5,1.0,36142,0.042360688,NORTH CENTER,57.05416784
2020,19,17031170900,Census Tract 1709,2000,170900,17,1.0,43587,0.045885241,DUNNING,103.5950012
2020,607,17031171000,Census Tract 1710,6951,171000,17,1.0,43587,0.159474155,DUNNING,103.5950012
2020,71,17031171100,Census Tract 1711,4113,171100,17,1.0,43587,0.094362998,DUNNING,103.5950012
2020,180,17031180100,Census Tract 1801,6330,180100,18,1.0,14382,0.4401335,MONTCLARE,27.57639363
2020,41,17031190100,Census Tract 1901,2470,190100,19,1.0,78788,0.031349952,BELMONT CRAGIN,109.0994147
2020,121,17031222200,Census Tract 2222,2203,222200,22,1.0,71247,0.0309206,LOGAN SQUARE,100.0575667
2020,87,17031222500,Census Tract 2225,1699,222500,22,1.0,71247,0.023846618,LOGAN SQUARE,100.0575667
2020,166,17031222600,Census Tract 2226,1615,222600,22,1.0,71247,0.022667621,LOGAN SQUARE,100.0575667
2020,3934,17031251500,Census Tract 2515,4601,251500,25,1.0,95073,0.048394392,AUSTIN,199.2542034
2020,3390,17031251600,Census Tract 2516,4300,251600,25,1.0,95073,0.045228403,AUSTIN,199.2542034
2020,981,17031251700,Census Tract 2517,1262,251700,25,1.0,95073,0.01327401,AUSTIN,199.2542034
2020,4670,17031251800,Census Tract 2518,5175,251800,25,1.0,95073,0.054431858,AUSTIN,199.2542034
2020,4357,17031251900,Census Tract 2519,4763,251900,25,1.0,95073,0.050098345,AUSTIN,199.2542034
2020,4768,17031252000,Census Tract 2520,4958,252000,25,1.0,95073,0.052149401,AUSTIN,199.2542034
2020,332,17031130300,Census Tract 1303,5617,130300,13,1.0,18806,0.298681272,NORTH PARK,70.28870642
2020,453,17031190200,Census Tract 1902,6162,190200,19,1.0,78788,0.07820988,BELMONT CRAGIN,109.0994147
2020,109,17031190300,Census Tract 1903,5568,190300,19,1.0,78788,0.070670661,BELMONT CRAGIN,109.0994147
2020,268,17031190800,Census Tract 1908,6949,190800,19,1.0,78788,0.08819871,BELMONT CRAGIN,109.0994147
2020,1050,17031260100,Census Tract 2601,1200,260100,26,1.0,16489,0.07277579,WEST GARFIELD PARK,36.09284881
2020,848,17031260200,Census Tract 2602,873,260200,26,1.0,16489,0.052944387,WEST GARFIELD PARK,36.09284881
2020,769,17031530100,Census Tract 5301,2089,530100,53,1.0,26484,0.078877813,WEST PULLMAN,99.36519806
2020,77,17031061800,Census Tract 618,1409,61800,6,1.0,101428,0.013891628,LAKE VIEW,87.21479926
2020,489,17031410200,Census Tract 4102,1466,410200,41,1.0,27722,0.052882187,HYDE PARK,45.10538016
2020,236,17031222900,Census Tract 2229,1045,222900,22,1.0,71247,0.014667284,LOGAN SQUARE,100.0575667
2020,160,17031241000,Census Tract 2410,1935,241000,24,1.0,84564,0.022882077,WEST TOWN,127.5629046
2020,304,17031190900,Census Tract 1909,2162,190900,19,1.0,78788,0.027440727,BELMONT CRAGIN,109.0994147
2020,154,17031191200,Census Tract 1912,4038,191200,19,1.0,78788,0.05125146,BELMONT CRAGIN,109.0994147
2020,262,17031200100,Census Tract 2001,3598,200100,20,1.0,23163,0.155333938,HERMOSA,32.6020594
2020,298,17031200200,Census Tract 2002,4768,200200,20,1.0,23163,0.20584553,HERMOSA,32.6020594
2020,226,17031200300,Census Tract 2003,1980,200300,20,1.0,23163,0.085481155,HERMOSA,32.6020594
2020,134,17031222700,Census Tract 2227,2379,222700,22,1.0,71247,0.03339088,LOGAN SQUARE,100.0575667
2020,316,17031230100,Census Tract 2301,1750,230100,23,1.0,54401,0.032168526,HUMBOLDT PARK,100.4808765
2020,244,17031230200,Census Tract 2302,2080,230200,23,1.0,54401,0.038234591,HUMBOLDT PARK,100.4808765
2020,57,17031230300,Census Tract 2303,878,230300,23,1.0,54401,0.016139409,HUMBOLDT PARK,100.4808765
2020,45,17031230400,Census Tract 2304,2325,230400,23,1.0,54401,0.042738185,HUMBOLDT PARK,100.4808765
2020,438,17031230500,Census Tract 2305,3074,230500,23,1.0,54401,0.056506314,HUMBOLDT PARK,100.4808765
2020,2268,17031351100,Census Tract 3511,2327,351100,35,1.0,21450,0.108484848,DOUGLAS,46.00462115
2020,625,17031611700,Census Tract 6117,1963,611700,61,1.0,39055,0.05026245,NEW CITY,134.6369632
2020,101,17031300500,Census Tract 3005,2793,300500,30,1.0,70235,0.039766498,SOUTH LAWNDALE,127.9982978
2020,420,17031381500,Census Tract 3815,433,381500,38,1.0,23669,0.018293971,GRAND BOULEVARD,48.49250315
2020,1767,17031420500,Census Tract 4205,1809,420500,42,1.0,23251,0.077803105,WOODLAWN,57.8151795
2020,123,17031081500,Census Tract 815,4645,81500,8,1.0,95405,0.048687176,NEAR NORTH SIDE,76.67589596
2020,91,17031081600,Census Tract 816,3986,81600,8,1.0,95405,0.041779781,NEAR NORTH SIDE,76.67589596
2020,210,17031081700,Census Tract 817,4377,81700,8,1.0,95405,0.045878099,NEAR NORTH SIDE,76.67589596
2020,297,17031081800,Census Tract 818,10974,81800,8,1.0,95405,0.115025418,NEAR NORTH SIDE,76.67589596
2020,288,17031081900,Census Tract 819,1051,81900,8,1.0,95405,0.011016194,NEAR NORTH SIDE,76.67589596
2020,139,17031222800,Census Tract 2228,972,222800,22,1.0,71247,0.01364268,LOGAN SQUARE,100.0575667
2020,225,17031050800,Census Tract 508,1527,50800,5,1.0,36142,0.042250014,NORTH CENTER,57.05416784
2020,121,17031210100,Census Tract 2101,4356,210100,21,1.0,37360,0.116595289,AVONDALE,55.29059546
2020,280,17031210400,Census Tract 2104,2351,210400,21,1.0,37360,0.062928266,AVONDALE,55.29059546
2020,558,17031230700,Census Tract 2307,6349,230700,23,1.0,54401,0.116707413,HUMBOLDT PARK,100.4808765
2020,95,17031230800,Census Tract 2308,1170,230800,23,1.0,54401,0.021506958,HUMBOLDT PARK,100.4808765
2020,634,17031230900,Census Tract 2309,4483,230900,23,1.0,54401,0.082406573,HUMBOLDT PARK,100.4808765
2020,129,17031550200,Census Tract 5502,2591,550200,55,1.0,9175,0.28239782,HEGEWISCH,145.9657414
2020,728,17031670500,Census Tract 6705,944,670500,67,1.0,26158,0.036088386,WEST ENGLEWOOD,87.94769193
2020,0,17031580800,Census Tract 5808,2206,580800,58,1.0,42728,0.051628908,BRIGHTON PARK,75.8927903
2020,1378,17031230600,Census Tract 2306,7302,230600,23,1.0,54401,0.134225474,HUMBOLDT PARK,100.4808765
2020,46,17031242300,Census Tract 2423,3394,242300,24,1.0,84564,0.040135282,WEST TOWN,127.5629046
2020,265,17031242200,Census Tract 2422,3802,242200,24,1.0,84564,0.04496003,WEST TOWN,127.5629046
2020,823,17031032100,Census Tract 321,7166,32100,3,1.0,59453,0.120532185,UPTOWN,65.09564272
2020,0,17031300800,Census Tract 3008,3973,300800,30,1.0,70235,0.056567239,SOUTH LAWNDALE,127.9982978
2020,223,17031060900,Census Tract 609,6815,60900,6,1.0,101428,0.067190519,LAKE VIEW,87.21479926
2020,214,17031061000,Census Tract 610,2224,61000,6,1.0,101428,0.021926884,LAKE VIEW,87.21479926
2020,186,17031210700,Census Tract 2107,3911,210700,21,1.0,37360,0.104684154,AVONDALE,55.29059546
2020,58,17031291600,Census Tract 2916,912,291600,29,1.0,31310,0.029128074,NORTH LAWNDALE,89.48742201
2020,1891,17031400400,Census Tract 4004,1964,400400,40,1.0,10427,0.18835715,WASHINGTON PARK,42.37388148
2020,309,17031191100,Census Tract 1911,6701,191100,19,1.0,78788,0.085051023,BELMONT CRAGIN,109.0994147
2020,50,17031120100,Census Tract 1201,4515,120100,12,1.0,19928,0.226565636,FOREST GLEN,89.13089362
2020,375,17031611200,Census Tract 6112,2248,611200,61,1.0,39055,0.057559851,NEW CITY,134.6369632
2020,76,17031300900,Census Tract 3009,4016,300900,30,1.0,70235,0.057179469,SOUTH LAWNDALE,127.9982978
2020,71,17031061100,Census Tract 611,1431,61100,6,1.0,101428,0.01410853,LAKE VIEW,87.21479926
2020,98,17031061500,Census Tract 615,2051,61500,6,1.0,101428,0.020221241,LAKE VIEW,87.21479926
2020,150,17031062000,Census Tract 620,3057,62000,6,1.0,101428,0.030139606,LAKE VIEW,87.21479926
2020,119,17031062100,Census Tract 621,3710,62100,6,1.0,101428,0.036577671,LAKE VIEW,87.21479926
2020,61,17031062200,Census Tract 622,3252,62200,6,1.0,101428,0.032062152,LAKE VIEW,87.21479926
2020,110,17031090200,Census Tract 902,6166,90200,9,1.0,11002,0.560443556,EDISON PARK,31.63631378
2020,33,17031090100,Census Tract 901,3486,90100,9,1.0,11002,0.316851482,EDISON PARK,31.63631378
2020,1147,17031260400,Census Tract 2604,1158,260400,26,1.0,16489,0.070228637,WEST GARFIELD PARK,36.09284881
2020,369,17031351500,Census Tract 3515,713,351500,35,1.0,21450,0.033240093,DOUGLAS,46.00462115
2020,31,17031210800,Census Tract 2108,1131,210800,21,1.0,37360,0.030273019,AVONDALE,55.29059546
2020,315,17031210900,Census Tract 2109,3127,210900,21,1.0,37360,0.083699143,AVONDALE,55.29059546
2020,454,17031081100,Census Tract 811,4404,81100,8,1.0,95405,0.046161103,NEAR NORTH SIDE,76.67589596
2020,126,17031241200,Census Tract 2412,1775,241200,24,1.0,84564,0.020990019,WEST TOWN,127.5629046
2020,2123,17031031200,Census Tract 312,6235,31200,3,1.0,59453,0.104872757,UPTOWN,65.09564272
2020,27,17031062500,Census Tract 625,1580,62500,6,1.0,101428,0.015577553,LAKE VIEW,87.21479926
2020,47,17031062600,Census Tract 626,2438,62600,6,1.0,101428,0.024036755,LAKE VIEW,87.21479926
2020,106,17031062700,Census Tract 627,2972,62700,6,1.0,101428,0.029301574,LAKE VIEW,87.21479926
2020,59,17031062800,Census Tract 628,3443,62800,6,1.0,101428,0.033945262,LAKE VIEW,87.21479926
2020,138,17031062900,Census Tract 629,3759,62900,6,1.0,101428,0.037060772,LAKE VIEW,87.21479926
2020,180,17031063000,Census Tract 630,3506,63000,6,1.0,101428,0.034566392,LAKE VIEW,87.21479926
2020,106,17031062400,Census Tract 624,1510,62400,6,1.0,101428,0.014887408,LAKE VIEW,87.21479926
2020,16,17031063100,Census Tract 631,2309,63100,6,1.0,101428,0.022764917,LAKE VIEW,87.21479926
2020,392,17031063200,Census Tract 632,6285,63200,6,1.0,101428,0.061965138,LAKE VIEW,87.21479926
2020,157,17031063400,Census Tract 634,2628,63400,6,1.0,101428,0.025910005,LAKE VIEW,87.21479926
2020,0,17031090300,Census Tract 903,1350,90300,9,1.0,11002,0.122704963,EDISON PARK,31.63631378
2020,0,17031100100,Census Tract 1001,5746,100100,10,1.0,38088,0.150861164,NORWOOD PARK,121.9591054
2020,117,17031100300,Census Tract 1003,6343,100300,10,1.0,38088,0.166535392,NORWOOD PARK,121.9591054
2020,503,17031140100,Census Tract 1401,3332,140100,14,1.0,49280,0.067613636,ALBANY PARK,53.54223081
2020,484,17031140200,Census Tract 1402,6634,140200,14,1.0,49280,0.134618506,ALBANY PARK,53.54223081
2020,95,17031140400,Census Tract 1404,5639,140400,14,1.0,49280,0.11442776,ALBANY PARK,53.54223081
2020,226,17031140500,Census Tract 1405,3782,140500,14,1.0,49280,0.07674513,ALBANY PARK,53.54223081
2020,309,17031242700,Census Tract 2427,1704,242700,24,1.0,84564,0.020150419,WEST TOWN,127.5629046
2020,253,17031070200,Census Tract 702,4260,70200,7,1.0,69568,0.061235051,LINCOLN PARK,88.31640046
2020,50,17031070300,Census Tract 703,3729,70300,7,1.0,69568,0.053602231,LINCOLN PARK,88.31640046
2020,136,17031070400,Census Tract 704,3277,70400,7,1.0,69568,0.047104991,LINCOLN PARK,88.31640046
2020,273,17031070500,Census Tract 705,3256,70500,7,1.0,69568,0.046803128,LINCOLN PARK,88.31640046
2020,29,17031070600,Census Tract 706,3305,70600,7,1.0,69568,0.047507475,LINCOLN PARK,88.31640046
2020,390,17031070700,Census Tract 707,3880,70700,7,1.0,69568,0.055772769,LINCOLN PARK,88.31640046
2020,2,17031100400,Census Tract 1004,3386,100400,10,1.0,38088,0.088899391,NORWOOD PARK,121.9591054
2020,49,17031100600,Census Tract 1006,4821,100600,10,1.0,38088,0.126575299,NORWOOD PARK,121.9591054
2020,9,17031100700,Census Tract 1007,5417,100700,10,1.0,38088,0.142223272,NORWOOD PARK,121.9591054
2020,198,17031110200,Census Tract 1102,3107,110200,11,1.0,27194,0.114253144,JEFFERSON PARK,64.86816167
2020,221,17031150200,Census Tract 1502,7856,150200,15,1.0,63919,0.122905552,PORTAGE PARK,110.1960971
2020,171,17031150300,Census Tract 1503,7479,150300,15,1.0,63919,0.117007463,PORTAGE PARK,110.1960971
2020,96,17031140800,Census Tract 1408,6218,140800,14,1.0,49280,0.126176948,ALBANY PARK,53.54223081
2020,4260,17031231200,Census Tract 2312,6021,231200,23,1.0,54401,0.110678113,HUMBOLDT PARK,100.4808765
2020,913,17031231100,Census Tract 2311,1281,231100,23,1.0,54401,0.023547361,HUMBOLDT PARK,100.4808765
2020,124,17031242400,Census Tract 2424,3004,242400,24,1.0,84564,0.035523391,WEST TOWN,127.5629046
2020,444,17031242500,Census Tract 2425,3245,242500,24,1.0,84564,0.038373303,WEST TOWN,127.5629046
2020,92,17031120200,Census Tract 1202,4771,120200,12,1.0,19928,0.239411883,FOREST GLEN,89.13089362
2020,7,17031120300,Census Tract 1203,6826,120300,12,1.0,19928,0.342533119,FOREST GLEN,89.13089362
2020,125,17031120400,Census Tract 1204,3816,120400,12,1.0,19928,0.191489362,FOREST GLEN,89.13089362
2020,4284,17031231500,Census Tract 2315,5699,231500,23,1.0,54401,0.104759104,HUMBOLDT PARK,100.4808765
2020,61,17031071100,Census Tract 711,3397,71100,7,1.0,69568,0.048829922,LINCOLN PARK,88.31640046
2020,378,17031071000,Census Tract 710,4836,71000,7,1.0,69568,0.069514719,LINCOLN PARK,88.31640046
2020,126,17031071200,Census Tract 712,1994,71200,7,1.0,69568,0.028662603,LINCOLN PARK,88.31640046
2020,32,17031071300,Census Tract 713,4378,71300,7,1.0,69568,0.062931233,LINCOLN PARK,88.31640046
2020,12,17031110300,Census Tract 1103,5305,110300,11,1.0,27194,0.195079797,JEFFERSON PARK,64.86816167
2020,59,17031220300,Census Tract 2203,2072,220300,22,1.0,71247,0.029081926,LOGAN SQUARE,100.0575667
2020,142,17031220400,Census Tract 2204,2712,220400,22,1.0,71247,0.038064761,LOGAN SQUARE,100.0575667
2020,215,17031220500,Census Tract 2205,2492,220500,22,1.0,71247,0.034976911,LOGAN SQUARE,100.0575667
2020,71,17031240300,Census Tract 2403,1282,240300,24,1.0,84564,0.015160115,WEST TOWN,127.5629046
2020,56,17031240500,Census Tract 2405,2443,240500,24,1.0,84564,0.028889362,WEST TOWN,127.5629046
2020,26,17031060400,Census Tract 604,3981,60400,6,1.0,101428,0.039249517,LAKE VIEW,87.21479926
2020,40,17031060500,Census Tract 605,1233,60500,6,1.0,101428,0.012156407,LAKE VIEW,87.21479926
2020,161,17031240800,Census Tract 2408,1373,240800,24,1.0,84564,0.016236223,WEST TOWN,127.5629046
2020,165,17031240600,Census Tract 2406,1677,240600,24,1.0,84564,0.019831134,WEST TOWN,127.5629046
2020,220,17031240700,Census Tract 2407,1872,240700,24,1.0,84564,0.02213708,WEST TOWN,127.5629046
2020,150,17031240900,Census Tract 2409,983,240900,24,1.0,84564,0.011624332,WEST TOWN,127.5629046
2020,359,17031242600,Census Tract 2426,5079,242600,24,1.0,84564,0.060061019,WEST TOWN,127.5629046
2020,211,17031310600,Census Tract 3106,4780,310600,31,1.0,32672,0.146302644,LOWER WEST SIDE,81.55072362
2020,63,17031310700,Census Tract 3107,1322,310700,31,1.0,32672,0.040462782,LOWER WEST SIDE,81.55072362
2020,85,17031310800,Census Tract 3108,4272,310800,31,1.0,32672,0.130754163,LOWER WEST SIDE,81.55072362
2020,719,17031020602,Census Tract 206.02,5239,20602,2,1.0,78763,0.066516004,WEST RIDGE,98.42909484
2020,198,17031310900,Census Tract 3109,4983,310900,31,1.0,32672,0.152515916,LOWER WEST SIDE,81.55072362
2020,470,17031510100,Census Tract 5101,3597,510100,51,1.0,15144,0.23751981,SOUTH DEERING,303.7970596
2020,2599,17031510200,Census Tract 5102,3709,510200,51,1.0,15144,0.244915478,SOUTH DEERING,303.7970596
2020,10,17031561100,Census Tract 5611,5684,561100,56,1.0,36049,0.157674277,GARFIELD RIDGE,117.8907784
2020,127,17031190701,Census Tract 1907.01,2870,190701,19,1.0,78788,0.036426867,BELMONT CRAGIN,109.0994147
2020,1526,17031020901,Census Tract 209.01,6094,20901,2,1.0,78763,0.077371355,WEST RIDGE,98.42909484
2020,1060,17031010202,Census Tract 102.02,3154,10202,1,1.0,55643,0.056682781,ROGERS PARK,51.25990244
2020,19,17031570100,Census Tract 5701,1309,570100,57,1.0,13533,0.09672652,ARCHER HEIGHTS,55.92250571
2020,42,17031570200,Census Tract 5702,2252,570200,57,1.0,13533,0.16640804,ARCHER HEIGHTS,55.92250571
2020,183,17031570300,Census Tract 5703,5790,570300,57,1.0,13533,0.42784305,ARCHER HEIGHTS,55.92250571
2020,1,17031570400,Census Tract 5704,1685,570400,57,1.0,13533,0.124510456,ARCHER HEIGHTS,55.92250571
2020,36,17031570500,Census Tract 5705,2497,570500,57,1.0,13533,0.184511934,ARCHER HEIGHTS,55.92250571
2020,2932,17031690400,Census Tract 6904,2958,690400,69,1.0,29429,0.100513099,GREATER GRAND CROSSING,98.85316769
2020,2314,17031691300,Census Tract 6913,2352,691300,69,1.0,29429,0.079921166,GREATER GRAND CROSSING,98.85316769
2020,2941,17031691400,Census Tract 6914,3080,691400,69,1.0,29429,0.10465867,GREATER GRAND CROSSING,98.85316769
2020,1994,17031691500,Census Tract 6915,2072,691500,69,1.0,29429,0.070406742,GREATER GRAND CROSSING,98.85316769
2020,394,17031320400,Census Tract 3204,3049,320400,32,1.0,39327,0.077529433,LOOP,46.33556545
2020,336,17031580100,Census Tract 5801,2663,580100,58,1.0,42728,0.062324471,BRIGHTON PARK,75.8927903
2020,10,17031580200,Census Tract 5802,3377,580200,58,1.0,42728,0.079034825,BRIGHTON PARK,75.8927903
2020,8,17031580300,Census Tract 5803,2524,580300,58,1.0,42728,0.059071335,BRIGHTON PARK,75.8927903
2020,49,17031580400,Census Tract 5804,4739,580400,58,1.0,42728,0.110910878,BRIGHTON PARK,75.8927903
2020,143,17031580600,Census Tract 5806,4691,580600,58,1.0,42728,0.109787493,BRIGHTON PARK,75.8927903
2020,361,17031580700,Census Tract 5807,5968,580700,58,1.0,42728,0.139674218,BRIGHTON PARK,75.8927903
2020,2460,17031681300,Census Tract 6813,2532,681300,68,1.0,22019,0.114991598,ENGLEWOOD,85.65232307
2020,2274,17031681400,Census Tract 6814,2419,681400,68,1.0,22019,0.109859667,ENGLEWOOD,85.65232307
2020,2199,17031690300,Census Tract 6903,2284,690300,69,1.0,29429,0.07761052,GREATER GRAND CROSSING,98.85316769
2020,744,17031690500,Census Tract 6905,744,690500,69,1.0,29429,0.025281185,GREATER GRAND CROSSING,98.85316769
2020,4172,17031690900,Census Tract 6909,4230,690900,69,1.0,29429,0.143735771,GREATER GRAND CROSSING,98.85316769
2020,2080,17031691000,Census Tract 6910,2102,691000,69,1.0,29429,0.071426144,GREATER GRAND CROSSING,98.85316769
2020,2373,17031700100,Census Tract 7001,3769,700100,70,1.0,42902,0.087851382,ASHBURN,135.4603372
2020,1188,17031700200,Census Tract 7002,6506,700200,70,1.0,42902,0.151647942,ASHBURN,135.4603372
2020,455,17031320600,Census Tract 3206,5094,320600,32,1.0,39327,0.129529331,LOOP,46.33556545
2020,838,17031330200,Census Tract 3302,3904,330200,33,1.0,26376,0.148013345,NEAR SOUTH SIDE,49.76963944
2020,155,17031590500,Census Tract 5905,1861,590500,59,1.0,15246,0.122064804,MCKINLEY PARK,39.43179964
2020,110,17031590600,Census Tract 5906,3550,590600,59,1.0,15246,0.23284796,MCKINLEY PARK,39.43179964
2020,1006,17031671200,Census Tract 6712,1031,671200,67,1.0,26158,0.039414328,WEST ENGLEWOOD,87.94769193
2020,593,17031671100,Census Tract 6711,604,671100,67,1.0,26158,0.02309045,WEST ENGLEWOOD,87.94769193
2020,1645,17031671300,Census Tract 6713,1745,671300,67,1.0,26158,0.066709993,WEST ENGLEWOOD,87.94769193
2020,2066,17031671500,Census Tract 6715,2360,671500,67,1.0,26158,0.090220965,WEST ENGLEWOOD,87.94769193
2020,1595,17031671600,Census Tract 6716,1693,671600,67,1.0,26158,0.064722074,WEST ENGLEWOOD,87.94769193
2020,1195,17031671800,Census Tract 6718,1235,671800,67,1.0,26158,0.04721309,WEST ENGLEWOOD,87.94769193
2020,790,17031671900,Census Tract 6719,1136,671900,67,1.0,26158,0.043428397,WEST ENGLEWOOD,87.94769193
2020,1047,17031710100,Census Tract 7101,1085,710100,71,1.0,46698,0.0232344,AUBURN GRESHAM,105.0653536
2020,4227,17031710200,Census Tract 7102,4324,710200,71,1.0,46698,0.092594972,AUBURN GRESHAM,105.0653536
2020,5405,17031710400,Census Tract 7104,5743,710400,71,1.0,46698,0.122981712,AUBURN GRESHAM,105.0653536
2020,4219,17031710500,Census Tract 7105,4329,710500,71,1.0,46698,0.092702043,AUBURN GRESHAM,105.0653536
2020,1684,17031710600,Census Tract 7106,1805,710600,71,1.0,46698,0.038652619,AUBURN GRESHAM,105.0653536
2020,4736,17031710800,Census Tract 7108,4788,710800,71,1.0,46698,0.102531158,AUBURN GRESHAM,105.0653536
2020,11,17031340300,Census Tract 3403,1915,340300,34,1.0,13401,0.142899784,ARMOUR SQUARE,27.76619609
2020,72,17031340500,Census Tract 3405,1535,340500,34,1.0,13401,0.114543691,ARMOUR SQUARE,27.76619609
2020,952,17031340600,Census Tract 3406,1036,340600,34,1.0,13401,0.077307664,ARMOUR SQUARE,27.76619609
2020,4667,17031430200,Census Tract 4302,5220,430200,43,1.0,51992,0.100400062,SOUTH SHORE,81.81271638
2020,2326,17031430300,Census Tract 4303,2371,430300,43,1.0,51992,0.04560317,SOUTH SHORE,81.81271638
2020,788,17031030604,Census Tract 306.04,3267,30604,77,1.0,58693,0.055662515,EDGEWATER,48.44999083
2020,1731,17031031502,Census Tract 315.02,4693,31502,3,1.0,59453,0.078936303,UPTOWN,65.09564272
2020,169,17031081402,Census Tract 814.02,5429,81402,8,1.0,95405,0.056904774,NEAR NORTH SIDE,76.67589596
2020,121,17031080201,Census Tract 802.01,3038,80201,8,1.0,95405,0.031843195,NEAR NORTH SIDE,76.67589596
2020,0,17031760802,Census Tract 7608.02,2343,760802,76,1.0,13285,0.176364321,OHARE,371.8356076
2020,431,17031140601,Census Tract 1406.01,2803,140601,14,1.0,49280,0.056879058,ALBANY PARK,53.54223081
2020,228,17031070102,Census Tract 701.02,3394,70102,7,1.0,69568,0.048786799,LINCOLN PARK,88.31640046
2020,498,17031210502,Census Tract 2105.02,4536,210502,21,1.0,37360,0.121413276,AVONDALE,55.29059546
2020,3139,17031540102,Census Tract 5401.02,3195,540102,54,1.0,7414,0.430941462,RIVERDALE,98.3894974
2020,2409,17031700402,Census Tract 7004.02,3801,700402,70,1.0,42902,0.088597268,ASHBURN,135.4603372
2020,238,17031030800,Census Tract 308,4389,30800,77,1.0,58693,0.074778934,EDGEWATER,48.44999083
2020,217,17031031100,Census Tract 311,4596,31100,3,1.0,59453,0.077304762,UPTOWN,65.09564272
2020,1358,17031031300,Census Tract 313,7796,31300,3,1.0,59453,0.131128791,UPTOWN,65.09564272
2020,300,17031031900,Census Tract 319,2553,31900,3,1.0,59453,0.042941483,UPTOWN,65.09564272
2020,258,17031160501,Census Tract 1605.01,3631,160501,16,1.0,53604,0.067737482,IRVING PARK,89.61138229
2020,377,17031040100,Census Tract 401,3934,40100,4,1.0,41350,0.095139057,LINCOLN SQUARE,71.35232823
2020,59,17031040300,Census Tract 403,2844,40300,4,1.0,41350,0.068778718,LINCOLN SQUARE,71.35232823
2020,854,17031611600,Census Tract 6116,1535,611600,61,1.0,39055,0.039303546,NEW CITY,134.6369632
2020,82,17031340400,Census Tract 3404,1750,340400,34,1.0,13401,0.13058727,ARMOUR SQUARE,27.76619609
2020,2552,17031430700,Census Tract 4307,2686,430700,43,1.0,51992,0.051661794,SOUTH SHORE,81.81271638
2020,115,17031191000,Census Tract 1910,2735,191000,19,1.0,78788,0.034713408,BELMONT CRAGIN,109.0994147
2020,48,17031560400,Census Tract 5604,1640,560400,56,1.0,36049,0.045493634,GARFIELD RIDGE,117.8907784
2020,3402,17031710700,Census Tract 7107,3425,710700,71,1.0,46698,0.073343612,AUBURN GRESHAM,105.0653536
2020,537,17031550100,Census Tract 5501,6584,550100,55,1.0,9175,0.71760218,HEGEWISCH,145.9657414
2020,660,17031283200,Census Tract 2832,1676,283200,28,1.0,62816,0.0266811,NEAR WEST SIDE,158.4924665
2020,53,17031100500,Census Tract 1005,5620,100500,10,1.0,38088,0.147553035,NORWOOD PARK,121.9591054
2021,4276,17031510300,Census Tract 5103,4345,510300,51,1.0,15198,0.285892881,SOUTH DEERING,303.7970596
2021,24,17031520100,Census Tract 5201,2269,520100,52,1.0,24429,0.092881411,EAST SIDE,83.24172803
2021,29,17031590700,Census Tract 5907,3016,590700,59,1.0,15558,0.193855251,MCKINLEY PARK,39.43179964
2021,281,17031600400,Census Tract 6004,4117,600400,60,1.0,34427,0.119586371,BRIDGEPORT,58.29151927
2021,1184,17031830600,Census Tract 8306,4959,830600,1,1.0,55789,0.088888491,ROGERS PARK,51.25990244
2021,126,17031830800,Census Tract 8308,2612,830800,4,1.0,42338,0.061693986,LINCOLN SQUARE,71.35232823
2021,1393,17031830700,Census Tract 8307,4081,830700,3,1.0,59119,0.069030261,UPTOWN,65.09564272
2021,89,17031830900,Census Tract 8309,2953,830900,22,1.0,71408,0.04135391,LOGAN SQUARE,100.0575667
2021,264,17031835200,Census Tract 8352,2157,835200,56,1.0,36704,0.058767437,GARFIELD RIDGE,117.8907784
2021,164,17031839900,Census Tract 8399,4759,839900,60,1.0,34427,0.138234525,BRIDGEPORT,58.29151927
2021,134,17031839700,Census Tract 8397,5024,839700,60,1.0,34427,0.145931972,BRIDGEPORT,58.29151927
2021,116,17031839800,Census Tract 8398,2703,839800,60,1.0,34427,0.078513957,BRIDGEPORT,58.29151927
2021,1553,17031834800,Census Tract 8348,1737,834800,68,1.0,21054,0.082502137,ENGLEWOOD,85.65232307
2021,1073,17031834700,Census Tract 8347,1094,834700,68,1.0,21054,0.051961622,ENGLEWOOD,85.65232307
2021,110,17031832000,Census Tract 8320,1774,832000,6,1.0,102611,0.017288595,LAKE VIEW,87.21479926
2021,140,17031832500,Census Tract 8325,3180,832500,7,1.0,69641,0.045662756,LINCOLN PARK,88.31640046
2021,104,17031832300,Census Tract 8323,1910,832300,22,1.0,71408,0.026747703,LOGAN SQUARE,100.0575667
2021,585,17031838300,Census Tract 8383,2080,838300,8,1.0,98505,0.021115679,NEAR NORTH SIDE,76.67589596
2021,280,17031831800,Census Tract 8318,6981,831800,13,1.0,18847,0.370403778,NORTH PARK,70.28870642
2021,44,17031831700,Census Tract 8317,2182,831700,15,1.0,65563,0.033280966,PORTAGE PARK,110.1960971
2021,854,17031835100,Census Tract 8351,4934,835100,63,1.0,35621,0.138513798,GAGE PARK,61.2848961
2021,2336,17031835000,Census Tract 8350,5429,835000,66,1.0,51169,0.106099396,CHICAGO LAWN,98.2794651
2021,121,17031843700,Census Tract 8437,2482,843700,5,1.0,37094,0.066911091,NORTH CENTER,57.05416784
2021,208,17031220702,Census Tract 2207.02,4129,220702,22,1.0,71408,0.057822653,LOGAN SQUARE,100.0575667
2021,3506,17031842100,Census Tract 8421,6797,842100,23,1.0,55785,0.121842789,HUMBOLDT PARK,100.4808765
2021,1195,17031843300,Census Tract 8433,1558,843300,29,1.0,32106,0.048526755,NORTH LAWNDALE,89.48742201
2021,220,17031831100,Census Tract 8311,7706,831100,21,1.0,36820,0.20928843,AVONDALE,55.29059546
2021,509,17031831500,Census Tract 8315,3885,831500,19,1.0,78610,0.049421193,BELMONT CRAGIN,109.0994147
2021,834,17031831600,Census Tract 8316,7313,831600,18,1.0,13776,0.530850755,MONTCLARE,27.57639363
2021,341,17031831200,Census Tract 8312,4855,831200,20,1.0,23201,0.209258222,HERMOSA,32.6020594
2021,17,17031831000,Census Tract 8310,1116,831000,22,0.5,71408,0.015628501,LOGAN SQUARE,100.0575667
2021,17,17031831000,Census Tract 8310,1116,831000,24,0.5,86881,0.012845156,WEST TOWN,127.5629046
2021,2377,17031843000,Census Tract 8430,2509,843000,29,1.0,32106,0.078147387,NORTH LAWNDALE,89.48742201
2021,1191,17031843100,Census Tract 8431,1545,843100,29,1.0,32106,0.048121846,NORTH LAWNDALE,89.48742201
2021,1709,17031842900,Census Tract 8429,2949,842900,28,1.0,65019,0.045355973,NEAR WEST SIDE,158.4924665
2021,6962,17031843500,Census Tract 8435,10528,843500,30,1.0,70281,0.149798665,SOUTH LAWNDALE,127.9982978
2021,1113,17031842000,Census Tract 8420,3058,842000,35,1.0,21278,0.143716515,DOUGLAS,46.00462115
2021,307,17031832400,Census Tract 8324,3280,832400,22,1.0,71408,0.045933229,LOGAN SQUARE,100.0575667
2021,62,17031832900,Census Tract 8329,1914,832900,28,1.0,65019,0.029437549,NEAR WEST SIDE,158.4924665
2021,117,17031840300,Census Tract 8403,3668,840300,59,1.0,15558,0.235762952,MCKINLEY PARK,39.43179964
2021,1461,17031838600,Census Tract 8386,1658,838600,29,1.0,32106,0.051641438,NORTH LAWNDALE,89.48742201
2021,1587,17031839600,Census Tract 8396,1845,839600,35,1.0,21278,0.086709277,DOUGLAS,46.00462115
2021,1002,17031834900,Census Tract 8349,1012,834900,67,1.0,26282,0.038505441,WEST ENGLEWOOD,87.94769193
2021,677,17031030603,Census Tract 306.03,2361,30603,77,1.0,58084,0.040648027,EDGEWATER,48.44999083
2021,109,17031832200,Census Tract 8322,2838,832200,22,1.0,71408,0.039743446,LOGAN SQUARE,100.0575667
2021,1548,17031836700,Census Tract 8367,2259,836700,23,1.0,55785,0.040494757,HUMBOLDT PARK,100.4808765
2021,2498,17031836800,Census Tract 8368,2634,836800,27,1.0,19908,0.13230862,EAST GARFIELD PARK,53.88322084
2021,524,17031836600,Census Tract 8366,2329,836600,23,1.0,55785,0.041749574,HUMBOLDT PARK,100.4808765
2021,358,17031833000,Census Tract 8330,5101,833000,28,1.0,65019,0.07845399,NEAR WEST SIDE,158.4924665
2021,2243,17031842500,Census Tract 8425,2329,842500,69,1.0,29309,0.079463646,GREATER GRAND CROSSING,98.85316769
2021,2327,17031841800,Census Tract 8418,2486,841800,69,1.0,29309,0.084820362,GREATER GRAND CROSSING,98.85316769
2021,0,17031980100,Census Tract 9801,0,980100,56,0.5,36704,0.0,GARFIELD RIDGE,117.8907784
2021,0,17031980100,Census Tract 9801,0,980100,64,0.5,25507,0.0,CLEARING,71.14519237
2021,38,17031842800,Census Tract 8428,6620,842800,58,1.0,43197,0.153251383,BRIGHTON PARK,75.8927903
2021,637,17031843800,Census Tract 8438,1425,843800,61,1.0,39573,0.0360094,NEW CITY,134.6369632
2021,400,17031841000,Census Tract 8410,1089,841000,33,1.0,26816,0.040610084,NEAR SOUTH SIDE,49.76963944
2021,1533,17031836500,Census Tract 8365,1730,836500,36,1.0,7413,0.233373803,OAKLAND,16.91396104
2021,1420,17031843900,Census Tract 8439,1644,843900,42,0.5,23966,0.068597179,WOODLAWN,57.8151795
2021,1420,17031843900,Census Tract 8439,1644,843900,43,0.5,54209,0.030327067,SOUTH SHORE,81.81271638
2021,4978,17031834200,Census Tract 8342,4988,834200,43,1.0,54209,0.092014241,SOUTH SHORE,81.81271638
2021,477,17031842200,Census Tract 8422,3670,842200,8,1.0,98505,0.037256992,NEAR NORTH SIDE,76.67589596
2021,1778,17031838000,Census Tract 8380,2612,838000,28,1.0,65019,0.040172873,NEAR WEST SIDE,158.4924665
2021,2130,17031010702,Census Tract 107.02,5014,10702,1,1.0,55789,0.089874348,ROGERS PARK,51.25990244
2021,301,17031010503,Census Tract 105.03,2182,10503,1,1.0,55789,0.039111653,ROGERS PARK,51.25990244
2021,595,17031010502,Census Tract 105.02,2816,10502,1,1.0,55789,0.0504759,ROGERS PARK,51.25990244
2021,872,17031010701,Census Tract 107.01,3646,10701,1,1.0,55789,0.065353385,ROGERS PARK,51.25990244
2021,858,17031020902,Census Tract 209.02,4517,20902,2,1.0,79897,0.056535289,WEST RIDGE,98.42909484
2021,532,17031020302,Census Tract 203.02,5348,20302,2,1.0,79897,0.06693618,WEST RIDGE,98.42909484
2021,517,17031020601,Census Tract 206.01,5937,20601,2,1.0,79897,0.074308172,WEST RIDGE,98.42909484
2021,303,17031020301,Census Tract 203.01,5303,20301,2,1.0,79897,0.066372955,WEST RIDGE,98.42909484
2021,824,17031760803,Census Tract 7608.03,6253,760803,76,1.0,13418,0.4660158,OHARE,371.8356076
2021,4918,17031530501,Census Tract 5305.01,5007,530501,53,1.0,26951,0.185781604,WEST PULLMAN,99.36519806
2021,5445,17031530503,Census Tract 5305.03,5574,530503,53,1.0,26951,0.206819784,WEST PULLMAN,99.36519806
2021,82,17031650301,Census Tract 6503.01,4772,650301,65,1.0,32398,0.147293043,WEST LAWN,82.31530167
2021,70,17031650302,Census Tract 6503.02,4782,650302,65,1.0,32398,0.147601704,WEST LAWN,82.31530167
2021,1494,17031530502,Census Tract 5305.02,1494,530502,53,1.0,26951,0.055433936,WEST PULLMAN,99.36519806
2021,254,17031831300,Census Tract 8313,1080,831300,25,1.0,97313,0.011098209,AUSTIN,199.2542034
2021,1739,17031831400,Census Tract 8314,2805,831400,25,1.0,97313,0.028824515,AUSTIN,199.2542034
2021,1475,17031837000,Census Tract 8370,1865,837000,27,1.0,19908,0.093680932,EAST GARFIELD PARK,53.88322084
2021,2906,17031842400,Census Tract 8424,3008,842400,44,1.0,32486,0.092593733,CHATHAM,82.3206703
2021,1132,17031832100,Census Tract 8321,3581,832100,6,1.0,102611,0.034898793,LAKE VIEW,87.21479926
2021,463,17031020802,Census Tract 208.02,8514,20802,2,1.0,79897,0.106562199,WEST RIDGE,98.42909484
2021,202,17031020702,Census Tract 207.02,8659,20702,2,1.0,79897,0.108377035,WEST RIDGE,98.42909484
2021,916,17031020801,Census Tract 208.01,6025,20801,2,1.0,79897,0.07540959,WEST RIDGE,98.42909484
2021,393,17031040202,Census Tract 402.02,7726,40202,4,1.0,42338,0.182483821,LINCOLN SQUARE,71.35232823
2021,185,17031040201,Census Tract 402.01,6980,40201,4,1.0,42338,0.164863716,LINCOLN SQUARE,71.35232823
2021,155,17031040402,Census Tract 404.02,4621,40402,4,1.0,42338,0.109145449,LINCOLN SQUARE,71.35232823
2021,1797,17031031501,Census Tract 315.01,4684,31501,3,1.0,59119,0.079230028,UPTOWN,65.09564272
2021,139,17031081201,Census Tract 812.01,4684,81201,8,1.0,98505,0.047550886,NEAR NORTH SIDE,76.67589596
2021,325,17031063301,Census Tract 633.01,3008,63301,6,1.0,102611,0.029314596,LAKE VIEW,87.21479926
2021,3092,17031490901,Census Tract 4909.01,3093,490901,49,1.0,39128,0.079048252,ROSELAND,134.3137067
2021,4520,17031490902,Census Tract 4909.02,4573,490902,49,1.0,39128,0.116872828,ROSELAND,134.3137067
2021,2,17031301801,Census Tract 3018.01,4120,301801,30,1.0,70281,0.058621818,SOUTH LAWNDALE,127.9982978
2021,511,17031700301,Census Tract 7003.01,6693,700301,70,1.0,44215,0.151373968,ASHBURN,135.4603372
2021,0,17031301702,Census Tract 3017.02,3617,301702,30,1.0,70281,0.051464834,SOUTH LAWNDALE,127.9982978
2021,3622,17031700401,Census Tract 7004.01,6744,700401,70,1.0,44215,0.152527423,ASHBURN,135.4603372
2021,1132,17031837100,Census Tract 8371,1654,837100,27,1.0,19908,0.083082178,EAST GARFIELD PARK,53.88322084
2021,1914,17031837400,Census Tract 8374,2204,837400,27,1.0,19908,0.110709263,EAST GARFIELD PARK,53.88322084
2021,1706,17031837800,Census Tract 8378,2529,837800,28,1.0,65019,0.038896323,NEAR WEST SIDE,158.4924665
2021,2487,17031837300,Census Tract 8373,2710,837300,27,1.0,19908,0.13612618,EAST GARFIELD PARK,53.88322084
2021,2082,17031841500,Census Tract 8415,2255,841500,29,1.0,32106,0.070236093,NORTH LAWNDALE,89.48742201
2021,3441,17031838700,Census Tract 8387,4056,838700,29,1.0,32106,0.126331527,NORTH LAWNDALE,89.48742201
2021,49,17031150501,Census Tract 1505.01,3803,150501,15,1.0,65563,0.058005277,PORTAGE PARK,110.1960971
2021,105,17031150401,Census Tract 1504.01,4925,150401,15,1.0,65563,0.075118588,PORTAGE PARK,110.1960971
2021,115,17031150502,Census Tract 1505.02,4222,150502,15,1.0,65563,0.064396077,PORTAGE PARK,110.1960971
2021,194,17031110502,Census Tract 1105.02,3363,110502,11,1.0,27172,0.123767113,JEFFERSON PARK,64.86816167
2021,170,17031150402,Census Tract 1504.02,3795,150402,15,1.0,65563,0.057883257,PORTAGE PARK,110.1960971
2021,281,17031140302,Census Tract 1403.02,3685,140302,14,1.0,48647,0.075749789,ALBANY PARK,53.54223081
2021,45,17031140301,Census Tract 1403.01,2983,140301,14,1.0,48647,0.0613193,ALBANY PARK,53.54223081
2021,1062,17031700302,Census Tract 7003.02,6050,700302,70,1.0,44215,0.136831392,ASHBURN,135.4603372
2021,98,17031580501,Census Tract 5805.01,4773,580501,58,1.0,43197,0.110493784,BRIGHTON PARK,75.8927903
2021,0,17031580502,Census Tract 5805.02,4832,580502,58,1.0,43197,0.11185962,BRIGHTON PARK,75.8927903
2021,4859,17031730201,Census Tract 7302.01,5075,730201,73,1.0,26676,0.190245914,WASHINGTON HEIGHTS,79.63575286
2021,30,17031301802,Census Tract 3018.02,2769,301802,30,1.0,70281,0.039398984,SOUTH LAWNDALE,127.9982978
2021,4632,17031440101,Census Tract 4401.01,4680,440101,44,1.0,32486,0.144062058,CHATHAM,82.3206703
2021,27,17031301701,Census Tract 3017.01,3637,301701,30,1.0,70281,0.051749406,SOUTH LAWNDALE,127.9982978
2021,1161,17031839100,Census Tract 8391,8363,839100,32,1.0,39834,0.209946277,LOOP,46.33556545
2021,618,17031833100,Census Tract 8331,7994,833100,28,1.0,65019,0.122948677,NEAR WEST SIDE,158.4924665
2021,848,17031838100,Census Tract 8381,1571,838100,28,1.0,65019,0.024162168,NEAR WEST SIDE,158.4924665
2021,174,17031833300,Census Tract 8333,2843,833300,28,1.0,65019,0.04372568,NEAR WEST SIDE,158.4924665
2021,645,17031838200,Census Tract 8382,2000,838200,28,1.0,65019,0.030760239,NEAR WEST SIDE,158.4924665
2021,203,17031140702,Census Tract 1407.02,5806,140702,14,1.0,48647,0.1193496,ALBANY PARK,53.54223081
2021,525,17031140602,Census Tract 1406.02,4972,140602,14,1.0,48647,0.102205686,ALBANY PARK,53.54223081
2021,204,17031140701,Census Tract 1407.01,3046,140701,14,1.0,48647,0.062614344,ALBANY PARK,53.54223081
2021,115,17031160502,Census Tract 1605.02,3919,160502,16,1.0,54280,0.072199705,IRVING PARK,89.61138229
2021,132,17031160602,Census Tract 1606.02,3743,160602,16,1.0,54280,0.068957259,IRVING PARK,89.61138229
2021,153,17031151002,Census Tract 1510.02,5363,151002,15,1.0,65563,0.081799186,PORTAGE PARK,110.1960971
2021,36,17031151001,Census Tract 1510.01,2870,151001,15,1.0,65563,0.04377469,PORTAGE PARK,110.1960971
2021,86,17031190402,Census Tract 1904.02,5306,190402,19,1.0,78610,0.067497774,BELMONT CRAGIN,109.0994147
2021,3305,17031431301,Census Tract 4313.01,3558,431301,43,1.0,54209,0.065634858,SOUTH SHORE,81.81271638
2021,2894,17031431302,Census Tract 4313.02,3260,431302,43,1.0,54209,0.060137616,SOUTH SHORE,81.81271638
2021,3222,17031460302,Census Tract 4603.02,3796,460302,46,1.0,30399,0.124872529,SOUTH CHICAGO,93.27218499
2021,2174,17031460301,Census Tract 4603.01,3292,460301,46,1.0,30399,0.108293036,SOUTH CHICAGO,93.27218499
2021,5753,17031700501,Census Tract 7005.01,6666,700501,70,1.0,44215,0.150763316,ASHBURN,135.4603372
2021,3141,17031700502,Census Tract 7005.02,3707,700502,70,1.0,44215,0.083840326,ASHBURN,135.4603372
2021,256,17031210601,Census Tract 2106.01,3026,210601,21,1.0,36820,0.082183596,AVONDALE,55.29059546
2021,112,17031841100,Census Tract 8411,7065,841100,34,1.0,13284,0.531842818,ARMOUR SQUARE,27.76619609
2021,44,17031840200,Census Tract 8402,2315,840200,60,1.0,34427,0.067243733,BRIDGEPORT,58.29151927
2021,206,17031841300,Census Tract 8413,4333,841300,31,1.0,33588,0.129004406,LOWER WEST SIDE,81.55072362
2021,190,17031840700,Census Tract 8407,4116,840700,30,1.0,70281,0.058564904,SOUTH LAWNDALE,127.9982978
2021,486,17031841700,Census Tract 8417,1123,841700,30,1.0,70281,0.015978714,SOUTH LAWNDALE,127.9982978
2021,218,17031190602,Census Tract 1906.02,5551,190602,19,1.0,78610,0.070614426,BELMONT CRAGIN,109.0994147
2021,216,17031190401,Census Tract 1904.01,4227,190401,19,1.0,78610,0.053771785,BELMONT CRAGIN,109.0994147
2021,259,17031190702,Census Tract 1907.02,5127,190702,19,1.0,78610,0.06522071,BELMONT CRAGIN,109.0994147
2021,336,17031191302,Census Tract 1913.02,4849,191302,19,1.0,78610,0.061684264,BELMONT CRAGIN,109.0994147
2021,183,17031190601,Census Tract 1906.01,4616,190601,19,1.0,78610,0.058720265,BELMONT CRAGIN,109.0994147
2021,243,17031191301,Census Tract 1913.01,5405,191301,19,1.0,78610,0.068757156,BELMONT CRAGIN,109.0994147
2021,166,17031200402,Census Tract 2004.02,5179,200402,20,1.0,23201,0.223223137,HERMOSA,32.6020594
2021,194,17031200401,Census Tract 2004.01,3269,200401,20,1.0,23201,0.140899099,HERMOSA,32.6020594
2021,79,17031220902,Census Tract 2209.02,3139,220902,22,1.0,71408,0.04395866,LOGAN SQUARE,100.0575667
2021,204,17031210501,Census Tract 2105.01,2719,210501,21,1.0,36820,0.073845736,AVONDALE,55.29059546
2021,169,17031160601,Census Tract 1606.01,3196,160601,16,1.0,54280,0.058879882,IRVING PARK,89.61138229
2021,339,17031061901,Census Tract 619.01,3348,61901,6,1.0,102611,0.032628081,LAKE VIEW,87.21479926
2021,217,17031840800,Census Tract 8408,3373,840800,30,1.0,70281,0.047993056,SOUTH LAWNDALE,127.9982978
2021,595,17031030703,Census Tract 307.03,2995,30703,77,1.0,58084,0.051563253,EDGEWATER,48.44999083
2021,310,17031081403,Census Tract 814.03,8984,81403,8,1.0,98505,0.091203492,NEAR NORTH SIDE,76.67589596
2021,112,17031030702,Census Tract 307.02,2323,30702,77,1.0,58084,0.039993802,EDGEWATER,48.44999083
2021,3141,17031440102,Census Tract 4401.02,3255,440102,44,1.0,32486,0.100197008,CHATHAM,82.3206703
2021,2699,17031440202,Census Tract 4402.02,2720,440202,44,1.0,32486,0.083728375,CHATHAM,82.3206703
2021,331,17031830500,Census Tract 8305,3988,830500,30,1.0,70281,0.056743643,SOUTH LAWNDALE,127.9982978
2021,140,17031840100,Census Tract 8401,3116,840100,60,1.0,34427,0.090510355,BRIDGEPORT,58.29151927
2021,40,17031840400,Census Tract 8404,3427,840400,59,1.0,15558,0.220272529,MCKINLEY PARK,39.43179964
2021,1486,17031839200,Census Tract 8392,2473,839200,35,1.0,21278,0.116223329,DOUGLAS,46.00462115
2021,1194,17031835500,Census Tract 8355,1375,835500,37,1.0,2213,0.621328513,FULLER PARK,19.91670487
2021,132,17031070101,Census Tract 701.01,4054,70101,7,1.0,69641,0.058212834,LINCOLN PARK,88.31640046
2021,330,17031110501,Census Tract 1105.01,5087,110501,11,1.0,27172,0.18721478,JEFFERSON PARK,64.86816167
2021,229,17031030104,Census Tract 301.04,3245,30104,77,1.0,58084,0.055867365,EDGEWATER,48.44999083
2021,65,17031081401,Census Tract 814.01,2247,81401,8,1.0,98505,0.022811025,NEAR NORTH SIDE,76.67589596
2021,3435,17031430102,Census Tract 4301.02,3602,430102,43,1.0,54209,0.066446531,SOUTH SHORE,81.81271638
2021,2987,17031430101,Census Tract 4301.01,3090,430101,43,1.0,54209,0.057001605,SOUTH SHORE,81.81271638
2021,1299,17031252101,Census Tract 2521.01,1322,252101,25,1.0,97313,0.01358503,AUSTIN,199.2542034
2021,994,17031010501,Census Tract 105.01,4057,10501,1,1.0,55789,0.072720429,ROGERS PARK,51.25990244
2021,181,17031020701,Census Tract 207.01,1728,20701,2,1.0,79897,0.021627846,WEST RIDGE,98.42909484
2021,3851,17031010201,Census Tract 102.01,8232,10201,1,1.0,55789,0.14755597,ROGERS PARK,51.25990244
2021,267,17031760801,Census Tract 7608.01,4814,760801,76,1.0,13418,0.358771799,OHARE,371.8356076
2021,1037,17031839000,Census Tract 8390,10155,839000,32,1.0,39834,0.254932972,LOOP,46.33556545
2021,6154,17031440201,Census Tract 4402.01,6178,440201,44,1.0,32486,0.190174229,CHATHAM,82.3206703
2021,4343,17031540101,Census Tract 5401.01,4535,540101,54,1.0,7934,0.571590623,RIVERDALE,98.3894974
2021,3091,17031834000,Census Tract 8340,3146,834000,49,1.0,39128,0.080402781,ROSELAND,134.3137067
2021,1380,17031833900,Census Tract 8339,2817,833900,46,1.0,30399,0.092667522,SOUTH CHICAGO,93.27218499
2021,170,17031221000,Census Tract 2210,2570,221000,22,1.0,71408,0.035990365,LOGAN SQUARE,100.0575667
2021,519,17031221100,Census Tract 2211,4498,221100,22,1.0,71408,0.062990141,LOGAN SQUARE,100.0575667
2021,19,17031242800,Census Tract 2428,1561,242800,24,1.0,86881,0.017967104,WEST TOWN,127.5629046
2021,135,17031242900,Census Tract 2429,1869,242900,24,1.0,86881,0.021512183,WEST TOWN,127.5629046
2021,39,17031243000,Census Tract 2430,2201,243000,24,1.0,86881,0.025333502,WEST TOWN,127.5629046
2021,50,17031243100,Census Tract 2431,2225,243100,24,1.0,86881,0.025609742,WEST TOWN,127.5629046
2021,170,17031243200,Census Tract 2432,2154,243200,24,1.0,86881,0.024792532,WEST TOWN,127.5629046
2021,88,17031243300,Census Tract 2433,2191,243300,24,1.0,86881,0.025218402,WEST TOWN,127.5629046
2021,78,17031243400,Census Tract 2434,3013,243400,24,1.0,86881,0.034679619,WEST TOWN,127.5629046
2021,255,17031071400,Census Tract 714,4799,71400,7,1.0,69641,0.068910556,LINCOLN PARK,88.31640046
2021,364,17031110400,Census Tract 1104,4551,110400,11,1.0,27172,0.167488591,JEFFERSON PARK,64.86816167
2021,73,17031150600,Census Tract 1506,4378,150600,15,1.0,65563,0.066775468,PORTAGE PARK,110.1960971
2021,186,17031150700,Census Tract 1507,4375,150700,15,1.0,65563,0.06672971,PORTAGE PARK,110.1960971
2021,316,17031150800,Census Tract 1508,5152,150800,15,1.0,65563,0.078580907,PORTAGE PARK,110.1960971
2021,231,17031151100,Census Tract 1511,5683,151100,15,1.0,65563,0.086679987,PORTAGE PARK,110.1960971
2021,77,17031151200,Census Tract 1512,3886,151200,15,1.0,65563,0.059271235,PORTAGE PARK,110.1960971
2021,38,17031241500,Census Tract 2415,2772,241500,24,1.0,86881,0.03190571,WEST TOWN,127.5629046
2021,513,17031241100,Census Tract 2411,3692,241100,24,1.0,86881,0.042494907,WEST TOWN,127.5629046
2021,77,17031241600,Census Tract 2416,3486,241600,24,1.0,86881,0.040123848,WEST TOWN,127.5629046
2021,187,17031241300,Census Tract 2413,1981,241300,24,1.0,86881,0.022801303,WEST TOWN,127.5629046
2021,646,17031241400,Census Tract 2414,6005,241400,24,1.0,86881,0.069117529,WEST TOWN,127.5629046
2021,849,17031243500,Census Tract 2435,4362,243500,24,1.0,86881,0.050206604,WEST TOWN,127.5629046
2021,1617,17031250200,Census Tract 2502,3183,250200,25,1.0,97313,0.032708888,AUSTIN,199.2542034
2021,3522,17031250300,Census Tract 2503,5095,250300,25,1.0,97313,0.052356828,AUSTIN,199.2542034
2021,4077,17031250400,Census Tract 2504,5467,250400,25,1.0,97313,0.056179544,AUSTIN,199.2542034
2021,1697,17031250500,Census Tract 2505,6727,250500,25,1.0,97313,0.069127455,AUSTIN,199.2542034
2021,135,17031071500,Census Tract 715,6110,71500,7,1.0,69641,0.087735673,LINCOLN PARK,88.31640046
2021,312,17031071800,Census Tract 718,2752,71800,7,1.0,69641,0.039516951,LINCOLN PARK,88.31640046
2021,84,17031080100,Census Tract 801,6886,80100,8,1.0,98505,0.069905081,NEAR NORTH SIDE,76.67589596
2021,33,17031080300,Census Tract 803,5018,80300,8,1.0,98505,0.050941577,NEAR NORTH SIDE,76.67589596
2021,2359,17031080400,Census Tract 804,4699,80400,8,1.0,98505,0.047703162,NEAR NORTH SIDE,76.67589596
2021,14,17031160100,Census Tract 1601,2847,160100,16,1.0,54280,0.052450258,IRVING PARK,89.61138229
2021,96,17031160200,Census Tract 1602,3325,160200,16,1.0,54280,0.061256448,IRVING PARK,89.61138229
2021,210,17031160300,Census Tract 1603,3475,160300,16,1.0,54280,0.064019897,IRVING PARK,89.61138229
2021,290,17031160400,Census Tract 1604,4790,160400,16,1.0,54280,0.088246131,IRVING PARK,89.61138229
2021,364,17031160700,Census Tract 1607,6275,160700,16,1.0,54280,0.115604274,IRVING PARK,89.61138229
2021,371,17031221300,Census Tract 2213,3021,221300,22,1.0,71408,0.042306184,LOGAN SQUARE,100.0575667
2021,426,17031221500,Census Tract 2215,2763,221500,22,1.0,71408,0.038693144,LOGAN SQUARE,100.0575667
2021,446,17031221400,Census Tract 2214,3246,221400,22,1.0,71408,0.045457092,LOGAN SQUARE,100.0575667
2021,3748,17031250600,Census Tract 2506,4658,250600,25,1.0,97313,0.047866164,AUSTIN,199.2542034
2021,4480,17031250700,Census Tract 2507,5965,250700,25,1.0,97313,0.061297052,AUSTIN,199.2542034
2021,2209,17031250800,Census Tract 2508,2525,250800,25,1.0,97313,0.025947201,AUSTIN,199.2542034
2021,734,17031251000,Census Tract 2510,1106,251000,25,1.0,97313,0.011365388,AUSTIN,199.2542034
2021,3457,17031251100,Census Tract 2511,4767,251100,25,1.0,97313,0.048986261,AUSTIN,199.2542034
2021,183,17031051400,Census Tract 514,2428,51400,5,1.0,37094,0.06545533,NORTH CENTER,57.05416784
2021,162,17031060100,Census Tract 601,3211,60100,6,1.0,102611,0.031292941,LAKE VIEW,87.21479926
2021,52,17031060300,Census Tract 603,2902,60300,6,1.0,102611,0.028281568,LAKE VIEW,87.21479926
2021,271,17031060800,Census Tract 608,5203,60800,6,1.0,102611,0.050706065,LAKE VIEW,87.21479926
2021,39,17031160800,Census Tract 1608,5604,160800,16,1.0,54280,0.103242447,IRVING PARK,89.61138229
2021,536,17031320101,Census Tract 3201.01,7952,320101,32,1.0,39834,0.199628458,LOOP,46.33556545
2021,2220,17031330103,Census Tract 3301.03,7928,330103,33,1.0,26816,0.295644391,NEAR SOUTH SIDE,49.76963944
2021,3437,17031380600,Census Tract 3806,4044,380600,38,1.0,24401,0.165730913,GRAND BOULEVARD,48.49250315
2021,2429,17031330102,Census Tract 3301.02,9253,330102,33,1.0,26816,0.345055191,NEAR SOUTH SIDE,49.76963944
2021,183,17031330101,Census Tract 3301.01,4556,330101,33,1.0,26816,0.169898568,NEAR SOUTH SIDE,49.76963944
2021,3023,17031460800,Census Tract 4608,4599,460800,46,1.0,30399,0.151287871,SOUTH CHICAGO,93.27218499
2021,282,17031630600,Census Tract 6306,2717,630600,63,1.0,35621,0.076275231,GAGE PARK,61.2848961
2021,3095,17031490200,Census Tract 4902,3202,490200,49,1.0,39128,0.081833981,ROSELAND,134.3137067
2021,1047,17031612200,Census Tract 6122,3681,612200,61,1.0,39573,0.093017967,NEW CITY,134.6369632
2021,1135,17031844700,Census Tract 8447,1573,844700,29,1.0,32106,0.048993958,NORTH LAWNDALE,89.48742201
2021,2328,17031844600,Census Tract 8446,2490,844600,38,1.0,24401,0.102044998,GRAND BOULEVARD,48.49250315
2021,77,17031320102,Census Tract 3201.02,4769,320102,32,1.0,39834,0.119721846,LOOP,46.33556545
2021,304,17031220701,Census Tract 2207.01,3080,220701,22,1.0,71408,0.043132422,LOGAN SQUARE,100.0575667
2021,121,17031063302,Census Tract 633.02,4010,63302,6,1.0,102611,0.039079631,LAKE VIEW,87.21479926
2021,2539,17031252201,Census Tract 2522.01,2760,252201,25,1.0,97313,0.028362089,AUSTIN,199.2542034
2021,880,17031660302,Census Tract 6603.02,4640,660302,66,1.0,51169,0.090679904,CHICAGO LAWN,98.2794651
2021,516,17031660301,Census Tract 6603.01,1572,660301,66,1.0,51169,0.030721726,CHICAGO LAWN,98.2794651
2021,2988,17031730202,Census Tract 7302.02,3064,730202,73,1.0,26676,0.114859799,WASHINGTON HEIGHTS,79.63575286
2021,674,17031835600,Census Tract 8356,838,835600,37,1.0,2213,0.378671487,FULLER PARK,19.91670487
2021,20,17031840000,Census Tract 8400,2731,840000,60,1.0,34427,0.079327272,BRIDGEPORT,58.29151927
2021,3440,17031836400,Census Tract 8364,3891,836400,36,1.0,7413,0.524888709,OAKLAND,16.91396104
2021,1820,17031836100,Census Tract 8361,2000,836100,40,1.0,11607,0.172309813,WASHINGTON PARK,42.37388148
2021,1326,17031834600,Census Tract 8346,1587,834600,68,1.0,21054,0.0753776,ENGLEWOOD,85.65232307
2021,3001,17031843600,Census Tract 8436,3188,843600,38,1.0,24401,0.130650383,GRAND BOULEVARD,48.49250315
2021,379,17031061902,Census Tract 619.02,4988,61902,6,1.0,102611,0.048610773,LAKE VIEW,87.21479926
2021,521,17031030102,Census Tract 301.02,3147,30102,77,1.0,58084,0.054180153,EDGEWATER,48.44999083
2021,548,17031030103,Census Tract 301.03,2459,30103,77,1.0,58084,0.042335239,EDGEWATER,48.44999083
2021,511,17031030706,Census Tract 307.06,2720,30706,77,1.0,58084,0.046828731,EDGEWATER,48.44999083
2021,1010,17031030601,Census Tract 306.01,3789,30601,77,1.0,58084,0.065233111,EDGEWATER,48.44999083
2021,172,17031081202,Census Tract 812.02,3275,81202,8,1.0,98505,0.033247043,NEAR NORTH SIDE,76.67589596
2021,5,17031063303,Census Tract 633.03,1180,63303,6,1.0,102611,0.011499742,LAKE VIEW,87.21479926
2021,479,17031220901,Census Tract 2209.01,2943,220901,22,1.0,71408,0.04121387,LOGAN SQUARE,100.0575667
2021,43,17031210602,Census Tract 2106.02,4128,210602,21,1.0,36820,0.112112982,AVONDALE,55.29059546
2021,605,17031220602,Census Tract 2206.02,4534,220602,22,1.0,71408,0.063494286,LOGAN SQUARE,100.0575667
2021,133,17031220601,Census Tract 2206.01,1535,220601,22,1.0,71408,0.021496191,LOGAN SQUARE,100.0575667
2021,273,17031040401,Census Tract 404.01,3440,40401,4,1.0,42338,0.081250886,LINCOLN SQUARE,71.35232823
2021,4624,17031252202,Census Tract 2522.02,4795,252202,25,1.0,97313,0.049273992,AUSTIN,199.2542034
2021,5981,17031252102,Census Tract 2521.02,6752,252102,25,1.0,97313,0.069384358,AUSTIN,199.2542034
2021,855,17031836300,Census Tract 8363,1709,836300,41,1.0,28801,0.059338217,HYDE PARK,45.10538016
2021,1335,17031834500,Census Tract 8345,1434,834500,40,1.0,11607,0.123546136,WASHINGTON PARK,42.37388148
2021,2654,17031836000,Census Tract 8360,2784,836000,38,1.0,24401,0.114093685,GRAND BOULEVARD,48.49250315
2021,130,17031836200,Census Tract 8362,1569,836200,41,1.0,28801,0.054477275,HYDE PARK,45.10538016
2021,3460,17031834400,Census Tract 8344,4045,834400,42,1.0,23966,0.168780773,WOODLAWN,57.8151795
2021,6053,17031834300,Census Tract 8343,6442,834300,45,1.0,9782,0.658556532,AVALON PARK,34.85273773
2021,1351,17031710300,Census Tract 7103,1541,710300,71,1.0,48039,0.032078103,AUBURN GRESHAM,105.0653536
2021,101,17031160900,Census Tract 1609,2512,160900,16,1.0,54280,0.046278556,IRVING PARK,89.61138229
2021,51,17031161000,Census Tract 1610,2098,161000,16,1.0,54280,0.038651437,IRVING PARK,89.61138229
2021,352,17031161100,Census Tract 1611,2171,161100,16,1.0,54280,0.039996315,IRVING PARK,89.61138229
2021,214,17031161200,Census Tract 1612,2945,161200,16,1.0,54280,0.054255711,IRVING PARK,89.61138229
2021,116,17031161300,Census Tract 1613,3662,161300,16,1.0,54280,0.067464996,IRVING PARK,89.61138229
2021,110,17031170100,Census Tract 1701,2125,170100,17,1.0,44277,0.047993315,DUNNING,103.5950012
2021,189,17031221600,Census Tract 2216,3468,221600,22,1.0,71408,0.048565987,LOGAN SQUARE,100.0575667
2021,36,17031242100,Census Tract 2421,3934,242100,24,1.0,86881,0.045280326,WEST TOWN,127.5629046
2021,766,17031242000,Census Tract 2420,4472,242000,24,1.0,86881,0.051472704,WEST TOWN,127.5629046
2021,2950,17031251200,Census Tract 2512,4107,251200,25,1.0,97313,0.042204022,AUSTIN,199.2542034
2021,3830,17031251300,Census Tract 2513,4231,251300,25,1.0,97313,0.043478261,AUSTIN,199.2542034
2021,307,17031051300,Census Tract 513,3249,51300,5,1.0,37094,0.087588289,NORTH CENTER,57.05416784
2021,0,17031600700,Census Tract 6007,2703,600700,60,1.0,34427,0.078513957,BRIDGEPORT,58.29151927
2021,263,17031600900,Census Tract 6009,3898,600900,60,1.0,34427,0.113225085,BRIDGEPORT,58.29151927
2021,3151,17031672000,Census Tract 6720,3523,672000,67,1.0,26282,0.134046115,WEST ENGLEWOOD,87.94769193
2021,2183,17031710900,Census Tract 7109,2230,710900,71,1.0,48039,0.046420617,AUBURN GRESHAM,105.0653536
2021,3815,17031711000,Census Tract 7110,3946,711000,71,1.0,48039,0.082141593,AUBURN GRESHAM,105.0653536
2021,2551,17031711100,Census Tract 7111,2647,711100,71,1.0,48039,0.055101064,AUBURN GRESHAM,105.0653536
2021,4355,17031711200,Census Tract 7112,5035,711200,71,1.0,48039,0.104810675,AUBURN GRESHAM,105.0653536
2021,2667,17031711500,Census Tract 7115,2685,711500,71,1.0,48039,0.055892088,AUBURN GRESHAM,105.0653536
2021,1528,17031711300,Census Tract 7113,1616,711300,71,1.0,48039,0.033639335,AUBURN GRESHAM,105.0653536
2021,2597,17031711400,Census Tract 7114,2701,711400,71,1.0,48039,0.05622515,AUBURN GRESHAM,105.0653536
2021,1277,17031270500,Census Tract 2705,1302,270500,27,1.0,19908,0.065400844,EAST GARFIELD PARK,53.88322084
2021,1148,17031271200,Census Tract 2712,1283,271200,27,1.0,19908,0.064446454,EAST GARFIELD PARK,53.88322084
2021,968,17031271300,Census Tract 2713,1033,271300,27,1.0,19908,0.051888688,EAST GARFIELD PARK,53.88322084
2021,1178,17031271400,Census Tract 2714,1350,271400,27,1.0,19908,0.067811935,EAST GARFIELD PARK,53.88322084
2021,843,17031350100,Census Tract 3501,2459,350100,35,1.0,21278,0.115565373,DOUGLAS,46.00462115
2021,1840,17031350400,Census Tract 3504,1859,350400,35,1.0,21278,0.087367234,DOUGLAS,46.00462115
2021,2753,17031351000,Census Tract 3510,3357,351000,35,1.0,21278,0.157768587,DOUGLAS,46.00462115
2021,1283,17031351400,Census Tract 3514,1535,351400,35,1.0,21278,0.072140239,DOUGLAS,46.00462115
2021,1674,17031360200,Census Tract 3602,1792,360200,36,1.0,7413,0.241737488,OAKLAND,16.91396104
2021,3034,17031430400,Census Tract 4304,3184,430400,43,1.0,54209,0.058735634,SOUTH SHORE,81.81271638
2021,2065,17031430600,Census Tract 4306,2168,430600,43,1.0,54209,0.039993359,SOUTH SHORE,81.81271638
2021,2007,17031430800,Census Tract 4308,2013,430800,43,1.0,54209,0.037134055,SOUTH SHORE,81.81271638
2021,3719,17031430500,Census Tract 4305,3781,430500,43,1.0,54209,0.069748566,SOUTH SHORE,81.81271638
2021,1616,17031430900,Census Tract 4309,1653,430900,43,1.0,54209,0.030493092,SOUTH SHORE,81.81271638
2021,353,17031610300,Census Tract 6103,5626,610300,61,1.0,39573,0.14216764,NEW CITY,134.6369632
2021,2053,17031681000,Census Tract 6810,2107,681000,68,1.0,21054,0.100075995,ENGLEWOOD,85.65232307
2021,1901,17031681100,Census Tract 6811,1907,681100,68,1.0,21054,0.090576613,ENGLEWOOD,85.65232307
2021,881,17031680500,Census Tract 6805,1144,680500,68,1.0,21054,0.054336468,ENGLEWOOD,85.65232307
2021,3595,17031680900,Census Tract 6809,3881,680900,68,1.0,21054,0.184335518,ENGLEWOOD,85.65232307
2021,845,17031720100,Census Tract 7201,3332,720100,72,1.0,19919,0.167277474,BEVERLY,88.77936392
2021,2129,17031720200,Census Tract 7202,4191,720200,72,1.0,19919,0.210402129,BEVERLY,88.77936392
2021,1225,17031720300,Census Tract 7203,3786,720300,72,1.0,19919,0.190069783,BEVERLY,88.77936392
2021,172,17031720400,Census Tract 7204,1904,720400,72,1.0,19919,0.095587128,BEVERLY,88.77936392
2021,23,17031720500,Census Tract 7205,1936,720500,72,1.0,19919,0.097193634,BEVERLY,88.77936392
2021,572,17031720600,Census Tract 7206,1777,720600,72,1.0,19919,0.089211306,BEVERLY,88.77936392
2021,2127,17031720700,Census Tract 7207,2993,720700,72,1.0,19919,0.150258547,BEVERLY,88.77936392
2021,259,17031040600,Census Tract 406,2817,40600,4,1.0,42338,0.066535972,LINCOLN SQUARE,71.35232823
2021,136,17031040700,Census Tract 407,3667,40700,4,1.0,42338,0.086612499,LINCOLN SQUARE,71.35232823
2021,55,17031040800,Census Tract 408,1689,40800,4,1.0,42338,0.03989324,LINCOLN SQUARE,71.35232823
2021,1865,17031380100,Census Tract 3801,1984,380100,38,1.0,24401,0.081308143,GRAND BOULEVARD,48.49250315
2021,1531,17031380200,Census Tract 3802,1652,380200,38,1.0,24401,0.067702143,GRAND BOULEVARD,48.49250315
2021,2792,17031431200,Census Tract 4312,2805,431200,43,1.0,54209,0.051744175,SOUTH SHORE,81.81271638
2021,6934,17031431400,Census Tract 4314,7635,431400,43,1.0,54209,0.140843771,SOUTH SHORE,81.81271638
2021,73,17031050100,Census Tract 501,2769,50100,5,1.0,37094,0.074648191,NORTH CENTER,57.05416784
2021,122,17031610800,Census Tract 6108,1551,610800,61,1.0,39573,0.039193389,NEW CITY,134.6369632
2021,319,17031611300,Census Tract 6113,3117,611300,61,1.0,39573,0.078765825,NEW CITY,134.6369632
2021,118,17031611400,Census Tract 6114,3309,611400,61,1.0,39573,0.083617618,NEW CITY,134.6369632
2021,320,17031611500,Census Tract 6115,3350,611500,61,1.0,39573,0.084653678,NEW CITY,134.6369632
2021,922,17031611900,Census Tract 6119,1369,611900,61,1.0,39573,0.034594294,NEW CITY,134.6369632
2021,1950,17031681200,Census Tract 6812,2124,681200,68,1.0,21054,0.100883443,ENGLEWOOD,85.65232307
2021,2140,17031691200,Census Tract 6912,2150,691200,69,1.0,29309,0.073356307,GREATER GRAND CROSSING,98.85316769
2021,2873,17031691100,Census Tract 6911,2911,691100,69,1.0,29309,0.099321028,GREATER GRAND CROSSING,98.85316769
2021,2612,17031730100,Census Tract 7301,2748,730100,73,1.0,26676,0.103013945,WASHINGTON HEIGHTS,79.63575286
2021,1001,17031730300,Census Tract 7303,1011,730300,73,1.0,26676,0.037899235,WASHINGTON HEIGHTS,79.63575286
2021,4130,17031730400,Census Tract 7304,4283,730400,73,1.0,26676,0.160556305,WASHINGTON HEIGHTS,79.63575286
2021,4284,17031730500,Census Tract 7305,4297,730500,73,1.0,26676,0.161081122,WASHINGTON HEIGHTS,79.63575286
2021,3827,17031730600,Census Tract 7306,3905,730600,73,1.0,26676,0.146386265,WASHINGTON HEIGHTS,79.63575286
2021,1664,17031381200,Census Tract 3812,1664,381200,38,1.0,24401,0.068193926,GRAND BOULEVARD,48.49250315
2021,1463,17031381400,Census Tract 3814,1672,381400,38,1.0,24401,0.068521782,GRAND BOULEVARD,48.49250315
2021,0,17031381700,Census Tract 3817,0,381700,38,1.0,24401,0.0,GRAND BOULEVARD,48.49250315
2021,4952,17031440300,Census Tract 4403,4954,440300,44,1.0,32486,0.15249646,CHATHAM,82.3206703
2021,1017,17031612000,Census Tract 6120,1208,612000,61,1.0,39573,0.030525864,NEW CITY,134.6369632
2021,786,17031612100,Census Tract 6121,1024,612100,61,1.0,39573,0.025876229,NEW CITY,134.6369632
2021,0,17031620100,Census Tract 6201,4400,620100,62,1.0,18022,0.244146044,WEST ELSDON,32.71109142
2021,11,17031620200,Census Tract 6202,2012,620200,62,1.0,18022,0.111641327,WEST ELSDON,32.71109142
2021,116,17031620300,Census Tract 6203,6918,620300,62,1.0,18022,0.383864166,WEST ELSDON,32.71109142
2021,25,17031620400,Census Tract 6204,4692,620400,62,1.0,18022,0.260348463,WEST ELSDON,32.71109142
2021,2293,17031730700,Census Tract 7307,2293,730700,73,1.0,26676,0.085957415,WASHINGTON HEIGHTS,79.63575286
2021,40,17031740100,Census Tract 7401,3115,740100,74,1.0,19477,0.159932228,MOUNT GREENWOOD,75.58429001
2021,228,17031740200,Census Tract 7402,6607,740200,74,1.0,19477,0.339220619,MOUNT GREENWOOD,75.58429001
2021,78,17031740300,Census Tract 7403,5017,740300,74,1.0,19477,0.257585871,MOUNT GREENWOOD,75.58429001
2021,290,17031740400,Census Tract 7404,4738,740400,74,1.0,19477,0.243261283,MOUNT GREENWOOD,75.58429001
2021,1112,17031381800,Census Tract 3818,1251,381800,38,1.0,24401,0.051268391,GRAND BOULEVARD,48.49250315
2021,1224,17031381900,Census Tract 3819,1275,381900,38,1.0,24401,0.052251957,GRAND BOULEVARD,48.49250315
2021,1425,17031390100,Census Tract 3901,1714,390100,39,1.0,18492,0.09268873,KENWOOD,29.07174192
2021,1561,17031390200,Census Tract 3902,2227,390200,39,1.0,18492,0.120430456,KENWOOD,29.07174192
2021,2496,17031390300,Census Tract 3903,2890,390300,39,1.0,18492,0.156283798,KENWOOD,29.07174192
2021,2058,17031390400,Census Tract 3904,2357,390400,39,1.0,18492,0.127460523,KENWOOD,29.07174192
2021,1115,17031390500,Census Tract 3905,1741,390500,39,1.0,18492,0.094148821,KENWOOD,29.07174192
2021,778,17031390600,Census Tract 3906,1706,390600,39,1.0,18492,0.092256111,KENWOOD,29.07174192
2021,3514,17031390700,Census Tract 3907,5857,390700,39,1.0,18492,0.31673156,KENWOOD,29.07174192
2021,1882,17031440600,Census Tract 4406,1899,440600,44,1.0,32486,0.05845595,CHATHAM,82.3206703
2021,2503,17031440900,Census Tract 4409,2514,440900,44,1.0,32486,0.077387182,CHATHAM,82.3206703
2021,1443,17031440700,Census Tract 4407,1455,440700,44,1.0,32486,0.044788524,CHATHAM,82.3206703
2021,1719,17031440800,Census Tract 4408,1823,440800,44,1.0,32486,0.056116481,CHATHAM,82.3206703
2021,203,17031630300,Census Tract 6303,5193,630300,63,1.0,35621,0.14578479,GAGE PARK,61.2848961
2021,2,17031630500,Census Tract 6305,5763,630500,63,1.0,35621,0.161786587,GAGE PARK,61.2848961
2021,100,17031630800,Census Tract 6308,6358,630800,63,1.0,35621,0.178490216,GAGE PARK,61.2848961
2021,473,17031630900,Census Tract 6309,4520,630900,63,1.0,35621,0.12689144,GAGE PARK,61.2848961
2021,35,17031640100,Census Tract 6401,1349,640100,64,1.0,25507,0.052887443,CLEARING,71.14519237
2021,258,17031640300,Census Tract 6403,7550,640300,64,1.0,25507,0.295997177,CLEARING,71.14519237
2021,3697,17031750100,Census Tract 7501,4061,750100,75,1.0,21627,0.187774541,MORGAN PARK,91.87734068
2021,1782,17031750200,Census Tract 7502,2856,750200,75,1.0,21627,0.132057151,MORGAN PARK,91.87734068
2021,156,17031750300,Census Tract 7503,2604,750300,75,1.0,21627,0.120405049,MORGAN PARK,91.87734068
2021,750,17031750400,Census Tract 7504,2907,750400,75,1.0,21627,0.134415314,MORGAN PARK,91.87734068
2021,3904,17031750500,Census Tract 7505,5278,750500,75,1.0,21627,0.244046793,MORGAN PARK,91.87734068
2021,881,17031282700,Census Tract 2827,2275,282700,28,1.0,65019,0.034989772,NEAR WEST SIDE,158.4924665
2021,244,17031282800,Census Tract 2828,1610,282800,28,1.0,65019,0.024761993,NEAR WEST SIDE,158.4924665
2021,1161,17031400300,Census Tract 4003,1211,400300,40,1.0,11607,0.104333592,WASHINGTON PARK,42.37388148
2021,2320,17031400500,Census Tract 4005,2348,400500,40,1.0,11607,0.202291721,WASHINGTON PARK,42.37388148
2021,2424,17031400800,Census Tract 4008,2462,400800,40,1.0,11607,0.21211338,WASHINGTON PARK,42.37388148
2021,985,17031410100,Census Tract 4101,2202,410100,41,1.0,28801,0.076455679,HYDE PARK,45.10538016
2021,1188,17031410500,Census Tract 4105,2891,410500,41,1.0,28801,0.100378459,HYDE PARK,45.10538016
2021,557,17031410600,Census Tract 4106,2245,410600,41,1.0,28801,0.077948682,HYDE PARK,45.10538016
2021,2085,17031460100,Census Tract 4601,2656,460100,46,1.0,30399,0.087371295,SOUTH CHICAGO,93.27218499
2021,3262,17031450300,Census Tract 4503,3340,450300,45,1.0,9782,0.341443468,AVALON PARK,34.85273773
2021,633,17031460200,Census Tract 4602,2221,460200,46,1.0,30399,0.073061614,SOUTH CHICAGO,93.27218499
2021,171,17031640400,Census Tract 6404,3467,640400,64,1.0,25507,0.135923472,CLEARING,71.14519237
2021,60,17031640500,Census Tract 6405,4025,640500,64,1.0,25507,0.15779982,CLEARING,71.14519237
2021,62,17031640600,Census Tract 6406,4337,640600,64,1.0,25507,0.170031756,CLEARING,71.14519237
2021,24,17031640700,Census Tract 6407,3237,640700,64,1.0,25507,0.126906339,CLEARING,71.14519237
2021,35,17031640800,Census Tract 6408,1542,640800,64,1.0,25507,0.060453993,CLEARING,71.14519237
2021,73,17031650100,Census Tract 6501,4584,650100,65,1.0,32398,0.141490215,WEST LAWN,82.31530167
2021,99,17031650200,Census Tract 6502,7042,650200,65,1.0,32398,0.217359096,WEST LAWN,82.31530167
2021,3814,17031750600,Census Tract 7506,3921,750600,75,1.0,21627,0.181301151,MORGAN PARK,91.87734068
2021,848,17031283100,Census Tract 2831,2980,283100,28,1.0,65019,0.045832757,NEAR WEST SIDE,158.4924665
2021,2075,17031283800,Census Tract 2838,3656,283800,28,1.0,65019,0.056229717,NEAR WEST SIDE,158.4924665
2021,620,17031410700,Census Tract 4107,2564,410700,41,1.0,28801,0.089024687,HYDE PARK,45.10538016
2021,626,17031410800,Census Tract 4108,2907,410800,41,1.0,28801,0.100933995,HYDE PARK,45.10538016
2021,846,17031410900,Census Tract 4109,3427,410900,41,1.0,28801,0.118988924,HYDE PARK,45.10538016
2021,1464,17031411000,Census Tract 4110,3741,411000,41,1.0,28801,0.129891323,HYDE PARK,45.10538016
2021,218,17031411100,Census Tract 4111,2416,411100,41,1.0,28801,0.083885976,HYDE PARK,45.10538016
2021,85,17031411200,Census Tract 4112,1646,411200,41,1.0,28801,0.057150793,HYDE PARK,45.10538016
2021,3596,17031460400,Census Tract 4604,3619,460400,46,1.0,30399,0.119049969,SOUTH CHICAGO,93.27218499
2021,5636,17031460500,Census Tract 4605,6115,460500,46,1.0,30399,0.201157933,SOUTH CHICAGO,93.27218499
2021,835,17031461000,Census Tract 4610,1284,461000,46,1.0,30399,0.042238232,SOUTH CHICAGO,93.27218499
2021,1493,17031420100,Census Tract 4201,1567,420100,42,1.0,23966,0.065384294,WOODLAWN,57.8151795
2021,1116,17031420200,Census Tract 4202,1753,420200,42,1.0,23966,0.073145289,WOODLAWN,57.8151795
2021,646,17031420400,Census Tract 4204,1173,420400,42,1.0,23966,0.048944338,WOODLAWN,57.8151795
2021,2508,17031420700,Census Tract 4207,2593,420700,42,1.0,23966,0.108194943,WOODLAWN,57.8151795
2021,2410,17031420800,Census Tract 4208,2563,420800,42,1.0,23966,0.106943169,WOODLAWN,57.8151795
2021,2535,17031470100,Census Tract 4701,2652,470100,47,1.0,2652,1.0,BURNSIDE,16.99598327
2021,2232,17031480100,Census Tract 4801,2241,480100,48,1.0,12843,0.174491941,CALUMET HEIGHTS,48.82624156
2021,999,17031480200,Census Tract 4802,1065,480200,48,1.0,12843,0.08292455,CALUMET HEIGHTS,48.82624156
2021,1366,17031480300,Census Tract 4803,1405,480300,48,1.0,12843,0.109398116,CALUMET HEIGHTS,48.82624156
2021,5292,17031480400,Census Tract 4804,5346,480400,48,1.0,12843,0.416257884,CALUMET HEIGHTS,48.82624156
2021,153,17031650400,Census Tract 6504,6707,650400,65,1.0,32398,0.207018952,WEST LAWN,82.31530167
2021,541,17031650500,Census Tract 6505,4511,650500,65,1.0,32398,0.13923699,WEST LAWN,82.31530167
2021,157,17031660400,Census Tract 6604,4614,660400,66,1.0,51169,0.090171784,CHICAGO LAWN,98.2794651
2021,4313,17031290900,Census Tract 2909,4366,290900,29,1.0,32106,0.135987043,NORTH LAWNDALE,89.48742201
2021,1913,17031291200,Census Tract 2912,1933,291200,29,1.0,32106,0.060206815,NORTH LAWNDALE,89.48742201
2021,1913,17031421200,Census Tract 4212,1994,421200,42,1.0,23966,0.083201202,WOODLAWN,57.8151795
2021,1332,17031271500,Census Tract 2715,1440,271500,27,1.0,19908,0.072332731,EAST GARFIELD PARK,53.88322084
2021,2253,17031292200,Census Tract 2922,2580,292200,29,1.0,32106,0.080358811,NORTH LAWNDALE,89.48742201
2021,1445,17031292400,Census Tract 2924,1880,292400,29,1.0,32106,0.058556033,NORTH LAWNDALE,89.48742201
2021,3012,17031292500,Census Tract 2925,3698,292500,29,1.0,32106,0.115180963,NORTH LAWNDALE,89.48742201
2021,535,17031271800,Census Tract 2718,554,271800,27,1.0,19908,0.027828009,EAST GARFIELD PARK,53.88322084
2021,208,17031280100,Census Tract 2801,7016,280100,28,1.0,65019,0.10790692,NEAR WEST SIDE,158.4924665
2021,1013,17031280400,Census Tract 2804,1471,280400,28,1.0,65019,0.022624156,NEAR WEST SIDE,158.4924665
2021,387,17031300600,Census Tract 3006,2862,300600,30,1.0,70281,0.040722244,SOUTH LAWNDALE,127.9982978
2021,263,17031300700,Census Tract 3007,4740,300700,30,1.0,70281,0.067443548,SOUTH LAWNDALE,127.9982978
2021,42,17031301100,Census Tract 3011,2150,301100,30,1.0,70281,0.030591483,SOUTH LAWNDALE,127.9982978
2021,950,17031301200,Census Tract 3012,5119,301200,30,1.0,70281,0.072836186,SOUTH LAWNDALE,127.9982978
2021,2444,17031480500,Census Tract 4805,2786,480500,48,1.0,12843,0.216927509,CALUMET HEIGHTS,48.82624156
2021,1955,17031490500,Census Tract 4905,2065,490500,49,1.0,39128,0.052775506,ROSELAND,134.3137067
2021,318,17031520200,Census Tract 5202,3577,520200,52,1.0,24429,0.146424332,EAST SIDE,83.24172803
2021,109,17031520300,Census Tract 5203,5859,520300,52,1.0,24429,0.239837898,EAST SIDE,83.24172803
2021,17,17031520400,Census Tract 5204,4805,520400,52,1.0,24429,0.196692456,EAST SIDE,83.24172803
2021,255,17031520500,Census Tract 5205,5264,520500,52,1.0,24429,0.2154816,EAST SIDE,83.24172803
2021,139,17031520600,Census Tract 5206,2655,520600,52,1.0,24429,0.108682304,EAST SIDE,83.24172803
2021,158,17031660500,Census Tract 6605,4364,660500,66,1.0,51169,0.085286013,CHICAGO LAWN,98.2794651
2021,2344,17031660600,Census Tract 6606,5266,660600,66,1.0,51169,0.102913874,CHICAGO LAWN,98.2794651
2021,1375,17031660700,Census Tract 6607,1529,660700,66,1.0,51169,0.029881373,CHICAGO LAWN,98.2794651
2021,3089,17031660800,Census Tract 6608,5728,660800,66,1.0,51169,0.111942778,CHICAGO LAWN,98.2794651
2021,3935,17031660900,Census Tract 6609,5081,660900,66,1.0,51169,0.099298403,CHICAGO LAWN,98.2794651
2021,4118,17031661000,Census Tract 6610,5576,661000,66,1.0,51169,0.108972229,CHICAGO LAWN,98.2794651
2021,897,17031280900,Census Tract 2809,1075,280900,28,1.0,65019,0.016533629,NEAR WEST SIDE,158.4924665
2021,113,17031301600,Census Tract 3016,3326,301600,30,1.0,70281,0.047324312,SOUTH LAWNDALE,127.9982978
2021,1341,17031490600,Census Tract 4906,1512,490600,49,1.0,39128,0.038642404,ROSELAND,134.3137067
2021,2800,17031490700,Census Tract 4907,2805,490700,49,1.0,39128,0.071687794,ROSELAND,134.3137067
2021,3592,17031490800,Census Tract 4908,3663,490800,49,1.0,39128,0.093615825,ROSELAND,134.3137067
2021,3454,17031491000,Census Tract 4910,3510,491000,49,1.0,39128,0.089705582,ROSELAND,134.3137067
2021,4238,17031491100,Census Tract 4911,4469,491100,49,1.0,39128,0.114214884,ROSELAND,134.3137067
2021,3920,17031530200,Census Tract 5302,4406,530200,53,1.0,26951,0.163481875,WEST PULLMAN,99.36519806
2021,3958,17031530300,Census Tract 5303,3974,530300,53,1.0,26951,0.147452785,WEST PULLMAN,99.36519806
2021,2078,17031530400,Census Tract 5304,2215,530400,53,1.0,26951,0.08218619,WEST PULLMAN,99.36519806
2021,2330,17031530600,Census Tract 5306,2344,530600,53,1.0,26951,0.086972654,WEST PULLMAN,99.36519806
2021,306,17031560100,Census Tract 5601,1331,560100,56,1.0,36704,0.036263078,GARFIELD RIDGE,117.8907784
2021,729,17031670200,Census Tract 6702,747,670200,67,1.0,26282,0.028422494,WEST ENGLEWOOD,87.94769193
2021,1050,17031670300,Census Tract 6703,1320,670300,67,1.0,26282,0.050224488,WEST ENGLEWOOD,87.94769193
2021,1332,17031670400,Census Tract 6704,1626,670400,67,1.0,26282,0.061867438,WEST ENGLEWOOD,87.94769193
2021,2816,17031661100,Census Tract 6611,7370,661100,66,1.0,51169,0.14403252,CHICAGO LAWN,98.2794651
2021,963,17031670100,Census Tract 6701,1329,670100,67,1.0,26282,0.050566928,WEST ENGLEWOOD,87.94769193
2021,800,17031670600,Census Tract 6706,1097,670600,67,1.0,26282,0.041739594,WEST ENGLEWOOD,87.94769193
2021,744,17031670700,Census Tract 6707,1170,670700,67,1.0,26282,0.04451716,WEST ENGLEWOOD,87.94769193
2021,1055,17031670800,Census Tract 6708,1077,670800,67,1.0,26282,0.040978617,WEST ENGLEWOOD,87.94769193
2021,1170,17031670900,Census Tract 6709,1314,670900,67,1.0,26282,0.049996195,WEST ENGLEWOOD,87.94769193
2021,1267,17031260900,Census Tract 2609,1467,260900,26,1.0,17289,0.08485164,WEST GARFIELD PARK,36.09284881
2021,2367,17031261000,Census Tract 2610,2443,261000,26,1.0,17289,0.141303719,WEST GARFIELD PARK,36.09284881
2021,223,17031281900,Census Tract 2819,6592,281900,28,1.0,65019,0.101385749,NEAR WEST SIDE,158.4924665
2021,78,17031310200,Census Tract 3102,1760,310200,31,1.0,33588,0.052399667,LOWER WEST SIDE,81.55072362
2021,106,17031310300,Census Tract 3103,1759,310300,31,1.0,33588,0.052369894,LOWER WEST SIDE,81.55072362
2021,57,17031310400,Census Tract 3104,1201,310400,31,1.0,33588,0.035756818,LOWER WEST SIDE,81.55072362
2021,0,17031310500,Census Tract 3105,1482,310500,31,1.0,33588,0.044122901,LOWER WEST SIDE,81.55072362
2021,1753,17031491200,Census Tract 4912,1901,491200,49,1.0,39128,0.048584134,ROSELAND,134.3137067
2021,2143,17031491300,Census Tract 4913,2179,491300,49,1.0,39128,0.055689021,ROSELAND,134.3137067
2021,2936,17031491400,Census Tract 4914,3010,491400,49,1.0,39128,0.076927009,ROSELAND,134.3137067
2021,3248,17031500100,Census Tract 5001,3308,500100,50,1.0,7147,0.462851546,PULLMAN,59.00155559
2021,1904,17031500200,Census Tract 5002,1963,500200,50,1.0,7147,0.274660697,PULLMAN,59.00155559
2021,568,17031500300,Census Tract 5003,1876,500300,50,1.0,7147,0.262487757,PULLMAN,59.00155559
2021,944,17031560200,Census Tract 5602,1547,560200,56,1.0,36704,0.042147995,GARFIELD RIDGE,117.8907784
2021,58,17031560300,Census Tract 5603,3213,560300,56,1.0,36704,0.087538143,GARFIELD RIDGE,117.8907784
2021,48,17031560700,Census Tract 5607,3682,560700,56,1.0,36704,0.100316042,GARFIELD RIDGE,117.8907784
2021,3,17031560800,Census Tract 5608,6077,560800,56,1.0,36704,0.165567786,GARFIELD RIDGE,117.8907784
2021,1,17031560900,Census Tract 5609,5394,560900,56,1.0,36704,0.146959459,GARFIELD RIDGE,117.8907784
2021,16,17031561000,Census Tract 5610,5947,561000,56,1.0,36704,0.162025937,GARFIELD RIDGE,117.8907784
2021,935,17031030101,Census Tract 301.01,3699,30101,77,1.0,58084,0.063683631,EDGEWATER,48.44999083
2021,511,17031030701,Census Tract 307.01,1509,30701,77,1.0,58084,0.025979616,EDGEWATER,48.44999083
2021,95,17031070103,Census Tract 701.03,1408,70103,7,1.0,69641,0.020217975,LINCOLN PARK,88.31640046
2021,123,17031831900,Census Tract 8319,3262,831900,6,1.0,102611,0.031789964,LAKE VIEW,87.21479926
2021,28,17031832600,Census Tract 8326,4423,832600,7,1.0,69641,0.063511437,LINCOLN PARK,88.31640046
2021,1691,17031836900,Census Tract 8369,1879,836900,27,1.0,19908,0.094384167,EAST GARFIELD PARK,53.88322084
2021,345,17031841200,Census Tract 8412,4455,841200,31,1.0,33588,0.132636656,LOWER WEST SIDE,81.55072362
2021,868,17031839500,Census Tract 8395,1552,839500,35,1.0,21278,0.072939186,DOUGLAS,46.00462115
2021,1559,17031835800,Census Tract 8358,1785,835800,38,1.0,24401,0.07315274,GRAND BOULEVARD,48.49250315
2021,1809,17031838800,Census Tract 8388,3101,838800,51,1.0,15198,0.204040005,SOUTH DEERING,303.7970596
2021,573,17031842300,Census Tract 8423,3678,842300,24,1.0,86881,0.042333767,WEST TOWN,127.5629046
2021,1110,17031841900,Census Tract 8419,6181,841900,28,1.0,65019,0.09506452,NEAR WEST SIDE,158.4924665
2021,124,17031843200,Census Tract 8432,2276,843200,31,1.0,33588,0.067762296,LOWER WEST SIDE,81.55072362
2021,717,17031843400,Census Tract 8434,1099,843400,29,1.0,32106,0.034230362,NORTH LAWNDALE,89.48742201
2021,356,17031842600,Census Tract 8426,4450,842600,61,1.0,39573,0.112450408,NEW CITY,134.6369632
2021,13,17031301803,Census Tract 3018.03,3230,301803,30,1.0,70281,0.045958367,SOUTH LAWNDALE,127.9982978
2021,1907,17031010300,Census Tract 103,6085,10300,1,1.0,55789,0.109071681,ROGERS PARK,51.25990244
2021,588,17031010400,Census Tract 104,4587,10400,1,1.0,55789,0.082220509,ROGERS PARK,51.25990244
2021,1509,17031010600,Census Tract 106,6553,10600,1,1.0,55789,0.117460431,ROGERS PARK,51.25990244
2021,1604,17031020100,Census Tract 201,3972,20100,2,1.0,79897,0.049714007,WEST RIDGE,98.42909484
2021,760,17031280800,Census Tract 2808,863,280800,28,1.0,65019,0.013273043,NEAR WEST SIDE,158.4924665
2021,986,17031420300,Census Tract 4203,2552,420300,42,1.0,23966,0.106484186,WOODLAWN,57.8151795
2021,252,17031100200,Census Tract 1002,7309,100200,10,1.0,39235,0.186287753,NORWOOD PARK,121.9591054
2021,773,17031020200,Census Tract 202,7159,20200,2,1.0,79897,0.089602864,WEST RIDGE,98.42909484
2021,30,17031130200,Census Tract 1302,1497,130200,13,1.0,18847,0.079429087,NORTH PARK,70.28870642
2021,945,17031020400,Census Tract 204,4115,20400,2,1.0,79897,0.051503811,WEST RIDGE,98.42909484
2021,92,17031080202,Census Tract 802.02,3758,80202,8,1.0,98505,0.038150348,NEAR NORTH SIDE,76.67589596
2021,33,17031240200,Census Tract 2402,1811,240200,24,1.0,86881,0.020844604,WEST TOWN,127.5629046
2021,1318,17031611800,Census Tract 6118,1996,611800,61,1.0,39573,0.05043843,NEW CITY,134.6369632
2021,78,17031060200,Census Tract 602,2188,60200,6,1.0,102611,0.02132325,LAKE VIEW,87.21479926
2021,452,17031221200,Census Tract 2212,3074,221200,22,1.0,71408,0.043048398,LOGAN SQUARE,100.0575667
2021,53,17031061200,Census Tract 612,2095,61200,6,1.0,102611,0.020416914,LAKE VIEW,87.21479926
2021,268,17031030200,Census Tract 302,5995,30200,77,1.0,58084,0.103212589,EDGEWATER,48.44999083
2021,672,17031030300,Census Tract 303,3828,30300,77,1.0,58084,0.065904552,EDGEWATER,48.44999083
2021,164,17031030400,Census Tract 304,2764,30400,77,1.0,58084,0.047586254,EDGEWATER,48.44999083
2021,208,17031030900,Census Tract 309,3149,30900,77,1.0,58084,0.054214586,EDGEWATER,48.44999083
2021,71,17031031000,Census Tract 310,3830,31000,3,1.0,59119,0.064784587,UPTOWN,65.09564272
2021,0,17031600600,Census Tract 6006,3061,600600,60,1.0,34427,0.088912772,BRIDGEPORT,58.29151927
2021,2024,17031420600,Census Tract 4206,2104,420600,42,1.0,23966,0.087791037,WOODLAWN,57.8151795
2021,60,17031110100,Census Tract 1101,5777,110100,11,1.0,27172,0.212608568,JEFFERSON PARK,64.86816167
2021,289,17031031400,Census Tract 314,4934,31400,3,1.0,59119,0.083458787,UPTOWN,65.09564272
2021,11,17031040900,Census Tract 409,1816,40900,4,1.0,42338,0.042892909,LINCOLN SQUARE,71.35232823
2021,149,17031050200,Census Tract 502,5915,50200,5,1.0,37094,0.159459751,NORTH CENTER,57.05416784
2021,28,17031050300,Census Tract 503,2755,50300,5,1.0,37094,0.074270772,NORTH CENTER,57.05416784
2021,184,17031071700,Census Tract 717,1628,71700,7,1.0,69641,0.023377034,LINCOLN PARK,88.31640046
2021,178,17031031800,Census Tract 318,2014,31800,3,1.0,59119,0.034066882,UPTOWN,65.09564272
2021,958,17031031700,Census Tract 317,6355,31700,3,1.0,59119,0.107495052,UPTOWN,65.09564272
2021,41,17031610400,Census Tract 6104,1902,610400,61,1.0,39573,0.048063073,NEW CITY,134.6369632
2021,12,17031050600,Census Tract 506,2188,50600,5,1.0,37094,0.058985281,NORTH CENTER,57.05416784
2021,21,17031050500,Census Tract 505,5587,50500,5,1.0,37094,0.150617351,NORTH CENTER,57.05416784
2021,134,17031071600,Census Tract 716,1969,71600,7,1.0,69641,0.028273574,LINCOLN PARK,88.31640046
2021,784,17031671400,Census Tract 6714,1263,671400,67,1.0,26282,0.048055704,WEST ENGLEWOOD,87.94769193
2021,40,17031062300,Census Tract 623,1639,62300,6,1.0,102611,0.015972946,LAKE VIEW,87.21479926
2021,85,17031630400,Census Tract 6304,6136,630400,63,1.0,35621,0.172257938,GAGE PARK,61.2848961
2021,1814,17031010100,Census Tract 101,4534,10100,1,1.0,55789,0.081270501,ROGERS PARK,51.25990244
2021,980,17031680600,Census Tract 6806,994,680600,68,1.0,21054,0.047211931,ENGLEWOOD,85.65232307
2021,615,17031030500,Census Tract 305,6703,30500,77,1.0,58084,0.115401832,EDGEWATER,48.44999083
2021,1150,17031020500,Census Tract 205,6560,20500,2,1.0,79897,0.082105711,WEST RIDGE,98.42909484
2021,324,17031081300,Census Tract 813,5860,81300,8,1.0,98505,0.059489366,NEAR NORTH SIDE,76.67589596
2021,1240,17031081000,Census Tract 810,8485,81000,8,1.0,98505,0.08613776,NEAR NORTH SIDE,76.67589596
2021,108,17031130100,Census Tract 1301,4888,130100,13,1.0,18847,0.259351621,NORTH PARK,70.28870642
2021,136,17031170200,Census Tract 1702,3969,170200,17,1.0,44277,0.08964022,DUNNING,103.5950012
2021,59,17031170300,Census Tract 1703,5225,170300,17,1.0,44277,0.118007092,DUNNING,103.5950012
2021,224,17031170400,Census Tract 1704,4334,170400,17,1.0,44277,0.097883777,DUNNING,103.5950012
2021,121,17031170500,Census Tract 1705,5309,170500,17,1.0,44277,0.119904239,DUNNING,103.5950012
2021,41,17031170600,Census Tract 1706,2390,170600,17,1.0,44277,0.053978363,DUNNING,103.5950012
2021,57,17031170700,Census Tract 1707,3357,170700,17,1.0,44277,0.075818145,DUNNING,103.5950012
2021,458,17031170800,Census Tract 1708,4086,170800,17,1.0,44277,0.092282675,DUNNING,103.5950012
2021,3183,17031251400,Census Tract 2514,3771,251400,25,1.0,97313,0.038751246,AUSTIN,199.2542034
2021,1647,17031260300,Census Tract 2603,1842,260300,26,1.0,17289,0.106541732,WEST GARFIELD PARK,36.09284881
2021,1772,17031260500,Census Tract 2605,1791,260500,26,1.0,17289,0.103591879,WEST GARFIELD PARK,36.09284881
2021,2228,17031260600,Census Tract 2606,2324,260600,26,1.0,17289,0.13442073,WEST GARFIELD PARK,36.09284881
2021,1477,17031260700,Census Tract 2607,1602,260700,26,1.0,17289,0.092660073,WEST GARFIELD PARK,36.09284881
2021,2211,17031260800,Census Tract 2608,2337,260800,26,1.0,17289,0.135172653,WEST GARFIELD PARK,36.09284881
2021,0,17031050700,Census Tract 507,1501,50700,5,1.0,37094,0.040464765,NORTH CENTER,57.05416784
2021,37,17031050900,Census Tract 509,1532,50900,5,1.0,37094,0.04130048,NORTH CENTER,57.05416784
2021,86,17031051000,Census Tract 510,1746,51000,5,1.0,37094,0.047069607,NORTH CENTER,57.05416784
2021,72,17031051100,Census Tract 511,1939,51100,5,1.0,37094,0.052272605,NORTH CENTER,57.05416784
2021,60,17031051200,Census Tract 512,1564,51200,5,1.0,37094,0.042163153,NORTH CENTER,57.05416784
2021,0,17031170900,Census Tract 1709,2161,170900,17,1.0,44277,0.048806378,DUNNING,103.5950012
2021,614,17031171000,Census Tract 1710,6807,171000,17,1.0,44277,0.153736703,DUNNING,103.5950012
2021,152,17031171100,Census Tract 1711,4514,171100,17,1.0,44277,0.101949093,DUNNING,103.5950012
2021,320,17031180100,Census Tract 1801,6463,180100,18,1.0,13776,0.469149245,MONTCLARE,27.57639363
2021,111,17031190100,Census Tract 1901,2353,190100,19,1.0,78610,0.029932579,BELMONT CRAGIN,109.0994147
2021,121,17031222200,Census Tract 2222,2320,222200,22,1.0,71408,0.032489357,LOGAN SQUARE,100.0575667
2021,71,17031222500,Census Tract 2225,1574,222500,22,1.0,71408,0.022042348,LOGAN SQUARE,100.0575667
2021,149,17031222600,Census Tract 2226,1650,222600,22,1.0,71408,0.023106655,LOGAN SQUARE,100.0575667
2021,3572,17031251500,Census Tract 2515,4305,251500,25,1.0,97313,0.044238694,AUSTIN,199.2542034
2021,3430,17031251600,Census Tract 2516,4518,251600,25,1.0,97313,0.046427507,AUSTIN,199.2542034
2021,1033,17031251700,Census Tract 2517,1368,251700,25,1.0,97313,0.014057731,AUSTIN,199.2542034
2021,4548,17031251800,Census Tract 2518,4973,251800,25,1.0,97313,0.051103141,AUSTIN,199.2542034
2021,5172,17031251900,Census Tract 2519,5476,251900,25,1.0,97313,0.056272029,AUSTIN,199.2542034
2021,5252,17031252000,Census Tract 2520,5557,252000,25,1.0,97313,0.057104395,AUSTIN,199.2542034
2021,322,17031130300,Census Tract 1303,5481,130300,13,1.0,18847,0.290815514,NORTH PARK,70.28870642
2021,463,17031190200,Census Tract 1902,6283,190200,19,1.0,78610,0.079926218,BELMONT CRAGIN,109.0994147
2021,117,17031190300,Census Tract 1903,5725,190300,19,1.0,78610,0.072827884,BELMONT CRAGIN,109.0994147
2021,305,17031190800,Census Tract 1908,6533,190800,19,1.0,78610,0.083106475,BELMONT CRAGIN,109.0994147
2021,918,17031260100,Census Tract 2601,1075,260100,26,1.0,17289,0.062178264,WEST GARFIELD PARK,36.09284881
2021,1070,17031260200,Census Tract 2602,1170,260200,26,1.0,17289,0.067673087,WEST GARFIELD PARK,36.09284881
2021,905,17031530100,Census Tract 5301,1937,530100,53,1.0,26951,0.071871174,WEST PULLMAN,99.36519806
2021,45,17031061800,Census Tract 618,1305,61800,6,1.0,102611,0.012717935,LAKE VIEW,87.21479926
2021,505,17031410200,Census Tract 4102,1484,410200,41,1.0,28801,0.051525989,HYDE PARK,45.10538016
2021,262,17031222900,Census Tract 2229,1052,222900,22,1.0,71408,0.014732243,LOGAN SQUARE,100.0575667
2021,179,17031241000,Census Tract 2410,1837,241000,24,1.0,86881,0.021143863,WEST TOWN,127.5629046
2021,228,17031190900,Census Tract 1909,2078,190900,19,1.0,78610,0.026434296,BELMONT CRAGIN,109.0994147
2021,187,17031191200,Census Tract 1912,4127,191200,19,1.0,78610,0.052499682,BELMONT CRAGIN,109.0994147
2021,166,17031200100,Census Tract 2001,3673,200100,20,1.0,23201,0.158312142,HERMOSA,32.6020594
2021,218,17031200200,Census Tract 2002,4248,200200,20,1.0,23201,0.183095556,HERMOSA,32.6020594
2021,249,17031200300,Census Tract 2003,1977,200300,20,1.0,23201,0.085211844,HERMOSA,32.6020594
2021,319,17031222700,Census Tract 2227,2357,222700,22,1.0,71408,0.033007506,LOGAN SQUARE,100.0575667
2021,330,17031230100,Census Tract 2301,1743,230100,23,1.0,55785,0.031244958,HUMBOLDT PARK,100.4808765
2021,215,17031230200,Census Tract 2302,1979,230200,23,1.0,55785,0.035475486,HUMBOLDT PARK,100.4808765
2021,87,17031230300,Census Tract 2303,825,230300,23,1.0,55785,0.014788922,HUMBOLDT PARK,100.4808765
2021,66,17031230400,Census Tract 2304,2281,230400,23,1.0,55785,0.040889128,HUMBOLDT PARK,100.4808765
2021,534,17031230500,Census Tract 2305,3379,230500,23,1.0,55785,0.060571838,HUMBOLDT PARK,100.4808765
2021,2183,17031351100,Census Tract 3511,2230,351100,35,1.0,21278,0.104803083,DOUGLAS,46.00462115
2021,531,17031611700,Census Tract 6117,1790,611700,61,1.0,39573,0.045232861,NEW CITY,134.6369632
2021,71,17031300500,Census Tract 3005,3214,300500,30,1.0,70281,0.04573071,SOUTH LAWNDALE,127.9982978
2021,593,17031381500,Census Tract 3815,612,381500,38,1.0,24401,0.025080939,GRAND BOULEVARD,48.49250315
2021,1902,17031420500,Census Tract 4205,1978,420500,42,1.0,23966,0.082533589,WOODLAWN,57.8151795
2021,103,17031081500,Census Tract 815,4766,81500,8,1.0,98505,0.048383331,NEAR NORTH SIDE,76.67589596
2021,131,17031081600,Census Tract 816,3659,81600,8,1.0,98505,0.037145323,NEAR NORTH SIDE,76.67589596
2021,238,17031081700,Census Tract 817,4677,81700,8,1.0,98505,0.047479823,NEAR NORTH SIDE,76.67589596
2021,310,17031081800,Census Tract 818,11295,81800,8,1.0,98505,0.11466423,NEAR NORTH SIDE,76.67589596
2021,311,17031081900,Census Tract 819,1197,81900,8,1.0,98505,0.012151667,NEAR NORTH SIDE,76.67589596
2021,126,17031222800,Census Tract 2228,1000,222800,22,1.0,71408,0.014004033,LOGAN SQUARE,100.0575667
2021,258,17031050800,Census Tract 508,1439,50800,5,1.0,37094,0.038793336,NORTH CENTER,57.05416784
2021,141,17031210100,Census Tract 2101,4162,210100,21,1.0,36820,0.113036393,AVONDALE,55.29059546
2021,314,17031210400,Census Tract 2104,2325,210400,21,1.0,36820,0.06314503,AVONDALE,55.29059546
2021,820,17031230700,Census Tract 2307,5847,230700,23,1.0,55785,0.104813122,HUMBOLDT PARK,100.4808765
2021,89,17031230800,Census Tract 2308,1084,230800,23,1.0,55785,0.019431747,HUMBOLDT PARK,100.4808765
2021,984,17031230900,Census Tract 2309,5031,230900,23,1.0,55785,0.090185534,HUMBOLDT PARK,100.4808765
2021,119,17031550200,Census Tract 5502,2749,550200,55,1.0,9243,0.297414259,HEGEWISCH,145.9657414
2021,721,17031670500,Census Tract 6705,832,670500,67,1.0,26282,0.031656647,WEST ENGLEWOOD,87.94769193
2021,0,17031580800,Census Tract 5808,2110,580800,58,1.0,43197,0.048845985,BRIGHTON PARK,75.8927903
2021,2292,17031230600,Census Tract 2306,8743,230600,23,1.0,55785,0.156726719,HUMBOLDT PARK,100.4808765
2021,56,17031242300,Census Tract 2423,3636,242300,24,1.0,86881,0.041850347,WEST TOWN,127.5629046
2021,336,17031242200,Census Tract 2422,3972,242200,24,1.0,86881,0.045717706,WEST TOWN,127.5629046
2021,703,17031032100,Census Tract 321,7944,32100,3,1.0,59119,0.134373044,UPTOWN,65.09564272
2021,0,17031300800,Census Tract 3008,4387,300800,30,1.0,70281,0.062420853,SOUTH LAWNDALE,127.9982978
2021,248,17031060900,Census Tract 609,7223,60900,6,1.0,102611,0.070392063,LAKE VIEW,87.21479926
2021,73,17031061000,Census Tract 610,2283,61000,6,1.0,102611,0.022249077,LAKE VIEW,87.21479926
2021,165,17031210700,Census Tract 2107,3795,210700,21,1.0,36820,0.103068984,AVONDALE,55.29059546
2021,86,17031291600,Census Tract 2916,1396,291600,29,1.0,32106,0.043480969,NORTH LAWNDALE,89.48742201
2021,2050,17031400400,Census Tract 4004,2152,400400,40,1.0,11607,0.185405359,WASHINGTON PARK,42.37388148
2021,377,17031191100,Census Tract 1911,6748,191100,19,1.0,78610,0.085841496,BELMONT CRAGIN,109.0994147
2021,1,17031120100,Census Tract 1201,4470,120100,12,1.0,20311,0.22007779,FOREST GLEN,89.13089362
2021,406,17031611200,Census Tract 6112,2033,611200,61,1.0,39573,0.051373411,NEW CITY,134.6369632
2021,1,17031300900,Census Tract 3009,3982,300900,30,1.0,70281,0.056658272,SOUTH LAWNDALE,127.9982978
2021,57,17031061100,Census Tract 611,1399,61100,6,1.0,102611,0.013634016,LAKE VIEW,87.21479926
2021,113,17031061500,Census Tract 615,2050,61500,6,1.0,102611,0.019978365,LAKE VIEW,87.21479926
2021,172,17031062000,Census Tract 620,3181,62000,6,1.0,102611,0.031000575,LAKE VIEW,87.21479926
2021,130,17031062100,Census Tract 621,3521,62100,6,1.0,102611,0.03431406,LAKE VIEW,87.21479926
2021,127,17031062200,Census Tract 622,3145,62200,6,1.0,102611,0.030649735,LAKE VIEW,87.21479926
2021,162,17031090200,Census Tract 902,6540,90200,9,1.0,11494,0.568992518,EDISON PARK,31.63631378
2021,36,17031090100,Census Tract 901,3492,90100,9,1.0,11494,0.303810684,EDISON PARK,31.63631378
2021,1238,17031260400,Census Tract 2604,1238,260400,26,1.0,17289,0.071606224,WEST GARFIELD PARK,36.09284881
2021,591,17031351500,Census Tract 3515,910,351500,35,1.0,21278,0.042767177,DOUGLAS,46.00462115
2021,29,17031210800,Census Tract 2108,1150,210800,21,1.0,36820,0.031233026,AVONDALE,55.29059546
2021,345,17031210900,Census Tract 2109,3157,210900,21,1.0,36820,0.085741445,AVONDALE,55.29059546
2021,509,17031081100,Census Tract 811,4453,81100,8,1.0,98505,0.045205827,NEAR NORTH SIDE,76.67589596
2021,131,17031241200,Census Tract 2412,1663,241200,24,1.0,86881,0.019141124,WEST TOWN,127.5629046
2021,2119,17031031200,Census Tract 312,5878,31200,3,1.0,59119,0.09942658,UPTOWN,65.09564272
2021,45,17031062500,Census Tract 625,1557,62500,6,1.0,102611,0.015173812,LAKE VIEW,87.21479926
2021,26,17031062600,Census Tract 626,2474,62600,6,1.0,102611,0.024110475,LAKE VIEW,87.21479926
2021,130,17031062700,Census Tract 627,3066,62700,6,1.0,102611,0.029879837,LAKE VIEW,87.21479926
2021,63,17031062800,Census Tract 628,3613,62800,6,1.0,102611,0.03521065,LAKE VIEW,87.21479926
2021,176,17031062900,Census Tract 629,3956,62900,6,1.0,102611,0.038553371,LAKE VIEW,87.21479926
2021,216,17031063000,Census Tract 630,3315,63000,6,1.0,102611,0.032306478,LAKE VIEW,87.21479926
2021,89,17031062400,Census Tract 624,1622,62400,6,1.0,102611,0.015807272,LAKE VIEW,87.21479926
2021,13,17031063100,Census Tract 631,2343,63100,6,1.0,102611,0.022833809,LAKE VIEW,87.21479926
2021,456,17031063200,Census Tract 632,6387,63200,6,1.0,102611,0.062244789,LAKE VIEW,87.21479926
2021,153,17031063400,Census Tract 634,2737,63400,6,1.0,102611,0.026673554,LAKE VIEW,87.21479926
2021,0,17031090300,Census Tract 903,1462,90300,9,1.0,11494,0.127196798,EDISON PARK,31.63631378
2021,0,17031100100,Census Tract 1001,5831,100100,10,1.0,39235,0.148617306,NORWOOD PARK,121.9591054
2021,95,17031100300,Census Tract 1003,6393,100300,10,1.0,39235,0.162941251,NORWOOD PARK,121.9591054
2021,276,17031140100,Census Tract 1401,3334,140100,14,1.0,48647,0.068534545,ALBANY PARK,53.54223081
2021,580,17031140200,Census Tract 1402,6669,140200,14,1.0,48647,0.137089646,ALBANY PARK,53.54223081
2021,98,17031140400,Census Tract 1404,5765,140400,14,1.0,48647,0.118506794,ALBANY PARK,53.54223081
2021,245,17031140500,Census Tract 1405,3466,140500,14,1.0,48647,0.07124797,ALBANY PARK,53.54223081
2021,410,17031242700,Census Tract 2427,1823,242700,24,1.0,86881,0.020982723,WEST TOWN,127.5629046
2021,196,17031070200,Census Tract 702,4092,70200,7,1.0,69641,0.05875849,LINCOLN PARK,88.31640046
2021,60,17031070300,Census Tract 703,3558,70300,7,1.0,69641,0.051090593,LINCOLN PARK,88.31640046
2021,77,17031070400,Census Tract 704,3420,70400,7,1.0,69641,0.049109002,LINCOLN PARK,88.31640046
2021,255,17031070500,Census Tract 705,3264,70500,7,1.0,69641,0.046868942,LINCOLN PARK,88.31640046
2021,26,17031070600,Census Tract 706,3235,70600,7,1.0,69641,0.046452521,LINCOLN PARK,88.31640046
2021,418,17031070700,Census Tract 707,3834,70700,7,1.0,69641,0.055053776,LINCOLN PARK,88.31640046
2021,3,17031100400,Census Tract 1004,3476,100400,10,1.0,39235,0.088594367,NORWOOD PARK,121.9591054
2021,61,17031100600,Census Tract 1006,5093,100600,10,1.0,39235,0.12980757,NORWOOD PARK,121.9591054
2021,88,17031100700,Census Tract 1007,5504,100700,10,1.0,39235,0.140282911,NORWOOD PARK,121.9591054
2021,214,17031110200,Census Tract 1102,2857,110200,11,1.0,27172,0.105145002,JEFFERSON PARK,64.86816167
2021,159,17031150200,Census Tract 1502,7556,150200,15,1.0,65563,0.115247929,PORTAGE PARK,110.1960971
2021,133,17031150300,Census Tract 1503,7373,150300,15,1.0,65563,0.112456721,PORTAGE PARK,110.1960971
2021,86,17031140800,Census Tract 1408,6100,140800,14,1.0,48647,0.125393138,ALBANY PARK,53.54223081
2021,4692,17031231200,Census Tract 2312,6292,231200,23,1.0,55785,0.112790177,HUMBOLDT PARK,100.4808765
2021,884,17031231100,Census Tract 2311,1331,231100,23,1.0,55785,0.02385946,HUMBOLDT PARK,100.4808765
2021,103,17031242400,Census Tract 2424,2851,242400,24,1.0,86881,0.032815,WEST TOWN,127.5629046
2021,396,17031242500,Census Tract 2425,3362,242500,24,1.0,86881,0.038696608,WEST TOWN,127.5629046
2021,119,17031120200,Census Tract 1202,4862,120200,12,1.0,20311,0.239377677,FOREST GLEN,89.13089362
2021,4,17031120300,Census Tract 1203,7214,120300,12,1.0,20311,0.355176998,FOREST GLEN,89.13089362
2021,48,17031120400,Census Tract 1204,3765,120400,12,1.0,20311,0.185367535,FOREST GLEN,89.13089362
2021,4373,17031231500,Census Tract 2315,5865,231500,23,1.0,55785,0.105135789,HUMBOLDT PARK,100.4808765
2021,52,17031071100,Census Tract 711,3425,71100,7,1.0,69641,0.049180799,LINCOLN PARK,88.31640046
2021,356,17031071000,Census Tract 710,4918,71000,7,1.0,69641,0.070619319,LINCOLN PARK,88.31640046
2021,160,17031071200,Census Tract 712,2217,71200,7,1.0,69641,0.031834695,LINCOLN PARK,88.31640046
2021,29,17031071300,Census Tract 713,3996,71300,7,1.0,69641,0.057379992,LINCOLN PARK,88.31640046
2021,13,17031110300,Census Tract 1103,5537,110300,11,1.0,27172,0.203775946,JEFFERSON PARK,64.86816167
2021,71,17031220300,Census Tract 2203,2027,220300,22,1.0,71408,0.028386175,LOGAN SQUARE,100.0575667
2021,122,17031220400,Census Tract 2204,2819,220400,22,1.0,71408,0.039477369,LOGAN SQUARE,100.0575667
2021,223,17031220500,Census Tract 2205,2512,220500,22,1.0,71408,0.035178131,LOGAN SQUARE,100.0575667
2021,85,17031240300,Census Tract 2403,1294,240300,24,1.0,86881,0.014893935,WEST TOWN,127.5629046
2021,58,17031240500,Census Tract 2405,2518,240500,24,1.0,86881,0.028982171,WEST TOWN,127.5629046
2021,16,17031060400,Census Tract 604,3804,60400,6,1.0,102611,0.037072049,LAKE VIEW,87.21479926
2021,37,17031060500,Census Tract 605,1241,60500,6,1.0,102611,0.01209422,LAKE VIEW,87.21479926
2021,133,17031240800,Census Tract 2408,1430,240800,24,1.0,86881,0.016459295,WEST TOWN,127.5629046
2021,161,17031240600,Census Tract 2406,1641,240600,24,1.0,86881,0.018887904,WEST TOWN,127.5629046
2021,264,17031240700,Census Tract 2407,1704,240700,24,1.0,86881,0.019613034,WEST TOWN,127.5629046
2021,197,17031240900,Census Tract 2409,1094,240900,24,1.0,86881,0.012591936,WEST TOWN,127.5629046
2021,957,17031242600,Census Tract 2426,5533,242600,24,1.0,86881,0.06368481,WEST TOWN,127.5629046
2021,183,17031310600,Census Tract 3106,5598,310600,31,1.0,33588,0.166666667,LOWER WEST SIDE,81.55072362
2021,101,17031310700,Census Tract 3107,1486,310700,31,1.0,33588,0.044241991,LOWER WEST SIDE,81.55072362
2021,45,17031310800,Census Tract 3108,4383,310800,31,1.0,33588,0.130493033,LOWER WEST SIDE,81.55072362
2021,550,17031020602,Census Tract 206.02,5823,20602,2,1.0,79897,0.072881335,WEST RIDGE,98.42909484
2021,220,17031310900,Census Tract 3109,4855,310900,31,1.0,33588,0.144545671,LOWER WEST SIDE,81.55072362
2021,555,17031510100,Census Tract 5101,3735,510100,51,1.0,15198,0.245756021,SOUTH DEERING,303.7970596
2021,2941,17031510200,Census Tract 5102,4017,510200,51,1.0,15198,0.264311094,SOUTH DEERING,303.7970596
2021,27,17031561100,Census Tract 5611,5748,561100,56,1.0,36704,0.156604185,GARFIELD RIDGE,117.8907784
2021,124,17031190701,Census Tract 1907.01,3066,190701,19,1.0,78610,0.039002671,BELMONT CRAGIN,109.0994147
2021,1827,17031020901,Census Tract 209.01,6237,20901,2,1.0,79897,0.078063006,WEST RIDGE,98.42909484
2021,1043,17031010202,Census Tract 102.02,3124,10202,1,1.0,55789,0.055996702,ROGERS PARK,51.25990244
2021,22,17031570100,Census Tract 5701,1321,570100,57,1.0,13591,0.097196674,ARCHER HEIGHTS,55.92250571
2021,44,17031570200,Census Tract 5702,2271,570200,57,1.0,13591,0.167095872,ARCHER HEIGHTS,55.92250571
2021,142,17031570300,Census Tract 5703,5617,570300,57,1.0,13591,0.413288205,ARCHER HEIGHTS,55.92250571
2021,2,17031570400,Census Tract 5704,1761,570400,57,1.0,13591,0.12957104,ARCHER HEIGHTS,55.92250571
2021,45,17031570500,Census Tract 5705,2621,570500,57,1.0,13591,0.192848208,ARCHER HEIGHTS,55.92250571
2021,2727,17031690400,Census Tract 6904,2748,690400,69,1.0,29309,0.093759596,GREATER GRAND CROSSING,98.85316769
2021,2394,17031691300,Census Tract 6913,2445,691300,69,1.0,29309,0.083421475,GREATER GRAND CROSSING,98.85316769
2021,2655,17031691400,Census Tract 6914,2798,691400,69,1.0,29309,0.095465557,GREATER GRAND CROSSING,98.85316769
2021,1927,17031691500,Census Tract 6915,2002,691500,69,1.0,29309,0.068306663,GREATER GRAND CROSSING,98.85316769
2021,389,17031320400,Census Tract 3204,3058,320400,32,1.0,39834,0.07676859,LOOP,46.33556545
2021,222,17031580100,Census Tract 5801,2626,580100,58,1.0,43197,0.060791259,BRIGHTON PARK,75.8927903
2021,101,17031580200,Census Tract 5802,3239,580200,58,1.0,43197,0.074982059,BRIGHTON PARK,75.8927903
2021,31,17031580300,Census Tract 5803,2536,580300,58,1.0,43197,0.058707781,BRIGHTON PARK,75.8927903
2021,86,17031580400,Census Tract 5804,5164,580400,58,1.0,43197,0.119545339,BRIGHTON PARK,75.8927903
2021,179,17031580600,Census Tract 5806,4941,580600,58,1.0,43197,0.114382943,BRIGHTON PARK,75.8927903
2021,220,17031580700,Census Tract 5807,6356,580700,58,1.0,43197,0.147139848,BRIGHTON PARK,75.8927903
2021,2267,17031681300,Census Tract 6813,2350,681300,68,1.0,21054,0.111617745,ENGLEWOOD,85.65232307
2021,2017,17031681400,Census Tract 6814,2129,681400,68,1.0,21054,0.101120927,ENGLEWOOD,85.65232307
2021,2283,17031690300,Census Tract 6903,2361,690300,69,1.0,29309,0.080555461,GREATER GRAND CROSSING,98.85316769
2021,898,17031690500,Census Tract 6905,898,690500,69,1.0,29309,0.030639053,GREATER GRAND CROSSING,98.85316769
2021,4046,17031690900,Census Tract 6909,4109,690900,69,1.0,29309,0.140195844,GREATER GRAND CROSSING,98.85316769
2021,1952,17031691000,Census Tract 6910,2072,691000,69,1.0,29309,0.070695008,GREATER GRAND CROSSING,98.85316769
2021,2375,17031700100,Census Tract 7001,3882,700100,70,1.0,44215,0.087798259,ASHBURN,135.4603372
2021,1257,17031700200,Census Tract 7002,6971,700200,70,1.0,44215,0.157661427,ASHBURN,135.4603372
2021,477,17031320600,Census Tract 3206,5537,320600,32,1.0,39834,0.139001858,LOOP,46.33556545
2021,1024,17031330200,Census Tract 3302,3990,330200,33,1.0,26816,0.148791766,NEAR SOUTH SIDE,49.76963944
2021,182,17031590500,Census Tract 5905,1746,590500,59,1.0,15558,0.112225222,MCKINLEY PARK,39.43179964
2021,101,17031590600,Census Tract 5906,3701,590600,59,1.0,15558,0.237884047,MCKINLEY PARK,39.43179964
2021,802,17031671200,Census Tract 6712,815,671200,67,1.0,26282,0.031009817,WEST ENGLEWOOD,87.94769193
2021,1026,17031671100,Census Tract 6711,1033,671100,67,1.0,26282,0.039304467,WEST ENGLEWOOD,87.94769193
2021,1503,17031671300,Census Tract 6713,1607,671300,67,1.0,26282,0.06114451,WEST ENGLEWOOD,87.94769193
2021,2095,17031671500,Census Tract 6715,2263,671500,67,1.0,26282,0.086104558,WEST ENGLEWOOD,87.94769193
2021,1546,17031671600,Census Tract 6716,1719,671600,67,1.0,26282,0.065405981,WEST ENGLEWOOD,87.94769193
2021,1189,17031671800,Census Tract 6718,1242,671800,67,1.0,26282,0.047256678,WEST ENGLEWOOD,87.94769193
2021,840,17031671900,Census Tract 6719,1293,671900,67,1.0,26282,0.049197169,WEST ENGLEWOOD,87.94769193
2021,1094,17031710100,Census Tract 7101,1100,710100,71,1.0,48039,0.022898062,AUBURN GRESHAM,105.0653536
2021,4340,17031710200,Census Tract 7102,4471,710200,71,1.0,48039,0.093070214,AUBURN GRESHAM,105.0653536
2021,5184,17031710400,Census Tract 7104,5615,710400,71,1.0,48039,0.116884198,AUBURN GRESHAM,105.0653536
2021,4031,17031710500,Census Tract 7105,4192,710500,71,1.0,48039,0.087262433,AUBURN GRESHAM,105.0653536
2021,1721,17031710600,Census Tract 7106,1859,710600,71,1.0,48039,0.038697725,AUBURN GRESHAM,105.0653536
2021,4601,17031710800,Census Tract 7108,4650,710800,71,1.0,48039,0.096796353,AUBURN GRESHAM,105.0653536
2021,0,17031340300,Census Tract 3403,1800,340300,34,1.0,13284,0.135501355,ARMOUR SQUARE,27.76619609
2021,70,17031340500,Census Tract 3405,1730,340500,34,1.0,13284,0.130231858,ARMOUR SQUARE,27.76619609
2021,931,17031340600,Census Tract 3406,1105,340600,34,1.0,13284,0.083182776,ARMOUR SQUARE,27.76619609
2021,5048,17031430200,Census Tract 4302,5560,430200,43,1.0,54209,0.102565995,SOUTH SHORE,81.81271638
2021,2394,17031430300,Census Tract 4303,2437,430300,43,1.0,54209,0.044955635,SOUTH SHORE,81.81271638
2021,787,17031030604,Census Tract 306.04,3234,30604,77,1.0,58084,0.055677984,EDGEWATER,48.44999083
2021,2286,17031031502,Census Tract 315.02,4878,31502,3,1.0,59119,0.082511545,UPTOWN,65.09564272
2021,276,17031081402,Census Tract 814.02,5613,81402,8,1.0,98505,0.056981879,NEAR NORTH SIDE,76.67589596
2021,65,17031080201,Census Tract 802.01,3199,80201,8,1.0,98505,0.032475509,NEAR NORTH SIDE,76.67589596
2021,32,17031760802,Census Tract 7608.02,2351,760802,76,1.0,13418,0.175212401,OHARE,371.8356076
2021,341,17031140601,Census Tract 1406.01,2821,140601,14,1.0,48647,0.057989187,ALBANY PARK,53.54223081
2021,245,17031070102,Census Tract 701.02,3359,70102,7,1.0,69641,0.048233081,LINCOLN PARK,88.31640046
2021,575,17031210502,Census Tract 2105.02,4652,210502,21,1.0,36820,0.126344378,AVONDALE,55.29059546
2021,3369,17031540102,Census Tract 5401.02,3399,540102,54,1.0,7934,0.428409377,RIVERDALE,98.3894974
2021,2084,17031700402,Census Tract 7004.02,3502,700402,70,1.0,44215,0.07920389,ASHBURN,135.4603372
2021,200,17031030800,Census Tract 308,4164,30800,77,1.0,58084,0.071689278,EDGEWATER,48.44999083
2021,376,17031031100,Census Tract 311,4685,31100,3,1.0,59119,0.079246943,UPTOWN,65.09564272
2021,1176,17031031300,Census Tract 313,7237,31300,3,1.0,59119,0.122414114,UPTOWN,65.09564272
2021,304,17031031900,Census Tract 319,2599,31900,3,1.0,59119,0.043962178,UPTOWN,65.09564272
2021,466,17031160501,Census Tract 1605.01,3718,160501,16,1.0,54280,0.068496684,IRVING PARK,89.61138229
2021,391,17031040100,Census Tract 401,3982,40100,4,1.0,42338,0.094052624,LINCOLN SQUARE,71.35232823
2021,216,17031040300,Census Tract 403,2988,40300,4,1.0,42338,0.070574897,LINCOLN SQUARE,71.35232823
2021,1303,17031611600,Census Tract 6116,1742,611600,61,1.0,39573,0.044019913,NEW CITY,134.6369632
2021,33,17031340400,Census Tract 3404,1584,340400,34,1.0,13284,0.119241192,ARMOUR SQUARE,27.76619609
2021,2688,17031430700,Census Tract 4307,2831,430700,43,1.0,54209,0.0522238,SOUTH SHORE,81.81271638
2021,84,17031191000,Census Tract 1910,2731,191000,19,1.0,78610,0.034741127,BELMONT CRAGIN,109.0994147
2021,0,17031560400,Census Tract 5604,1608,560400,56,1.0,36704,0.043809939,GARFIELD RIDGE,117.8907784
2021,3722,17031710700,Census Tract 7107,3751,710700,71,1.0,48039,0.078082391,AUBURN GRESHAM,105.0653536
2021,612,17031550100,Census Tract 5501,6494,550100,55,1.0,9243,0.702585741,HEGEWISCH,145.9657414
2021,946,17031283200,Census Tract 2832,1787,283200,28,1.0,65019,0.027484274,NEAR WEST SIDE,158.4924665
2021,45,17031100500,Census Tract 1005,5629,100500,10,1.0,39235,0.143468842,NORWOOD PARK,121.9591054
2022,4606,17031510300,Census Tract 5103,4640,510300,51,1.0,15218,0.30490209,SOUTH DEERING,303.7970596
2022,81,17031520100,Census Tract 5201,2062,520100,52,1.0,23942,0.086124802,EAST SIDE,83.24172803
2022,25,17031590700,Census Tract 5907,2914,590700,59,1.0,15479,0.188255055,MCKINLEY PARK,39.43179964
2022,271,17031600400,Census Tract 6004,3963,600400,60,1.0,33221,0.119292014,BRIDGEPORT,58.29151927
2022,998,17031830600,Census Tract 8306,4788,830600,1,1.0,55711,0.08594353,ROGERS PARK,51.25990244
2022,139,17031830800,Census Tract 8308,2415,830800,4,1.0,42271,0.057131367,LINCOLN SQUARE,71.35232823
2022,1731,17031830700,Census Tract 8307,4249,830700,3,1.0,57464,0.073941946,UPTOWN,65.09564272
2022,99,17031830900,Census Tract 8309,2957,830900,22,1.0,71220,0.041519236,LOGAN SQUARE,100.0575667
2022,278,17031835200,Census Tract 8352,2276,835200,56,1.0,36401,0.062525755,GARFIELD RIDGE,117.8907784
2022,175,17031839900,Census Tract 8399,4558,839900,60,1.0,33221,0.137202372,BRIDGEPORT,58.29151927
2022,228,17031839700,Census Tract 8397,4753,839700,60,1.0,33221,0.143072153,BRIDGEPORT,58.29151927
2022,119,17031839800,Census Tract 8398,2662,839800,60,1.0,33221,0.080130038,BRIDGEPORT,58.29151927
2022,1549,17031834800,Census Tract 8348,1683,834800,68,1.0,21378,0.078725793,ENGLEWOOD,85.65232307
2022,1152,17031834700,Census Tract 8347,1344,834700,68,1.0,21378,0.062868369,ENGLEWOOD,85.65232307
2022,106,17031832000,Census Tract 8320,1701,832000,6,1.0,101739,0.016719252,LAKE VIEW,87.21479926
2022,165,17031832500,Census Tract 8325,3277,832500,7,1.0,69099,0.047424709,LINCOLN PARK,88.31640046
2022,219,17031832300,Census Tract 8323,1938,832300,22,1.0,71220,0.027211457,LOGAN SQUARE,100.0575667
2022,627,17031838300,Census Tract 8383,2483,838300,8,1.0,101208,0.024533634,NEAR NORTH SIDE,76.67589596
2022,262,17031831800,Census Tract 8318,7918,831800,13,1.0,19398,0.408186411,NORTH PARK,70.28870642
2022,61,17031831700,Census Tract 8317,2224,831700,15,1.0,64213,0.034634731,PORTAGE PARK,110.1960971
2022,608,17031835100,Census Tract 8351,4666,835100,63,1.0,34788,0.13412671,GAGE PARK,61.2848961
2022,1980,17031835000,Census Tract 8350,5549,835000,66,1.0,52464,0.105767765,CHICAGO LAWN,98.2794651
2022,97,17031843700,Census Tract 8437,2453,843700,5,1.0,35814,0.068492768,NORTH CENTER,57.05416784
2022,209,17031220702,Census Tract 2207.02,3959,220702,22,1.0,71220,0.055588318,LOGAN SQUARE,100.0575667
2022,3418,17031842100,Census Tract 8421,7110,842100,23,1.0,55416,0.128302295,HUMBOLDT PARK,100.4808765
2022,1238,17031843300,Census Tract 8433,1572,843300,29,1.0,30409,0.051695222,NORTH LAWNDALE,89.48742201
2022,217,17031831100,Census Tract 8311,7191,831100,21,1.0,36374,0.197696157,AVONDALE,55.29059546
2022,547,17031831500,Census Tract 8315,3859,831500,19,1.0,73991,0.052154992,BELMONT CRAGIN,109.0994147
2022,702,17031831600,Census Tract 8316,7221,831600,18,1.0,13765,0.524591355,MONTCLARE,27.57639363
2022,494,17031831200,Census Tract 8312,4710,831200,20,1.0,23157,0.203394222,HERMOSA,32.6020594
2022,25,17031831000,Census Tract 8310,1112,831000,22,0.5,71220,0.015613592,LOGAN SQUARE,100.0575667
2022,25,17031831000,Census Tract 8310,1112,831000,24,0.5,86514,0.012853411,WEST TOWN,127.5629046
2022,2262,17031843000,Census Tract 8430,2399,843000,29,1.0,30409,0.078891118,NORTH LAWNDALE,89.48742201
2022,1186,17031843100,Census Tract 8431,1564,843100,29,1.0,30409,0.051432142,NORTH LAWNDALE,89.48742201
2022,2458,17031842900,Census Tract 8429,3216,842900,28,1.0,65581,0.049038593,NEAR WEST SIDE,158.4924665
2022,6073,17031843500,Census Tract 8435,9398,843500,30,1.0,69708,0.134819533,SOUTH LAWNDALE,127.9982978
2022,1098,17031842000,Census Tract 8420,2794,842000,35,1.0,21355,0.13083587,DOUGLAS,46.00462115
2022,276,17031832400,Census Tract 8324,3558,832400,22,1.0,71220,0.049957877,LOGAN SQUARE,100.0575667
2022,54,17031832900,Census Tract 8329,2092,832900,28,1.0,65581,0.031899483,NEAR WEST SIDE,158.4924665
2022,115,17031840300,Census Tract 8403,3646,840300,59,1.0,15479,0.235544932,MCKINLEY PARK,39.43179964
2022,1176,17031838600,Census Tract 8386,1518,838600,29,1.0,30409,0.049919432,NORTH LAWNDALE,89.48742201
2022,1679,17031839600,Census Tract 8396,1965,839600,35,1.0,21355,0.092015921,DOUGLAS,46.00462115
2022,895,17031834900,Census Tract 8349,905,834900,67,1.0,25772,0.035115629,WEST ENGLEWOOD,87.94769193
2022,606,17031030603,Census Tract 306.03,2305,30603,77,1.0,56099,0.041088076,EDGEWATER,48.44999083
2022,219,17031832200,Census Tract 8322,3216,832200,22,1.0,71220,0.045155855,LOGAN SQUARE,100.0575667
2022,2067,17031836700,Census Tract 8367,2507,836700,23,1.0,55416,0.045239642,HUMBOLDT PARK,100.4808765
2022,2508,17031836800,Census Tract 8368,2635,836800,27,1.0,19901,0.132405407,EAST GARFIELD PARK,53.88322084
2022,488,17031836600,Census Tract 8366,2275,836600,23,1.0,55416,0.041053125,HUMBOLDT PARK,100.4808765
2022,257,17031833000,Census Tract 8330,4677,833000,28,1.0,65581,0.071316387,NEAR WEST SIDE,158.4924665
2022,2320,17031842500,Census Tract 8425,2449,842500,69,1.0,28991,0.084474492,GREATER GRAND CROSSING,98.85316769
2022,1948,17031841800,Census Tract 8418,2330,841800,69,1.0,28991,0.08036977,GREATER GRAND CROSSING,98.85316769
2022,0,17031980100,Census Tract 9801,0,980100,56,0.5,36401,0.0,GARFIELD RIDGE,117.8907784
2022,0,17031980100,Census Tract 9801,0,980100,64,0.5,24728,0.0,CLEARING,71.14519237
2022,84,17031842800,Census Tract 8428,6069,842800,58,1.0,42243,0.143668774,BRIGHTON PARK,75.8927903
2022,620,17031843800,Census Tract 8438,1479,843800,61,1.0,41048,0.036030988,NEW CITY,134.6369632
2022,414,17031841000,Census Tract 8410,1148,841000,33,1.0,28216,0.040686136,NEAR SOUTH SIDE,49.76963944
2022,1315,17031836500,Census Tract 8365,1522,836500,36,1.0,6977,0.218145335,OAKLAND,16.91396104
2022,1632,17031843900,Census Tract 8439,1850,843900,42,0.5,24645,0.075065936,WOODLAWN,57.8151795
2022,1632,17031843900,Census Tract 8439,1850,843900,43,0.5,54974,0.033652272,SOUTH SHORE,81.81271638
2022,5663,17031834200,Census Tract 8342,5689,834200,43,1.0,54974,0.103485284,SOUTH SHORE,81.81271638
2022,363,17031842200,Census Tract 8422,3602,842200,8,1.0,101208,0.035590072,NEAR NORTH SIDE,76.67589596
2022,1888,17031838000,Census Tract 8380,2671,838000,28,1.0,65581,0.04072826,NEAR WEST SIDE,158.4924665
2022,1983,17031010702,Census Tract 107.02,5148,10702,1,1.0,55711,0.09240545,ROGERS PARK,51.25990244
2022,425,17031010503,Census Tract 105.03,2417,10503,1,1.0,55711,0.04338461,ROGERS PARK,51.25990244
2022,854,17031010502,Census Tract 105.02,3407,10502,1,1.0,55711,0.061154889,ROGERS PARK,51.25990244
2022,914,17031010701,Census Tract 107.01,3590,10701,1,1.0,55711,0.064439698,ROGERS PARK,51.25990244
2022,864,17031020902,Census Tract 209.02,4365,20902,2,1.0,79265,0.055068441,WEST RIDGE,98.42909484
2022,532,17031020302,Census Tract 203.02,5201,20302,2,1.0,79265,0.065615341,WEST RIDGE,98.42909484
2022,650,17031020601,Census Tract 206.01,5868,20601,2,1.0,79265,0.074030152,WEST RIDGE,98.42909484
2022,262,17031020301,Census Tract 203.01,5432,20301,2,1.0,79265,0.068529616,WEST RIDGE,98.42909484
2022,1010,17031760803,Census Tract 7608.03,6862,760803,76,1.0,13771,0.498293515,OHARE,371.8356076
2022,5020,17031530501,Census Tract 5305.01,5118,530501,53,1.0,25449,0.201108099,WEST PULLMAN,99.36519806
2022,4235,17031530503,Census Tract 5305.03,4369,530503,53,1.0,25449,0.171676687,WEST PULLMAN,99.36519806
2022,47,17031650301,Census Tract 6503.01,4863,650301,65,1.0,32594,0.149199239,WEST LAWN,82.31530167
2022,117,17031650302,Census Tract 6503.02,4945,650302,65,1.0,32594,0.15171504,WEST LAWN,82.31530167
2022,1464,17031530502,Census Tract 5305.02,1464,530502,53,1.0,25449,0.057526818,WEST PULLMAN,99.36519806
2022,265,17031831300,Census Tract 8313,1176,831300,25,1.0,100120,0.011745905,AUSTIN,199.2542034
2022,1523,17031831400,Census Tract 8314,2962,831400,25,1.0,100120,0.029584499,AUSTIN,199.2542034
2022,1466,17031837000,Census Tract 8370,1843,837000,27,1.0,19901,0.092608412,EAST GARFIELD PARK,53.88322084
2022,3059,17031842400,Census Tract 8424,3207,842400,44,1.0,31341,0.102326027,CHATHAM,82.3206703
2022,1049,17031832100,Census Tract 8321,3592,832100,6,1.0,101739,0.035306028,LAKE VIEW,87.21479926
2022,869,17031020802,Census Tract 208.02,8715,20802,2,1.0,79265,0.109947644,WEST RIDGE,98.42909484
2022,298,17031020702,Census Tract 207.02,8412,20702,2,1.0,79265,0.106125024,WEST RIDGE,98.42909484
2022,770,17031020801,Census Tract 208.01,5990,20801,2,1.0,79265,0.075569293,WEST RIDGE,98.42909484
2022,336,17031040202,Census Tract 402.02,7965,40202,4,1.0,42271,0.188427054,LINCOLN SQUARE,71.35232823
2022,149,17031040201,Census Tract 402.01,6688,40201,4,1.0,42271,0.158217217,LINCOLN SQUARE,71.35232823
2022,248,17031040402,Census Tract 404.02,4581,40402,4,1.0,42271,0.10837217,LINCOLN SQUARE,71.35232823
2022,1768,17031031501,Census Tract 315.01,4640,31501,3,1.0,57464,0.080746206,UPTOWN,65.09564272
2022,77,17031081201,Census Tract 812.01,4428,81201,8,1.0,101208,0.043751482,NEAR NORTH SIDE,76.67589596
2022,264,17031063301,Census Tract 633.01,2992,63301,6,1.0,101739,0.029408585,LAKE VIEW,87.21479926
2022,3084,17031490901,Census Tract 4909.01,3084,490901,49,1.0,37610,0.081999468,ROSELAND,134.3137067
2022,4677,17031490902,Census Tract 4909.02,4697,490902,49,1.0,37610,0.124886998,ROSELAND,134.3137067
2022,2,17031301801,Census Tract 3018.01,4086,301801,30,1.0,69708,0.058615941,SOUTH LAWNDALE,127.9982978
2022,360,17031700301,Census Tract 7003.01,6124,700301,70,1.0,42745,0.143268219,ASHBURN,135.4603372
2022,0,17031301702,Census Tract 3017.02,4086,301702,30,1.0,69708,0.058615941,SOUTH LAWNDALE,127.9982978
2022,3363,17031700401,Census Tract 7004.01,6218,700401,70,1.0,42745,0.145467306,ASHBURN,135.4603372
2022,814,17031837100,Census Tract 8371,1515,837100,27,1.0,19901,0.076126828,EAST GARFIELD PARK,53.88322084
2022,1745,17031837400,Census Tract 8374,2186,837400,27,1.0,19901,0.109843726,EAST GARFIELD PARK,53.88322084
2022,1919,17031837800,Census Tract 8378,2875,837800,28,1.0,65581,0.043838917,NEAR WEST SIDE,158.4924665
2022,2385,17031837300,Census Tract 8373,2515,837300,27,1.0,19901,0.126375559,EAST GARFIELD PARK,53.88322084
2022,1749,17031841500,Census Tract 8415,1909,841500,29,1.0,30409,0.062777467,NORTH LAWNDALE,89.48742201
2022,2939,17031838700,Census Tract 8387,3737,838700,29,1.0,30409,0.122891249,NORTH LAWNDALE,89.48742201
2022,48,17031150501,Census Tract 1505.01,3854,150501,15,1.0,64213,0.060018999,PORTAGE PARK,110.1960971
2022,85,17031150401,Census Tract 1504.01,5146,150401,15,1.0,64213,0.080139536,PORTAGE PARK,110.1960971
2022,123,17031150502,Census Tract 1505.02,3953,150502,15,1.0,64213,0.061560743,PORTAGE PARK,110.1960971
2022,251,17031110502,Census Tract 1105.02,3533,110502,11,1.0,27032,0.130696952,JEFFERSON PARK,64.86816167
2022,211,17031150402,Census Tract 1504.02,3945,150402,15,1.0,64213,0.061436158,PORTAGE PARK,110.1960971
2022,227,17031140302,Census Tract 1403.02,3311,140302,14,1.0,47663,0.069466882,ALBANY PARK,53.54223081
2022,95,17031140301,Census Tract 1403.01,2908,140301,14,1.0,47663,0.061011686,ALBANY PARK,53.54223081
2022,846,17031700302,Census Tract 7003.02,6003,700302,70,1.0,42745,0.140437478,ASHBURN,135.4603372
2022,184,17031580501,Census Tract 5805.01,4716,580501,58,1.0,42243,0.111639798,BRIGHTON PARK,75.8927903
2022,11,17031580502,Census Tract 5805.02,4932,580502,58,1.0,42243,0.116753072,BRIGHTON PARK,75.8927903
2022,5385,17031730201,Census Tract 7302.01,5671,730201,73,1.0,26456,0.214355912,WASHINGTON HEIGHTS,79.63575286
2022,11,17031301802,Census Tract 3018.02,2623,301802,30,1.0,69708,0.037628393,SOUTH LAWNDALE,127.9982978
2022,3921,17031440101,Census Tract 4401.01,3986,440101,44,1.0,31341,0.127181647,CHATHAM,82.3206703
2022,0,17031301701,Census Tract 3017.01,4205,301701,30,1.0,69708,0.060323062,SOUTH LAWNDALE,127.9982978
2022,1089,17031839100,Census Tract 8391,8227,839100,32,1.0,41671,0.197427468,LOOP,46.33556545
2022,538,17031833100,Census Tract 8331,8469,833100,28,1.0,65581,0.129138013,NEAR WEST SIDE,158.4924665
2022,827,17031838100,Census Tract 8381,1501,838100,28,1.0,65581,0.022887727,NEAR WEST SIDE,158.4924665
2022,113,17031833300,Census Tract 8333,2686,833300,28,1.0,65581,0.040956984,NEAR WEST SIDE,158.4924665
2022,565,17031838200,Census Tract 8382,1834,838200,28,1.0,65581,0.027965417,NEAR WEST SIDE,158.4924665
2022,218,17031140702,Census Tract 1407.02,5572,140702,14,1.0,47663,0.116904098,ALBANY PARK,53.54223081
2022,490,17031140602,Census Tract 1406.02,4703,140602,14,1.0,47663,0.098671926,ALBANY PARK,53.54223081
2022,221,17031140701,Census Tract 1407.01,2990,140701,14,1.0,47663,0.062732098,ALBANY PARK,53.54223081
2022,213,17031160502,Census Tract 1605.02,4012,160502,16,1.0,53584,0.074873096,IRVING PARK,89.61138229
2022,109,17031160602,Census Tract 1606.02,3757,160602,16,1.0,53584,0.070114213,IRVING PARK,89.61138229
2022,117,17031151002,Census Tract 1510.02,4892,151002,15,1.0,64213,0.07618395,PORTAGE PARK,110.1960971
2022,0,17031151001,Census Tract 1510.01,2816,151001,15,1.0,64213,0.043854048,PORTAGE PARK,110.1960971
2022,89,17031190402,Census Tract 1904.02,4896,190402,19,1.0,73991,0.06617021,BELMONT CRAGIN,109.0994147
2022,3323,17031431301,Census Tract 4313.01,3555,431301,43,1.0,54974,0.064666933,SOUTH SHORE,81.81271638
2022,3322,17031431302,Census Tract 4313.02,3788,431302,43,1.0,54974,0.068905301,SOUTH SHORE,81.81271638
2022,3512,17031460302,Census Tract 4603.02,4212,460302,46,1.0,30315,0.138941118,SOUTH CHICAGO,93.27218499
2022,2256,17031460301,Census Tract 4603.01,3189,460301,46,1.0,30315,0.105195448,SOUTH CHICAGO,93.27218499
2022,5692,17031700501,Census Tract 7005.01,6565,700501,70,1.0,42745,0.153585215,ASHBURN,135.4603372
2022,3114,17031700502,Census Tract 7005.02,3656,700502,70,1.0,42745,0.085530471,ASHBURN,135.4603372
2022,247,17031210601,Census Tract 2106.01,2818,210601,21,1.0,36374,0.07747292,AVONDALE,55.29059546
2022,245,17031841100,Census Tract 8411,6990,841100,34,1.0,13193,0.529826423,ARMOUR SQUARE,27.76619609
2022,22,17031840200,Census Tract 8402,2198,840200,60,1.0,33221,0.066162969,BRIDGEPORT,58.29151927
2022,219,17031841300,Census Tract 8413,4317,841300,31,1.0,34237,0.126091655,LOWER WEST SIDE,81.55072362
2022,172,17031840700,Census Tract 8407,3930,840700,30,1.0,69708,0.056378034,SOUTH LAWNDALE,127.9982978
2022,509,17031841700,Census Tract 8417,1137,841700,30,1.0,69708,0.016310897,SOUTH LAWNDALE,127.9982978
2022,177,17031190602,Census Tract 1906.02,5554,190602,19,1.0,73991,0.075063183,BELMONT CRAGIN,109.0994147
2022,285,17031190401,Census Tract 1904.01,4119,190401,19,1.0,73991,0.055668933,BELMONT CRAGIN,109.0994147
2022,332,17031190702,Census Tract 1907.02,4707,190702,19,1.0,73991,0.063615845,BELMONT CRAGIN,109.0994147
2022,308,17031191302,Census Tract 1913.02,4439,191302,19,1.0,73991,0.059993783,BELMONT CRAGIN,109.0994147
2022,167,17031190601,Census Tract 1906.01,3986,190601,19,1.0,73991,0.053871417,BELMONT CRAGIN,109.0994147
2022,332,17031191301,Census Tract 1913.01,5211,191301,19,1.0,73991,0.070427484,BELMONT CRAGIN,109.0994147
2022,137,17031200402,Census Tract 2004.02,5072,200402,20,1.0,23157,0.219026644,HERMOSA,32.6020594
2022,292,17031200401,Census Tract 2004.01,3408,200401,20,1.0,23157,0.147169322,HERMOSA,32.6020594
2022,73,17031220902,Census Tract 2209.02,3194,220902,22,1.0,71220,0.044846953,LOGAN SQUARE,100.0575667
2022,178,17031210501,Census Tract 2105.01,2866,210501,21,1.0,36374,0.078792544,AVONDALE,55.29059546
2022,103,17031160601,Census Tract 1606.01,3003,160601,16,1.0,53584,0.056042849,IRVING PARK,89.61138229
2022,333,17031061901,Census Tract 619.01,3517,61901,6,1.0,101739,0.034568848,LAKE VIEW,87.21479926
2022,228,17031840800,Census Tract 8408,3258,840800,30,1.0,69708,0.046737821,SOUTH LAWNDALE,127.9982978
2022,602,17031030703,Census Tract 307.03,3093,30703,77,1.0,56099,0.055134673,EDGEWATER,48.44999083
2022,201,17031081403,Census Tract 814.03,8987,81403,8,1.0,101208,0.088797328,NEAR NORTH SIDE,76.67589596
2022,149,17031030702,Census Tract 307.02,2266,30702,77,1.0,56099,0.040392877,EDGEWATER,48.44999083
2022,3253,17031440102,Census Tract 4401.02,3320,440102,44,1.0,31341,0.105931527,CHATHAM,82.3206703
2022,2743,17031440202,Census Tract 4402.02,2763,440202,44,1.0,31341,0.08815928,CHATHAM,82.3206703
2022,108,17031830500,Census Tract 8305,3948,830500,30,1.0,69708,0.056636254,SOUTH LAWNDALE,127.9982978
2022,182,17031840100,Census Tract 8401,2880,840100,60,1.0,33221,0.086692153,BRIDGEPORT,58.29151927
2022,56,17031840400,Census Tract 8404,3434,840400,59,1.0,15479,0.221848957,MCKINLEY PARK,39.43179964
2022,1480,17031839200,Census Tract 8392,2375,839200,35,1.0,21355,0.111215172,DOUGLAS,46.00462115
2022,1196,17031835500,Census Tract 8355,1393,835500,37,1.0,2142,0.650326797,FULLER PARK,19.91670487
2022,200,17031070101,Census Tract 701.01,4583,70101,7,1.0,69099,0.066325128,LINCOLN PARK,88.31640046
2022,308,17031110501,Census Tract 1105.01,5097,110501,11,1.0,27032,0.188554306,JEFFERSON PARK,64.86816167
2022,266,17031030104,Census Tract 301.04,3106,30104,77,1.0,56099,0.055366406,EDGEWATER,48.44999083
2022,68,17031081401,Census Tract 814.01,2171,81401,8,1.0,101208,0.021450873,NEAR NORTH SIDE,76.67589596
2022,3326,17031430102,Census Tract 4301.02,3542,430102,43,1.0,54974,0.064430458,SOUTH SHORE,81.81271638
2022,3399,17031430101,Census Tract 4301.01,3468,430101,43,1.0,54974,0.063084367,SOUTH SHORE,81.81271638
2022,1474,17031252101,Census Tract 2521.01,1492,252101,25,1.0,100120,0.014902117,AUSTIN,199.2542034
2022,796,17031010501,Census Tract 105.01,3913,10501,1,1.0,55711,0.070237476,ROGERS PARK,51.25990244
2022,201,17031020701,Census Tract 207.01,1728,20701,2,1.0,79265,0.02180029,WEST RIDGE,98.42909484
2022,4016,17031010201,Census Tract 102.01,8210,10201,1,1.0,55711,0.147367665,ROGERS PARK,51.25990244
2022,267,17031760801,Census Tract 7608.01,4718,760801,76,1.0,13771,0.342604023,OHARE,371.8356076
2022,1034,17031839000,Census Tract 8390,10190,839000,32,1.0,41671,0.244534568,LOOP,46.33556545
2022,6096,17031440201,Census Tract 4402.01,6096,440201,44,1.0,31341,0.1945056,CHATHAM,82.3206703
2022,4237,17031540101,Census Tract 5401.01,4460,540101,54,1.0,7817,0.570551362,RIVERDALE,98.3894974
2022,3239,17031834000,Census Tract 8340,3274,834000,49,1.0,37610,0.087051316,ROSELAND,134.3137067
2022,1269,17031833900,Census Tract 8339,2696,833900,46,1.0,30315,0.088932872,SOUTH CHICAGO,93.27218499
2022,138,17031221000,Census Tract 2210,2571,221000,22,1.0,71220,0.03609941,LOGAN SQUARE,100.0575667
2022,405,17031221100,Census Tract 2211,4542,221100,22,1.0,71220,0.063774221,LOGAN SQUARE,100.0575667
2022,6,17031242800,Census Tract 2428,1450,242800,24,1.0,86514,0.016760293,WEST TOWN,127.5629046
2022,123,17031242900,Census Tract 2429,2032,242900,24,1.0,86514,0.023487528,WEST TOWN,127.5629046
2022,35,17031243000,Census Tract 2430,2223,243000,24,1.0,86514,0.025695263,WEST TOWN,127.5629046
2022,66,17031243100,Census Tract 2431,2159,243100,24,1.0,86514,0.024955499,WEST TOWN,127.5629046
2022,237,17031243200,Census Tract 2432,2329,243200,24,1.0,86514,0.026920498,WEST TOWN,127.5629046
2022,76,17031243300,Census Tract 2433,2285,243300,24,1.0,86514,0.02641191,WEST TOWN,127.5629046
2022,126,17031243400,Census Tract 2434,2931,243400,24,1.0,86514,0.03387891,WEST TOWN,127.5629046
2022,283,17031071400,Census Tract 714,4763,71400,7,1.0,69099,0.068930086,LINCOLN PARK,88.31640046
2022,183,17031110400,Census Tract 1104,4501,110400,11,1.0,27032,0.166506363,JEFFERSON PARK,64.86816167
2022,77,17031150600,Census Tract 1506,4223,150600,15,1.0,64213,0.065765499,PORTAGE PARK,110.1960971
2022,131,17031150700,Census Tract 1507,4453,150700,15,1.0,64213,0.069347328,PORTAGE PARK,110.1960971
2022,239,17031150800,Census Tract 1508,4668,150800,15,1.0,64213,0.07269556,PORTAGE PARK,110.1960971
2022,120,17031151100,Census Tract 1511,5447,151100,15,1.0,64213,0.08482706,PORTAGE PARK,110.1960971
2022,105,17031151200,Census Tract 1512,4057,151200,15,1.0,64213,0.063180353,PORTAGE PARK,110.1960971
2022,41,17031241500,Census Tract 2415,2823,241500,24,1.0,86514,0.032630557,WEST TOWN,127.5629046
2022,488,17031241100,Census Tract 2411,3650,241100,24,1.0,86514,0.042189703,WEST TOWN,127.5629046
2022,71,17031241600,Census Tract 2416,3397,241600,24,1.0,86514,0.039265321,WEST TOWN,127.5629046
2022,123,17031241300,Census Tract 2413,1888,241300,24,1.0,86514,0.021823058,WEST TOWN,127.5629046
2022,512,17031241400,Census Tract 2414,5584,241400,24,1.0,86514,0.064544467,WEST TOWN,127.5629046
2022,747,17031243500,Census Tract 2435,4567,243500,24,1.0,86514,0.052789144,WEST TOWN,127.5629046
2022,1418,17031250200,Census Tract 2502,3051,250200,25,1.0,100120,0.030473432,AUSTIN,199.2542034
2022,3157,17031250300,Census Tract 2503,4844,250300,25,1.0,100120,0.048381942,AUSTIN,199.2542034
2022,4227,17031250400,Census Tract 2504,5513,250400,25,1.0,100120,0.055063923,AUSTIN,199.2542034
2022,1824,17031250500,Census Tract 2505,6903,250500,25,1.0,100120,0.068947263,AUSTIN,199.2542034
2022,114,17031071500,Census Tract 715,5991,71500,7,1.0,69099,0.086701689,LINCOLN PARK,88.31640046
2022,260,17031071800,Census Tract 718,2726,71800,7,1.0,69099,0.039450643,LINCOLN PARK,88.31640046
2022,93,17031080100,Census Tract 801,6607,80100,8,1.0,101208,0.065281401,NEAR NORTH SIDE,76.67589596
2022,33,17031080300,Census Tract 803,5836,80300,8,1.0,101208,0.057663426,NEAR NORTH SIDE,76.67589596
2022,2336,17031080400,Census Tract 804,4888,80400,8,1.0,101208,0.048296577,NEAR NORTH SIDE,76.67589596
2022,7,17031160100,Census Tract 1601,2757,160100,16,1.0,53584,0.051451926,IRVING PARK,89.61138229
2022,120,17031160200,Census Tract 1602,3356,160200,16,1.0,53584,0.062630636,IRVING PARK,89.61138229
2022,274,17031160300,Census Tract 1603,3685,160300,16,1.0,53584,0.068770529,IRVING PARK,89.61138229
2022,440,17031160400,Census Tract 1604,5171,160400,16,1.0,53584,0.096502687,IRVING PARK,89.61138229
2022,477,17031160700,Census Tract 1607,6265,160700,16,1.0,53584,0.11691923,IRVING PARK,89.61138229
2022,362,17031221300,Census Tract 2213,3011,221300,22,1.0,71220,0.04227745,LOGAN SQUARE,100.0575667
2022,388,17031221500,Census Tract 2215,2767,221500,22,1.0,71220,0.038851446,LOGAN SQUARE,100.0575667
2022,360,17031221400,Census Tract 2214,3083,221400,22,1.0,71220,0.043288402,LOGAN SQUARE,100.0575667
2022,3686,17031250600,Census Tract 2506,4542,250600,25,1.0,100120,0.045365561,AUSTIN,199.2542034
2022,4848,17031250700,Census Tract 2507,6466,250700,25,1.0,100120,0.064582501,AUSTIN,199.2542034
2022,2320,17031250800,Census Tract 2508,2693,250800,25,1.0,100120,0.026897723,AUSTIN,199.2542034
2022,976,17031251000,Census Tract 2510,1380,251000,25,1.0,100120,0.01378346,AUSTIN,199.2542034
2022,3263,17031251100,Census Tract 2511,4544,251100,25,1.0,100120,0.045385537,AUSTIN,199.2542034
2022,245,17031051400,Census Tract 514,2535,51400,5,1.0,35814,0.070782376,NORTH CENTER,57.05416784
2022,32,17031060100,Census Tract 601,3178,60100,6,1.0,101739,0.031236792,LAKE VIEW,87.21479926
2022,54,17031060300,Census Tract 603,2821,60300,6,1.0,101739,0.027727813,LAKE VIEW,87.21479926
2022,234,17031060800,Census Tract 608,5319,60800,6,1.0,101739,0.052280836,LAKE VIEW,87.21479926
2022,48,17031160800,Census Tract 1608,5236,160800,16,1.0,53584,0.097715736,IRVING PARK,89.61138229
2022,620,17031320101,Census Tract 3201.01,8705,320101,32,1.0,41671,0.208898275,LOOP,46.33556545
2022,2462,17031330103,Census Tract 3301.03,8471,330103,33,1.0,28216,0.300219733,NEAR SOUTH SIDE,49.76963944
2022,3383,17031380600,Census Tract 3806,4025,380600,38,1.0,24813,0.162213356,GRAND BOULEVARD,48.49250315
2022,2866,17031330102,Census Tract 3301.02,9617,330102,33,1.0,28216,0.340834987,NEAR SOUTH SIDE,49.76963944
2022,204,17031330101,Census Tract 3301.01,5011,330101,33,1.0,28216,0.177594273,NEAR SOUTH SIDE,49.76963944
2022,2865,17031460800,Census Tract 4608,4376,460800,46,1.0,30315,0.144350981,SOUTH CHICAGO,93.27218499
2022,281,17031630600,Census Tract 6306,2746,630600,63,1.0,34788,0.078935265,GAGE PARK,61.2848961
2022,2794,17031490200,Census Tract 4902,2944,490200,49,1.0,37610,0.078277054,ROSELAND,134.3137067
2022,1137,17031612200,Census Tract 6122,3687,612200,61,1.0,41048,0.089821672,NEW CITY,134.6369632
2022,1367,17031844700,Census Tract 8447,1753,844700,29,1.0,30409,0.057647407,NORTH LAWNDALE,89.48742201
2022,2124,17031844600,Census Tract 8446,2275,844600,38,1.0,24813,0.09168581,GRAND BOULEVARD,48.49250315
2022,213,17031320102,Census Tract 3201.02,5429,320102,32,1.0,41671,0.130282451,LOOP,46.33556545
2022,273,17031220701,Census Tract 2207.01,3077,220701,22,1.0,71220,0.043204156,LOGAN SQUARE,100.0575667
2022,165,17031063302,Census Tract 633.02,4102,63302,6,1.0,101739,0.040318855,LAKE VIEW,87.21479926
2022,3062,17031252201,Census Tract 2522.01,3258,252201,25,1.0,100120,0.032540951,AUSTIN,199.2542034
2022,559,17031660302,Census Tract 6603.02,4612,660302,66,1.0,52464,0.087907899,CHICAGO LAWN,98.2794651
2022,513,17031660301,Census Tract 6603.01,1761,660301,66,1.0,52464,0.033565874,CHICAGO LAWN,98.2794651
2022,3017,17031730202,Census Tract 7302.02,3093,730202,73,1.0,26456,0.116911098,WASHINGTON HEIGHTS,79.63575286
2022,707,17031835600,Census Tract 8356,749,835600,37,1.0,2142,0.349673203,FULLER PARK,19.91670487
2022,25,17031840000,Census Tract 8400,2651,840000,60,1.0,33221,0.079798922,BRIDGEPORT,58.29151927
2022,3357,17031836400,Census Tract 8364,3783,836400,36,1.0,6977,0.542210119,OAKLAND,16.91396104
2022,1763,17031836100,Census Tract 8361,1827,836100,40,1.0,12366,0.147743814,WASHINGTON PARK,42.37388148
2022,1703,17031834600,Census Tract 8346,1825,834600,68,1.0,21378,0.085368135,ENGLEWOOD,85.65232307
2022,2733,17031843600,Census Tract 8436,2966,843600,38,1.0,24813,0.119534115,GRAND BOULEVARD,48.49250315
2022,355,17031061902,Census Tract 619.02,4938,61902,6,1.0,101739,0.04853596,LAKE VIEW,87.21479926
2022,526,17031030102,Census Tract 301.02,3052,30102,77,1.0,56099,0.054403822,EDGEWATER,48.44999083
2022,364,17031030103,Census Tract 301.03,2297,30103,77,1.0,56099,0.040945471,EDGEWATER,48.44999083
2022,453,17031030706,Census Tract 307.06,2588,30706,77,1.0,56099,0.04613273,EDGEWATER,48.44999083
2022,1051,17031030601,Census Tract 306.01,3771,30601,77,1.0,56099,0.06722045,EDGEWATER,48.44999083
2022,179,17031081202,Census Tract 812.02,3437,81202,8,1.0,101208,0.033959766,NEAR NORTH SIDE,76.67589596
2022,31,17031063303,Census Tract 633.03,1198,63303,6,1.0,101739,0.011775229,LAKE VIEW,87.21479926
2022,469,17031220901,Census Tract 2209.01,3090,220901,22,1.0,71220,0.043386689,LOGAN SQUARE,100.0575667
2022,227,17031210602,Census Tract 2106.02,4362,210602,21,1.0,36374,0.119920823,AVONDALE,55.29059546
2022,407,17031220602,Census Tract 2206.02,4316,220602,22,1.0,71220,0.060600955,LOGAN SQUARE,100.0575667
2022,143,17031220601,Census Tract 2206.01,1538,220601,22,1.0,71220,0.021595058,LOGAN SQUARE,100.0575667
2022,208,17031040401,Census Tract 404.01,3431,40401,4,1.0,42271,0.081166757,LINCOLN SQUARE,71.35232823
2022,4717,17031252202,Census Tract 2522.02,4945,252202,25,1.0,100120,0.049390731,AUSTIN,199.2542034
2022,5757,17031252102,Census Tract 2521.02,7020,252102,25,1.0,100120,0.070115861,AUSTIN,199.2542034
2022,855,17031836300,Census Tract 8363,1744,836300,41,1.0,29559,0.059000643,HYDE PARK,45.10538016
2022,1462,17031834500,Census Tract 8345,1572,834500,40,1.0,12366,0.127122756,WASHINGTON PARK,42.37388148
2022,2859,17031836000,Census Tract 8360,3022,836000,38,1.0,24813,0.121790997,GRAND BOULEVARD,48.49250315
2022,192,17031836200,Census Tract 8362,1709,836200,41,1.0,29559,0.05781657,HYDE PARK,45.10538016
2022,3129,17031834400,Census Tract 8344,4263,834400,42,1.0,24645,0.172976263,WOODLAWN,57.8151795
2022,5853,17031834300,Census Tract 8343,6186,834300,45,1.0,9647,0.641235617,AVALON PARK,34.85273773
2022,1327,17031710300,Census Tract 7103,1382,710300,71,1.0,46468,0.029740897,AUBURN GRESHAM,105.0653536
2022,75,17031160900,Census Tract 1609,2420,160900,16,1.0,53584,0.045162735,IRVING PARK,89.61138229
2022,38,17031161000,Census Tract 1610,1986,161000,16,1.0,53584,0.037063302,IRVING PARK,89.61138229
2022,315,17031161100,Census Tract 1611,2024,161100,16,1.0,53584,0.037772469,IRVING PARK,89.61138229
2022,206,17031161200,Census Tract 1612,2873,161200,16,1.0,53584,0.053616751,IRVING PARK,89.61138229
2022,102,17031161300,Census Tract 1613,3769,161300,16,1.0,53584,0.070338161,IRVING PARK,89.61138229
2022,79,17031170100,Census Tract 1701,2030,170100,17,1.0,42574,0.047681684,DUNNING,103.5950012
2022,124,17031221600,Census Tract 2216,3389,221600,22,1.0,71220,0.047584948,LOGAN SQUARE,100.0575667
2022,36,17031242100,Census Tract 2421,3817,242100,24,1.0,86514,0.044120027,WEST TOWN,127.5629046
2022,1008,17031242000,Census Tract 2420,4378,242000,24,1.0,86514,0.050604526,WEST TOWN,127.5629046
2022,2613,17031251200,Census Tract 2512,3840,251200,25,1.0,100120,0.038353975,AUSTIN,199.2542034
2022,4313,17031251300,Census Tract 2513,4915,251300,25,1.0,100120,0.049091091,AUSTIN,199.2542034
2022,305,17031051300,Census Tract 513,3077,51300,5,1.0,35814,0.085916122,NORTH CENTER,57.05416784
2022,0,17031600700,Census Tract 6007,2870,600700,60,1.0,33221,0.086391138,BRIDGEPORT,58.29151927
2022,289,17031600900,Census Tract 6009,3733,600900,60,1.0,33221,0.112368682,BRIDGEPORT,58.29151927
2022,2836,17031672000,Census Tract 6720,3295,672000,67,1.0,25772,0.127851932,WEST ENGLEWOOD,87.94769193
2022,2084,17031710900,Census Tract 7109,2151,710900,71,1.0,46468,0.04628992,AUBURN GRESHAM,105.0653536
2022,3525,17031711000,Census Tract 7110,3779,711000,71,1.0,46468,0.081324783,AUBURN GRESHAM,105.0653536
2022,2719,17031711100,Census Tract 7111,2808,711100,71,1.0,46468,0.060428682,AUBURN GRESHAM,105.0653536
2022,4202,17031711200,Census Tract 7112,4869,711200,71,1.0,46468,0.104781785,AUBURN GRESHAM,105.0653536
2022,2521,17031711500,Census Tract 7115,2628,711500,71,1.0,46468,0.056555049,AUBURN GRESHAM,105.0653536
2022,1492,17031711300,Census Tract 7113,1618,711300,71,1.0,46468,0.034819661,AUBURN GRESHAM,105.0653536
2022,2601,17031711400,Census Tract 7114,2728,711400,71,1.0,46468,0.058707067,AUBURN GRESHAM,105.0653536
2022,1366,17031270500,Census Tract 2705,1380,270500,27,1.0,19901,0.069343249,EAST GARFIELD PARK,53.88322084
2022,1219,17031271200,Census Tract 2712,1384,271200,27,1.0,19901,0.069544244,EAST GARFIELD PARK,53.88322084
2022,920,17031271300,Census Tract 2713,964,271300,27,1.0,19901,0.048439777,EAST GARFIELD PARK,53.88322084
2022,1110,17031271400,Census Tract 2714,1359,271400,27,1.0,19901,0.068288026,EAST GARFIELD PARK,53.88322084
2022,754,17031350100,Census Tract 3501,2439,350100,35,1.0,21355,0.114212128,DOUGLAS,46.00462115
2022,1681,17031350400,Census Tract 3504,1777,350400,35,1.0,21355,0.083212362,DOUGLAS,46.00462115
2022,2952,17031351000,Census Tract 3510,3526,351000,35,1.0,21355,0.165113557,DOUGLAS,46.00462115
2022,1239,17031351400,Census Tract 3514,1569,351400,35,1.0,21355,0.073472255,DOUGLAS,46.00462115
2022,1636,17031360200,Census Tract 3602,1672,360200,36,1.0,6977,0.239644546,OAKLAND,16.91396104
2022,2837,17031430400,Census Tract 4304,2999,430400,43,1.0,54974,0.054553061,SOUTH SHORE,81.81271638
2022,2097,17031430600,Census Tract 4306,2218,430600,43,1.0,54974,0.040346346,SOUTH SHORE,81.81271638
2022,2016,17031430800,Census Tract 4308,2016,430800,43,1.0,54974,0.036671881,SOUTH SHORE,81.81271638
2022,3860,17031430500,Census Tract 4305,3882,430500,43,1.0,54974,0.0706152,SOUTH SHORE,81.81271638
2022,1642,17031430900,Census Tract 4309,1681,430900,43,1.0,54974,0.030578091,SOUTH SHORE,81.81271638
2022,598,17031610300,Census Tract 6103,5670,610300,61,1.0,41048,0.138130969,NEW CITY,134.6369632
2022,2233,17031681000,Census Tract 6810,2297,681000,68,1.0,21378,0.107446908,ENGLEWOOD,85.65232307
2022,1927,17031681100,Census Tract 6811,1932,681100,68,1.0,21378,0.090373281,ENGLEWOOD,85.65232307
2022,1036,17031680500,Census Tract 6805,1474,680500,68,1.0,21378,0.068949387,ENGLEWOOD,85.65232307
2022,3266,17031680900,Census Tract 6809,3560,680900,68,1.0,21378,0.166526335,ENGLEWOOD,85.65232307
2022,1085,17031720100,Census Tract 7201,3370,720100,72,1.0,19781,0.170365502,BEVERLY,88.77936392
2022,2048,17031720200,Census Tract 7202,4097,720200,72,1.0,19781,0.207117941,BEVERLY,88.77936392
2022,1100,17031720300,Census Tract 7203,3614,720300,72,1.0,19781,0.182700571,BEVERLY,88.77936392
2022,210,17031720400,Census Tract 7204,1872,720400,72,1.0,19781,0.094636267,BEVERLY,88.77936392
2022,35,17031720500,Census Tract 7205,1833,720500,72,1.0,19781,0.092664678,BEVERLY,88.77936392
2022,411,17031720600,Census Tract 7206,1860,720600,72,1.0,19781,0.094029624,BEVERLY,88.77936392
2022,2326,17031720700,Census Tract 7207,3135,720700,72,1.0,19781,0.158485415,BEVERLY,88.77936392
2022,169,17031040600,Census Tract 406,2785,40600,4,1.0,42271,0.065884412,LINCOLN SQUARE,71.35232823
2022,130,17031040700,Census Tract 407,3749,40700,4,1.0,42271,0.088689645,LINCOLN SQUARE,71.35232823
2022,34,17031040800,Census Tract 408,1577,40800,4,1.0,42271,0.037306901,LINCOLN SQUARE,71.35232823
2022,1875,17031380100,Census Tract 3801,1928,380100,38,1.0,24813,0.077701205,GRAND BOULEVARD,48.49250315
2022,1545,17031380200,Census Tract 3802,1723,380200,38,1.0,24813,0.069439407,GRAND BOULEVARD,48.49250315
2022,2384,17031431200,Census Tract 4312,2399,431200,43,1.0,54974,0.043638811,SOUTH SHORE,81.81271638
2022,6793,17031431400,Census Tract 4314,7565,431400,43,1.0,54974,0.137610507,SOUTH SHORE,81.81271638
2022,82,17031050100,Census Tract 501,2513,50100,5,1.0,35814,0.070168091,NORTH CENTER,57.05416784
2022,126,17031610800,Census Tract 6108,1521,610800,61,1.0,41048,0.03705418,NEW CITY,134.6369632
2022,399,17031611300,Census Tract 6113,3409,611300,61,1.0,41048,0.083049113,NEW CITY,134.6369632
2022,69,17031611400,Census Tract 6114,3587,611400,61,1.0,41048,0.0873855,NEW CITY,134.6369632
2022,325,17031611500,Census Tract 6115,3273,611500,61,1.0,41048,0.079735919,NEW CITY,134.6369632
2022,942,17031611900,Census Tract 6119,1559,611900,61,1.0,41048,0.037979926,NEW CITY,134.6369632
2022,1709,17031681200,Census Tract 6812,1883,681200,68,1.0,21378,0.088081205,ENGLEWOOD,85.65232307
2022,1965,17031691200,Census Tract 6912,1984,691200,69,1.0,28991,0.068435032,GREATER GRAND CROSSING,98.85316769
2022,2872,17031691100,Census Tract 6911,2883,691100,69,1.0,28991,0.099444655,GREATER GRAND CROSSING,98.85316769
2022,2542,17031730100,Census Tract 7301,2669,730100,73,1.0,26456,0.100884487,WASHINGTON HEIGHTS,79.63575286
2022,1033,17031730300,Census Tract 7303,1042,730300,73,1.0,26456,0.039386151,WASHINGTON HEIGHTS,79.63575286
2022,3920,17031730400,Census Tract 7304,4070,730400,73,1.0,26456,0.153840339,WASHINGTON HEIGHTS,79.63575286
2022,4041,17031730500,Census Tract 7305,4053,730500,73,1.0,26456,0.153197762,WASHINGTON HEIGHTS,79.63575286
2022,3486,17031730600,Census Tract 7306,3570,730600,73,1.0,26456,0.134941034,WASHINGTON HEIGHTS,79.63575286
2022,1851,17031381200,Census Tract 3812,1906,381200,38,1.0,24813,0.076814573,GRAND BOULEVARD,48.49250315
2022,1376,17031381400,Census Tract 3814,1615,381400,38,1.0,24813,0.06508685,GRAND BOULEVARD,48.49250315
2022,0,17031381700,Census Tract 3817,0,381700,38,1.0,24813,0.0,GRAND BOULEVARD,48.49250315
2022,4578,17031440300,Census Tract 4403,4650,440300,44,1.0,31341,0.148367953,CHATHAM,82.3206703
2022,812,17031612000,Census Tract 6120,1317,612000,61,1.0,41048,0.032084389,NEW CITY,134.6369632
2022,601,17031612100,Census Tract 6121,1018,612100,61,1.0,41048,0.024800234,NEW CITY,134.6369632
2022,56,17031620100,Census Tract 6201,4798,620100,62,1.0,18366,0.261243602,WEST ELSDON,32.71109142
2022,4,17031620200,Census Tract 6202,1948,620200,62,1.0,18366,0.106065556,WEST ELSDON,32.71109142
2022,37,17031620300,Census Tract 6203,7080,620300,62,1.0,18366,0.385494936,WEST ELSDON,32.71109142
2022,50,17031620400,Census Tract 6204,4540,620400,62,1.0,18366,0.247195905,WEST ELSDON,32.71109142
2022,2288,17031730700,Census Tract 7307,2288,730700,73,1.0,26456,0.086483217,WASHINGTON HEIGHTS,79.63575286
2022,20,17031740100,Census Tract 7401,3075,740100,74,1.0,19121,0.160817949,MOUNT GREENWOOD,75.58429001
2022,191,17031740200,Census Tract 7402,6473,740200,74,1.0,19121,0.33852832,MOUNT GREENWOOD,75.58429001
2022,0,17031740300,Census Tract 7403,5043,740300,74,1.0,19121,0.263741436,MOUNT GREENWOOD,75.58429001
2022,241,17031740400,Census Tract 7404,4530,740400,74,1.0,19121,0.236912295,MOUNT GREENWOOD,75.58429001
2022,1364,17031381800,Census Tract 3818,1483,381800,38,1.0,24813,0.059767058,GRAND BOULEVARD,48.49250315
2022,1191,17031381900,Census Tract 3819,1348,381900,38,1.0,24813,0.054326361,GRAND BOULEVARD,48.49250315
2022,1554,17031390100,Census Tract 3901,1854,390100,39,1.0,18637,0.09947953,KENWOOD,29.07174192
2022,1527,17031390200,Census Tract 3902,2178,390200,39,1.0,18637,0.116864302,KENWOOD,29.07174192
2022,2266,17031390300,Census Tract 3903,2664,390300,39,1.0,18637,0.142941461,KENWOOD,29.07174192
2022,2076,17031390400,Census Tract 3904,2289,390400,39,1.0,18637,0.122820196,KENWOOD,29.07174192
2022,1157,17031390500,Census Tract 3905,1766,390500,39,1.0,18637,0.09475774,KENWOOD,29.07174192
2022,868,17031390600,Census Tract 3906,1824,390600,39,1.0,18637,0.097869829,KENWOOD,29.07174192
2022,3583,17031390700,Census Tract 3907,6062,390700,39,1.0,18637,0.325266942,KENWOOD,29.07174192
2022,1569,17031440600,Census Tract 4406,1612,440600,44,1.0,31341,0.051434224,CHATHAM,82.3206703
2022,2152,17031440900,Census Tract 4409,2377,440900,44,1.0,31341,0.075843145,CHATHAM,82.3206703
2022,1238,17031440700,Census Tract 4407,1453,440700,44,1.0,31341,0.046360997,CHATHAM,82.3206703
2022,1831,17031440800,Census Tract 4408,1877,440800,44,1.0,31341,0.059889601,CHATHAM,82.3206703
2022,173,17031630300,Census Tract 6303,4167,630300,63,1.0,34788,0.119782684,GAGE PARK,61.2848961
2022,16,17031630500,Census Tract 6305,5989,630500,63,1.0,34788,0.172157066,GAGE PARK,61.2848961
2022,104,17031630800,Census Tract 6308,6361,630800,63,1.0,34788,0.182850408,GAGE PARK,61.2848961
2022,521,17031630900,Census Tract 6309,4856,630900,63,1.0,34788,0.139588364,GAGE PARK,61.2848961
2022,16,17031640100,Census Tract 6401,1348,640100,64,1.0,24728,0.054513103,CLEARING,71.14519237
2022,248,17031640300,Census Tract 6403,6897,640300,64,1.0,24728,0.278914591,CLEARING,71.14519237
2022,3291,17031750100,Census Tract 7501,3636,750100,75,1.0,20718,0.175499566,MORGAN PARK,91.87734068
2022,1953,17031750200,Census Tract 7502,3141,750200,75,1.0,20718,0.151607298,MORGAN PARK,91.87734068
2022,225,17031750300,Census Tract 7503,2546,750300,75,1.0,20718,0.12288831,MORGAN PARK,91.87734068
2022,749,17031750400,Census Tract 7504,2790,750400,75,1.0,20718,0.134665508,MORGAN PARK,91.87734068
2022,3491,17031750500,Census Tract 7505,4761,750500,75,1.0,20718,0.229800174,MORGAN PARK,91.87734068
2022,901,17031282700,Census Tract 2827,2243,282700,28,1.0,65581,0.034201979,NEAR WEST SIDE,158.4924665
2022,183,17031282800,Census Tract 2828,1498,282800,28,1.0,65581,0.022841982,NEAR WEST SIDE,158.4924665
2022,1274,17031400300,Census Tract 4003,1361,400300,40,1.0,12366,0.110059842,WASHINGTON PARK,42.37388148
2022,2579,17031400500,Census Tract 4005,2634,400500,40,1.0,12366,0.213003396,WASHINGTON PARK,42.37388148
2022,2768,17031400800,Census Tract 4008,2768,400800,40,1.0,12366,0.22383956,WASHINGTON PARK,42.37388148
2022,1034,17031410100,Census Tract 4101,2251,410100,41,1.0,29559,0.076152779,HYDE PARK,45.10538016
2022,1847,17031410500,Census Tract 4105,3405,410500,41,1.0,29559,0.115193342,HYDE PARK,45.10538016
2022,514,17031410600,Census Tract 4106,2249,410600,41,1.0,29559,0.076085118,HYDE PARK,45.10538016
2022,2087,17031460100,Census Tract 4601,2650,460100,46,1.0,30315,0.087415471,SOUTH CHICAGO,93.27218499
2022,3386,17031450300,Census Tract 4503,3461,450300,45,1.0,9647,0.358764383,AVALON PARK,34.85273773
2022,741,17031460200,Census Tract 4602,1880,460200,46,1.0,30315,0.062015504,SOUTH CHICAGO,93.27218499
2022,75,17031640400,Census Tract 6404,3309,640400,64,1.0,24728,0.133815917,CLEARING,71.14519237
2022,61,17031640500,Census Tract 6405,4132,640500,64,1.0,24728,0.167098027,CLEARING,71.14519237
2022,63,17031640600,Census Tract 6406,4427,640600,64,1.0,24728,0.179027823,CLEARING,71.14519237
2022,59,17031640700,Census Tract 6407,3110,640700,64,1.0,24728,0.12576836,CLEARING,71.14519237
2022,14,17031640800,Census Tract 6408,1505,640800,64,1.0,24728,0.060862181,CLEARING,71.14519237
2022,49,17031650100,Census Tract 6501,4622,650100,65,1.0,32594,0.14180524,WEST LAWN,82.31530167
2022,86,17031650200,Census Tract 6502,7211,650200,65,1.0,32594,0.221237037,WEST LAWN,82.31530167
2022,3721,17031750600,Census Tract 7506,3844,750600,75,1.0,20718,0.185539145,MORGAN PARK,91.87734068
2022,618,17031283100,Census Tract 2831,2729,283100,28,1.0,65581,0.041612662,NEAR WEST SIDE,158.4924665
2022,2085,17031283800,Census Tract 2838,3504,283800,28,1.0,65581,0.053430109,NEAR WEST SIDE,158.4924665
2022,652,17031410700,Census Tract 4107,2541,410700,41,1.0,29559,0.085963666,HYDE PARK,45.10538016
2022,721,17031410800,Census Tract 4108,2890,410800,41,1.0,29559,0.097770561,HYDE PARK,45.10538016
2022,872,17031410900,Census Tract 4109,3527,410900,41,1.0,29559,0.119320681,HYDE PARK,45.10538016
2022,1376,17031411000,Census Tract 4110,3931,411000,41,1.0,29559,0.132988261,HYDE PARK,45.10538016
2022,234,17031411100,Census Tract 4111,2388,411100,41,1.0,29559,0.080787577,HYDE PARK,45.10538016
2022,147,17031411200,Census Tract 4112,1643,411200,41,1.0,29559,0.055583748,HYDE PARK,45.10538016
2022,3609,17031460400,Census Tract 4604,3682,460400,46,1.0,30315,0.121458024,SOUTH CHICAGO,93.27218499
2022,5951,17031460500,Census Tract 4605,6284,460500,46,1.0,30315,0.20729012,SOUTH CHICAGO,93.27218499
2022,990,17031461000,Census Tract 4610,1346,461000,46,1.0,30315,0.044400462,SOUTH CHICAGO,93.27218499
2022,1590,17031420100,Census Tract 4201,1629,420100,42,1.0,24645,0.0660986,WOODLAWN,57.8151795
2022,1182,17031420200,Census Tract 4202,1796,420200,42,1.0,24645,0.072874822,WOODLAWN,57.8151795
2022,654,17031420400,Census Tract 4204,1327,420400,42,1.0,24645,0.053844593,WOODLAWN,57.8151795
2022,2126,17031420700,Census Tract 4207,2274,420700,42,1.0,24645,0.092270237,WOODLAWN,57.8151795
2022,2229,17031420800,Census Tract 4208,2322,420800,42,1.0,24645,0.094217894,WOODLAWN,57.8151795
2022,2162,17031470100,Census Tract 4701,2246,470100,47,1.0,2246,1.0,BURNSIDE,16.99598327
2022,2158,17031480100,Census Tract 4801,2161,480100,48,1.0,12087,0.178787127,CALUMET HEIGHTS,48.82624156
2022,996,17031480200,Census Tract 4802,1057,480200,48,1.0,12087,0.087449326,CALUMET HEIGHTS,48.82624156
2022,1102,17031480300,Census Tract 4803,1131,480300,48,1.0,12087,0.093571606,CALUMET HEIGHTS,48.82624156
2022,4961,17031480400,Census Tract 4804,5013,480400,48,1.0,12087,0.414743112,CALUMET HEIGHTS,48.82624156
2022,141,17031650400,Census Tract 6504,6794,650400,65,1.0,32594,0.208443272,WEST LAWN,82.31530167
2022,613,17031650500,Census Tract 6505,4159,650500,65,1.0,32594,0.127600172,WEST LAWN,82.31530167
2022,186,17031660400,Census Tract 6604,4719,660400,66,1.0,52464,0.089947392,CHICAGO LAWN,98.2794651
2022,4157,17031290900,Census Tract 2909,4241,290900,29,1.0,30409,0.13946529,NORTH LAWNDALE,89.48742201
2022,1257,17031291200,Census Tract 2912,1312,291200,29,1.0,30409,0.043145122,NORTH LAWNDALE,89.48742201
2022,1976,17031421200,Census Tract 4212,1986,421200,42,1.0,24645,0.080584297,WOODLAWN,57.8151795
2022,1304,17031271500,Census Tract 2715,1470,271500,27,1.0,19901,0.073865635,EAST GARFIELD PARK,53.88322084
2022,2148,17031292200,Census Tract 2922,2540,292200,29,1.0,30409,0.083527903,NORTH LAWNDALE,89.48742201
2022,1374,17031292400,Census Tract 2924,1765,292400,29,1.0,30409,0.058042027,NORTH LAWNDALE,89.48742201
2022,2793,17031292500,Census Tract 2925,3461,292500,29,1.0,30409,0.113814989,NORTH LAWNDALE,89.48742201
2022,626,17031271800,Census Tract 2718,656,271800,27,1.0,19901,0.032963168,EAST GARFIELD PARK,53.88322084
2022,305,17031280100,Census Tract 2801,7730,280100,28,1.0,65581,0.117869505,NEAR WEST SIDE,158.4924665
2022,1128,17031280400,Census Tract 2804,1423,280400,28,1.0,65581,0.021698358,NEAR WEST SIDE,158.4924665
2022,395,17031300600,Census Tract 3006,2844,300600,30,1.0,69708,0.040798761,SOUTH LAWNDALE,127.9982978
2022,335,17031300700,Census Tract 3007,4791,300700,30,1.0,69708,0.068729558,SOUTH LAWNDALE,127.9982978
2022,95,17031301100,Census Tract 3011,2409,301100,30,1.0,69708,0.034558444,SOUTH LAWNDALE,127.9982978
2022,1067,17031301200,Census Tract 3012,5209,301200,30,1.0,69708,0.074726,SOUTH LAWNDALE,127.9982978
2022,2347,17031480500,Census Tract 4805,2725,480500,48,1.0,12087,0.225448829,CALUMET HEIGHTS,48.82624156
2022,1676,17031490500,Census Tract 4905,1775,490500,49,1.0,37610,0.047194895,ROSELAND,134.3137067
2022,200,17031520200,Census Tract 5202,3652,520200,52,1.0,23942,0.152535294,EAST SIDE,83.24172803
2022,169,17031520300,Census Tract 5203,5925,520300,52,1.0,23942,0.24747306,EAST SIDE,83.24172803
2022,106,17031520400,Census Tract 5204,4393,520400,52,1.0,23942,0.183485089,EAST SIDE,83.24172803
2022,87,17031520500,Census Tract 5205,5171,520500,52,1.0,23942,0.215980286,EAST SIDE,83.24172803
2022,65,17031520600,Census Tract 5206,2739,520600,52,1.0,23942,0.11440147,EAST SIDE,83.24172803
2022,182,17031660500,Census Tract 6605,4284,660500,66,1.0,52464,0.081655993,CHICAGO LAWN,98.2794651
2022,2566,17031660600,Census Tract 6606,5849,660600,66,1.0,52464,0.111485971,CHICAGO LAWN,98.2794651
2022,1444,17031660700,Census Tract 6607,1617,660700,66,1.0,52464,0.030821134,CHICAGO LAWN,98.2794651
2022,3176,17031660800,Census Tract 6608,5832,660800,66,1.0,52464,0.11116194,CHICAGO LAWN,98.2794651
2022,3872,17031660900,Census Tract 6609,5631,660900,66,1.0,52464,0.107330741,CHICAGO LAWN,98.2794651
2022,3995,17031661000,Census Tract 6610,5424,661000,66,1.0,52464,0.103385178,CHICAGO LAWN,98.2794651
2022,887,17031280900,Census Tract 2809,1122,280900,28,1.0,65581,0.017108614,NEAR WEST SIDE,158.4924665
2022,118,17031301600,Census Tract 3016,3247,301600,30,1.0,69708,0.04658002,SOUTH LAWNDALE,127.9982978
2022,1241,17031490600,Census Tract 4906,1446,490600,49,1.0,37610,0.038447221,ROSELAND,134.3137067
2022,2454,17031490700,Census Tract 4907,2459,490700,49,1.0,37610,0.065381547,ROSELAND,134.3137067
2022,3647,17031490800,Census Tract 4908,3705,490800,49,1.0,37610,0.098511034,ROSELAND,134.3137067
2022,3389,17031491000,Census Tract 4910,3417,491000,49,1.0,37610,0.090853496,ROSELAND,134.3137067
2022,4003,17031491100,Census Tract 4911,4205,491100,49,1.0,37610,0.111805371,ROSELAND,134.3137067
2022,3659,17031530200,Census Tract 5302,4358,530200,53,1.0,25449,0.17124445,WEST PULLMAN,99.36519806
2022,3464,17031530300,Census Tract 5303,3484,530300,53,1.0,25449,0.136901253,WEST PULLMAN,99.36519806
2022,2218,17031530400,Census Tract 5304,2356,530400,53,1.0,25449,0.092577311,WEST PULLMAN,99.36519806
2022,2385,17031530600,Census Tract 5306,2385,530600,53,1.0,25449,0.093716845,WEST PULLMAN,99.36519806
2022,248,17031560100,Census Tract 5601,1284,560100,56,1.0,36401,0.035273756,GARFIELD RIDGE,117.8907784
2022,715,17031670200,Census Tract 6702,724,670200,67,1.0,25772,0.028092503,WEST ENGLEWOOD,87.94769193
2022,1024,17031670300,Census Tract 6703,1332,670300,67,1.0,25772,0.051683998,WEST ENGLEWOOD,87.94769193
2022,1205,17031670400,Census Tract 6704,1616,670400,67,1.0,25772,0.062703709,WEST ENGLEWOOD,87.94769193
2022,2585,17031661100,Census Tract 6611,7186,661100,66,1.0,52464,0.136970113,CHICAGO LAWN,98.2794651
2022,969,17031670100,Census Tract 6701,1472,670100,67,1.0,25772,0.05711625,WEST ENGLEWOOD,87.94769193
2022,779,17031670600,Census Tract 6706,1174,670600,67,1.0,25772,0.045553314,WEST ENGLEWOOD,87.94769193
2022,678,17031670700,Census Tract 6707,1092,670700,67,1.0,25772,0.042371566,WEST ENGLEWOOD,87.94769193
2022,988,17031670800,Census Tract 6708,1022,670800,67,1.0,25772,0.03965544,WEST ENGLEWOOD,87.94769193
2022,867,17031670900,Census Tract 6709,1246,670900,67,1.0,25772,0.048347043,WEST ENGLEWOOD,87.94769193
2022,1194,17031260900,Census Tract 2609,1351,260900,26,1.0,16374,0.082508856,WEST GARFIELD PARK,36.09284881
2022,2131,17031261000,Census Tract 2610,2268,261000,26,1.0,16374,0.138512276,WEST GARFIELD PARK,36.09284881
2022,410,17031281900,Census Tract 2819,6749,281900,28,1.0,65581,0.102910904,NEAR WEST SIDE,158.4924665
2022,92,17031310200,Census Tract 3102,1824,310200,31,1.0,34237,0.053275696,LOWER WEST SIDE,81.55072362
2022,126,17031310300,Census Tract 3103,1836,310300,31,1.0,34237,0.053626194,LOWER WEST SIDE,81.55072362
2022,64,17031310400,Census Tract 3104,1456,310400,31,1.0,34237,0.042527091,LOWER WEST SIDE,81.55072362
2022,12,17031310500,Census Tract 3105,1599,310500,31,1.0,34237,0.046703858,LOWER WEST SIDE,81.55072362
2022,1769,17031491200,Census Tract 4912,1932,491200,49,1.0,37610,0.051369317,ROSELAND,134.3137067
2022,2103,17031491300,Census Tract 4913,2131,491300,49,1.0,37610,0.056660463,ROSELAND,134.3137067
2022,2457,17031491400,Census Tract 4914,2541,491400,49,1.0,37610,0.067561819,ROSELAND,134.3137067
2022,3164,17031500100,Census Tract 5001,3231,500100,50,1.0,6856,0.471266044,PULLMAN,59.00155559
2022,1678,17031500200,Census Tract 5002,1831,500200,50,1.0,6856,0.267065344,PULLMAN,59.00155559
2022,570,17031500300,Census Tract 5003,1794,500300,50,1.0,6856,0.261668611,PULLMAN,59.00155559
2022,705,17031560200,Census Tract 5602,1372,560200,56,1.0,36401,0.037691272,GARFIELD RIDGE,117.8907784
2022,145,17031560300,Census Tract 5603,3079,560300,56,1.0,36401,0.084585588,GARFIELD RIDGE,117.8907784
2022,67,17031560700,Census Tract 5607,3584,560700,56,1.0,36401,0.098458834,GARFIELD RIDGE,117.8907784
2022,3,17031560800,Census Tract 5608,6003,560800,56,1.0,36401,0.164913052,GARFIELD RIDGE,117.8907784
2022,2,17031560900,Census Tract 5609,5131,560900,56,1.0,36401,0.140957666,GARFIELD RIDGE,117.8907784
2022,15,17031561000,Census Tract 5610,6040,561000,56,1.0,36401,0.165929507,GARFIELD RIDGE,117.8907784
2022,973,17031030101,Census Tract 301.01,3517,30101,77,1.0,56099,0.06269274,EDGEWATER,48.44999083
2022,544,17031030701,Census Tract 307.01,1509,30701,77,1.0,56099,0.026898875,EDGEWATER,48.44999083
2022,117,17031070103,Census Tract 701.03,1439,70103,7,1.0,69099,0.020825193,LINCOLN PARK,88.31640046
2022,107,17031831900,Census Tract 8319,3074,831900,6,1.0,101739,0.030214569,LAKE VIEW,87.21479926
2022,40,17031832600,Census Tract 8326,4348,832600,7,1.0,69099,0.06292421,LINCOLN PARK,88.31640046
2022,1916,17031836900,Census Tract 8369,1994,836900,27,1.0,19901,0.10019597,EAST GARFIELD PARK,53.88322084
2022,170,17031841200,Census Tract 8412,4414,841200,31,1.0,34237,0.128924847,LOWER WEST SIDE,81.55072362
2022,1066,17031839500,Census Tract 8395,1804,839500,35,1.0,21355,0.084476703,DOUGLAS,46.00462115
2022,1662,17031835800,Census Tract 8358,1852,835800,38,1.0,24813,0.074638294,GRAND BOULEVARD,48.49250315
2022,2044,17031838800,Census Tract 8388,3225,838800,51,1.0,15218,0.211920095,SOUTH DEERING,303.7970596
2022,651,17031842300,Census Tract 8423,3672,842300,24,1.0,86514,0.042443998,WEST TOWN,127.5629046
2022,1021,17031841900,Census Tract 8419,5983,841900,28,1.0,65581,0.091230692,NEAR WEST SIDE,158.4924665
2022,178,17031843200,Census Tract 8432,2348,843200,31,1.0,34237,0.068580775,LOWER WEST SIDE,81.55072362
2022,686,17031843400,Census Tract 8434,1209,843400,29,1.0,30409,0.039757966,NORTH LAWNDALE,89.48742201
2022,380,17031842600,Census Tract 8426,4540,842600,61,1.0,41048,0.110602222,NEW CITY,134.6369632
2022,13,17031301803,Census Tract 3018.03,3168,301803,30,1.0,69708,0.045446721,SOUTH LAWNDALE,127.9982978
2022,1640,17031010300,Census Tract 103,6237,10300,1,1.0,55711,0.111952756,ROGERS PARK,51.25990244
2022,479,17031010400,Census Tract 104,4473,10400,1,1.0,55711,0.08028935,ROGERS PARK,51.25990244
2022,1443,17031010600,Census Tract 106,6379,10600,1,1.0,55711,0.114501624,ROGERS PARK,51.25990244
2022,1763,17031020100,Census Tract 201,3927,20100,2,1.0,79265,0.049542673,WEST RIDGE,98.42909484
2022,727,17031280800,Census Tract 2808,852,280800,28,1.0,65581,0.012991568,NEAR WEST SIDE,158.4924665
2022,940,17031420300,Census Tract 4203,2495,420300,42,1.0,24645,0.101237574,WOODLAWN,57.8151795
2022,230,17031100200,Census Tract 1002,7564,100200,10,1.0,39326,0.192340945,NORWOOD PARK,121.9591054
2022,597,17031020200,Census Tract 202,7203,20200,2,1.0,79265,0.09087239,WEST RIDGE,98.42909484
2022,26,17031130200,Census Tract 1302,1545,130200,13,1.0,19398,0.079647386,NORTH PARK,70.28870642
2022,892,17031020400,Census Tract 204,4256,20400,2,1.0,79265,0.053693307,WEST RIDGE,98.42909484
2022,73,17031080202,Census Tract 802.02,3800,80202,8,1.0,101208,0.037546439,NEAR NORTH SIDE,76.67589596
2022,35,17031240200,Census Tract 2402,1966,240200,24,1.0,86514,0.022724646,WEST TOWN,127.5629046
2022,626,17031611800,Census Tract 6118,2186,611800,61,1.0,41048,0.053254726,NEW CITY,134.6369632
2022,130,17031060200,Census Tract 602,2147,60200,6,1.0,101739,0.021103019,LAKE VIEW,87.21479926
2022,480,17031221200,Census Tract 2212,2865,221200,22,1.0,71220,0.040227464,LOGAN SQUARE,100.0575667
2022,93,17031061200,Census Tract 612,2052,61200,6,1.0,101739,0.020169257,LAKE VIEW,87.21479926
2022,155,17031030200,Census Tract 302,5554,30200,77,1.0,56099,0.099003547,EDGEWATER,48.44999083
2022,900,17031030300,Census Tract 303,3642,30300,77,1.0,56099,0.064920943,EDGEWATER,48.44999083
2022,178,17031030400,Census Tract 304,2822,30400,77,1.0,56099,0.050303927,EDGEWATER,48.44999083
2022,176,17031030900,Census Tract 309,3076,30900,77,1.0,56099,0.054831637,EDGEWATER,48.44999083
2022,64,17031031000,Census Tract 310,3652,31000,3,1.0,57464,0.063552833,UPTOWN,65.09564272
2022,0,17031600600,Census Tract 6006,2953,600600,60,1.0,33221,0.088889558,BRIDGEPORT,58.29151927
2022,2394,17031420600,Census Tract 4206,2663,420600,42,1.0,24645,0.108054372,WOODLAWN,57.8151795
2022,47,17031110100,Census Tract 1101,5776,110100,11,1.0,27032,0.213672684,JEFFERSON PARK,64.86816167
2022,304,17031031400,Census Tract 314,4685,31400,3,1.0,57464,0.081529305,UPTOWN,65.09564272
2022,2,17031040900,Census Tract 409,2006,40900,4,1.0,42271,0.047455702,LINCOLN SQUARE,71.35232823
2022,163,17031050200,Census Tract 502,5546,50200,5,1.0,35814,0.154855643,NORTH CENTER,57.05416784
2022,50,17031050300,Census Tract 503,2829,50300,5,1.0,35814,0.078991456,NORTH CENTER,57.05416784
2022,183,17031071700,Census Tract 717,1485,71700,7,1.0,69099,0.021490904,LINCOLN PARK,88.31640046
2022,191,17031031800,Census Tract 318,2114,31800,3,1.0,57464,0.03678825,UPTOWN,65.09564272
2022,975,17031031700,Census Tract 317,6119,31700,3,1.0,57464,0.10648406,UPTOWN,65.09564272
2022,174,17031610400,Census Tract 6104,1888,610400,61,1.0,41048,0.045994933,NEW CITY,134.6369632
2022,16,17031050600,Census Tract 506,2232,50600,5,1.0,35814,0.062321997,NORTH CENTER,57.05416784
2022,22,17031050500,Census Tract 505,5199,50500,5,1.0,35814,0.145166695,NORTH CENTER,57.05416784
2022,106,17031071600,Census Tract 716,1903,71600,7,1.0,69099,0.027540196,LINCOLN PARK,88.31640046
2022,817,17031671400,Census Tract 6714,1299,671400,67,1.0,25772,0.050403539,WEST ENGLEWOOD,87.94769193
2022,20,17031062300,Census Tract 623,1609,62300,6,1.0,101739,0.015814978,LAKE VIEW,87.21479926
2022,107,17031630400,Census Tract 6304,6003,630400,63,1.0,34788,0.172559503,GAGE PARK,61.2848961
2022,1440,17031010100,Census Tract 101,4284,10100,1,1.0,55711,0.076896843,ROGERS PARK,51.25990244
2022,1172,17031680600,Census Tract 6806,1178,680600,68,1.0,21378,0.055103377,ENGLEWOOD,85.65232307
2022,686,17031030500,Census Tract 305,6344,30500,77,1.0,56099,0.113085795,EDGEWATER,48.44999083
2022,1572,17031020500,Census Tract 205,6646,20500,2,1.0,79265,0.083845329,WEST RIDGE,98.42909484
2022,377,17031081300,Census Tract 813,6014,81300,8,1.0,101208,0.05942218,NEAR NORTH SIDE,76.67589596
2022,951,17031081000,Census Tract 810,8150,81000,8,1.0,101208,0.080527231,NEAR NORTH SIDE,76.67589596
2022,101,17031130100,Census Tract 1301,4895,130100,13,1.0,19398,0.252345603,NORTH PARK,70.28870642
2022,48,17031170200,Census Tract 1702,3752,170200,17,1.0,42574,0.088128905,DUNNING,103.5950012
2022,126,17031170300,Census Tract 1703,4981,170300,17,1.0,42574,0.116996289,DUNNING,103.5950012
2022,218,17031170400,Census Tract 1704,3989,170400,17,1.0,42574,0.093695683,DUNNING,103.5950012
2022,409,17031170500,Census Tract 1705,5161,170500,17,1.0,42574,0.121224221,DUNNING,103.5950012
2022,34,17031170600,Census Tract 1706,2490,170600,17,1.0,42574,0.0584864,DUNNING,103.5950012
2022,42,17031170700,Census Tract 1707,3260,170700,17,1.0,42574,0.076572556,DUNNING,103.5950012
2022,451,17031170800,Census Tract 1708,4009,170800,17,1.0,42574,0.094165453,DUNNING,103.5950012
2022,3161,17031251400,Census Tract 2514,3712,251400,25,1.0,100120,0.037075509,AUSTIN,199.2542034
2022,1610,17031260300,Census Tract 2603,1878,260300,26,1.0,16374,0.114694027,WEST GARFIELD PARK,36.09284881
2022,1749,17031260500,Census Tract 2605,1767,260500,26,1.0,16374,0.107914987,WEST GARFIELD PARK,36.09284881
2022,2297,17031260600,Census Tract 2606,2398,260600,26,1.0,16374,0.146451692,WEST GARFIELD PARK,36.09284881
2022,1467,17031260700,Census Tract 2607,1524,260700,26,1.0,16374,0.093074386,WEST GARFIELD PARK,36.09284881
2022,1883,17031260800,Census Tract 2608,2001,260800,26,1.0,16374,0.122205936,WEST GARFIELD PARK,36.09284881
2022,20,17031050700,Census Tract 507,1456,50700,5,1.0,35814,0.040654493,NORTH CENTER,57.05416784
2022,38,17031050900,Census Tract 509,1388,50900,5,1.0,35814,0.038755794,NORTH CENTER,57.05416784
2022,70,17031051000,Census Tract 510,1707,51000,5,1.0,35814,0.047662925,NORTH CENTER,57.05416784
2022,68,17031051100,Census Tract 511,1905,51100,5,1.0,35814,0.053191489,NORTH CENTER,57.05416784
2022,76,17031051200,Census Tract 512,1576,51200,5,1.0,35814,0.044005138,NORTH CENTER,57.05416784
2022,0,17031170900,Census Tract 1709,1970,170900,17,1.0,42574,0.046272373,DUNNING,103.5950012
2022,506,17031171000,Census Tract 1710,6829,171000,17,1.0,42574,0.160403063,DUNNING,103.5950012
2022,122,17031171100,Census Tract 1711,4103,171100,17,1.0,42574,0.096373373,DUNNING,103.5950012
2022,517,17031180100,Census Tract 1801,6544,180100,18,1.0,13765,0.475408645,MONTCLARE,27.57639363
2022,141,17031190100,Census Tract 1901,2338,190100,19,1.0,73991,0.031598438,BELMONT CRAGIN,109.0994147
2022,115,17031222200,Census Tract 2222,2243,222200,22,1.0,71220,0.031493962,LOGAN SQUARE,100.0575667
2022,109,17031222500,Census Tract 2225,1468,222500,22,1.0,71220,0.020612188,LOGAN SQUARE,100.0575667
2022,153,17031222600,Census Tract 2226,1608,222600,22,1.0,71220,0.022577928,LOGAN SQUARE,100.0575667
2022,3364,17031251500,Census Tract 2515,4324,251500,25,1.0,100120,0.043188174,AUSTIN,199.2542034
2022,3063,17031251600,Census Tract 2516,4456,251600,25,1.0,100120,0.044506592,AUSTIN,199.2542034
2022,956,17031251700,Census Tract 2517,1291,251700,25,1.0,100120,0.012894527,AUSTIN,199.2542034
2022,5068,17031251800,Census Tract 2518,5399,251800,25,1.0,100120,0.05392529,AUSTIN,199.2542034
2022,4815,17031251900,Census Tract 2519,5086,251900,25,1.0,100120,0.050799041,AUSTIN,199.2542034
2022,5500,17031252000,Census Tract 2520,6308,252000,25,1.0,100120,0.063004395,AUSTIN,199.2542034
2022,222,17031130300,Census Tract 1303,5040,130300,13,1.0,19398,0.2598206,NORTH PARK,70.28870642
2022,490,17031190200,Census Tract 1902,5858,190200,19,1.0,73991,0.079171791,BELMONT CRAGIN,109.0994147
2022,286,17031190300,Census Tract 1903,5289,190300,19,1.0,73991,0.071481667,BELMONT CRAGIN,109.0994147
2022,299,17031190800,Census Tract 1908,6049,190800,19,1.0,73991,0.081753186,BELMONT CRAGIN,109.0994147
2022,937,17031260100,Census Tract 2601,1016,260100,26,1.0,16374,0.062049591,WEST GARFIELD PARK,36.09284881
2022,1064,17031260200,Census Tract 2602,1232,260200,26,1.0,16374,0.075241236,WEST GARFIELD PARK,36.09284881
2022,819,17031530100,Census Tract 5301,1915,530100,53,1.0,25449,0.075248536,WEST PULLMAN,99.36519806
2022,47,17031061800,Census Tract 618,1204,61800,6,1.0,101739,0.011834203,LAKE VIEW,87.21479926
2022,406,17031410200,Census Tract 4102,1281,410200,41,1.0,29559,0.043337055,HYDE PARK,45.10538016
2022,219,17031222900,Census Tract 2229,986,222900,22,1.0,71220,0.013844426,LOGAN SQUARE,100.0575667
2022,182,17031241000,Census Tract 2410,1792,241000,24,1.0,86514,0.020713411,WEST TOWN,127.5629046
2022,266,17031190900,Census Tract 1909,1869,190900,19,1.0,73991,0.025259829,BELMONT CRAGIN,109.0994147
2022,169,17031191200,Census Tract 1912,3775,191200,19,1.0,73991,0.051019719,BELMONT CRAGIN,109.0994147
2022,82,17031200100,Census Tract 2001,3666,200100,20,1.0,23157,0.158310662,HERMOSA,32.6020594
2022,141,17031200200,Census Tract 2002,4435,200200,20,1.0,23157,0.191518763,HERMOSA,32.6020594
2022,268,17031200300,Census Tract 2003,1866,200300,20,1.0,23157,0.080580386,HERMOSA,32.6020594
2022,280,17031222700,Census Tract 2227,2202,222700,22,1.0,71220,0.030918281,LOGAN SQUARE,100.0575667
2022,392,17031230100,Census Tract 2301,1636,230100,23,1.0,55416,0.02952216,HUMBOLDT PARK,100.4808765
2022,300,17031230200,Census Tract 2302,1977,230200,23,1.0,55416,0.035675617,HUMBOLDT PARK,100.4808765
2022,146,17031230300,Census Tract 2303,905,230300,23,1.0,55416,0.016331024,HUMBOLDT PARK,100.4808765
2022,73,17031230400,Census Tract 2304,2116,230400,23,1.0,55416,0.038183918,HUMBOLDT PARK,100.4808765
2022,271,17031230500,Census Tract 2305,3080,230500,23,1.0,55416,0.055579616,HUMBOLDT PARK,100.4808765
2022,2120,17031351100,Census Tract 3511,2160,351100,35,1.0,21355,0.101147272,DOUGLAS,46.00462115
2022,566,17031611700,Census Tract 6117,1847,611700,61,1.0,41048,0.044996102,NEW CITY,134.6369632
2022,191,17031300500,Census Tract 3005,3240,300500,30,1.0,69708,0.046479601,SOUTH LAWNDALE,127.9982978
2022,652,17031381500,Census Tract 3815,670,381500,38,1.0,24813,0.027001975,GRAND BOULEVARD,48.49250315
2022,1987,17031420500,Census Tract 4205,2040,420500,42,1.0,24645,0.082775411,WOODLAWN,57.8151795
2022,241,17031081500,Census Tract 815,4906,81500,8,1.0,101208,0.048474429,NEAR NORTH SIDE,76.67589596
2022,120,17031081600,Census Tract 816,3725,81600,8,1.0,101208,0.036805391,NEAR NORTH SIDE,76.67589596
2022,242,17031081700,Census Tract 817,5217,81700,8,1.0,101208,0.051547309,NEAR NORTH SIDE,76.67589596
2022,602,17031081800,Census Tract 818,12213,81800,8,1.0,101208,0.120672279,NEAR NORTH SIDE,76.67589596
2022,213,17031081900,Census Tract 819,1111,81900,8,1.0,101208,0.010977393,NEAR NORTH SIDE,76.67589596
2022,193,17031222800,Census Tract 2228,1052,222800,22,1.0,71220,0.014771132,LOGAN SQUARE,100.0575667
2022,252,17031050800,Census Tract 508,1398,50800,5,1.0,35814,0.039035014,NORTH CENTER,57.05416784
2022,134,17031210100,Census Tract 2101,4194,210100,21,1.0,36374,0.115302139,AVONDALE,55.29059546
2022,346,17031210400,Census Tract 2104,2491,210400,21,1.0,36374,0.068482982,AVONDALE,55.29059546
2022,838,17031230700,Census Tract 2307,5773,230700,23,1.0,55416,0.104175689,HUMBOLDT PARK,100.4808765
2022,84,17031230800,Census Tract 2308,1029,230800,23,1.0,55416,0.018568644,HUMBOLDT PARK,100.4808765
2022,620,17031230900,Census Tract 2309,4903,230900,23,1.0,55416,0.088476252,HUMBOLDT PARK,100.4808765
2022,132,17031550200,Census Tract 5502,2824,550200,55,1.0,9025,0.312908587,HEGEWISCH,145.9657414
2022,793,17031670500,Census Tract 6705,1004,670500,67,1.0,25772,0.038957008,WEST ENGLEWOOD,87.94769193
2022,69,17031580800,Census Tract 5808,2096,580800,58,1.0,42243,0.049617688,BRIGHTON PARK,75.8927903
2022,2528,17031230600,Census Tract 2306,8977,230600,23,1.0,55416,0.161992926,HUMBOLDT PARK,100.4808765
2022,202,17031242300,Census Tract 2423,3805,242300,24,1.0,86514,0.043981321,WEST TOWN,127.5629046
2022,263,17031242200,Census Tract 2422,4014,242200,24,1.0,86514,0.046397115,WEST TOWN,127.5629046
2022,1071,17031032100,Census Tract 321,7279,32100,3,1.0,57464,0.126670611,UPTOWN,65.09564272
2022,0,17031300800,Census Tract 3008,4192,300800,30,1.0,69708,0.06013657,SOUTH LAWNDALE,127.9982978
2022,240,17031060900,Census Tract 609,6943,60900,6,1.0,101739,0.06824325,LAKE VIEW,87.21479926
2022,91,17031061000,Census Tract 610,2324,61000,6,1.0,101739,0.022842764,LAKE VIEW,87.21479926
2022,134,17031210700,Census Tract 2107,3724,210700,21,1.0,36374,0.102380821,AVONDALE,55.29059546
2022,166,17031291600,Census Tract 2916,1429,291600,29,1.0,30409,0.046992667,NORTH LAWNDALE,89.48742201
2022,2129,17031400400,Census Tract 4004,2204,400400,40,1.0,12366,0.178230632,WASHINGTON PARK,42.37388148
2022,511,17031191100,Census Tract 1911,6651,191100,19,1.0,73991,0.089889311,BELMONT CRAGIN,109.0994147
2022,4,17031120100,Census Tract 1201,4400,120100,12,1.0,19855,0.221606648,FOREST GLEN,89.13089362
2022,394,17031611200,Census Tract 6112,2072,611200,61,1.0,41048,0.05047749,NEW CITY,134.6369632
2022,1,17031300900,Census Tract 3009,3937,300900,30,1.0,69708,0.056478453,SOUTH LAWNDALE,127.9982978
2022,64,17031061100,Census Tract 611,1436,61100,6,1.0,101739,0.014114548,LAKE VIEW,87.21479926
2022,97,17031061500,Census Tract 615,2023,61500,6,1.0,101739,0.019884214,LAKE VIEW,87.21479926
2022,136,17031062000,Census Tract 620,2890,62000,6,1.0,101739,0.028406019,LAKE VIEW,87.21479926
2022,139,17031062100,Census Tract 621,3646,62100,6,1.0,101739,0.035836798,LAKE VIEW,87.21479926
2022,118,17031062200,Census Tract 622,3152,62200,6,1.0,101739,0.030981236,LAKE VIEW,87.21479926
2022,164,17031090200,Census Tract 902,6505,90200,9,1.0,11402,0.570513945,EDISON PARK,31.63631378
2022,66,17031090100,Census Tract 901,3526,90100,9,1.0,11402,0.309243992,EDISON PARK,31.63631378
2022,841,17031260400,Census Tract 2604,939,260400,26,1.0,16374,0.057347014,WEST GARFIELD PARK,36.09284881
2022,673,17031351500,Census Tract 3515,946,351500,35,1.0,21355,0.044298759,DOUGLAS,46.00462115
2022,84,17031210800,Census Tract 2108,1142,210800,21,1.0,36374,0.031396052,AVONDALE,55.29059546
2022,247,17031210900,Census Tract 2109,3174,210900,21,1.0,36374,0.087260131,AVONDALE,55.29059546
2022,521,17031081100,Census Tract 811,4455,81100,8,1.0,101208,0.044018259,NEAR NORTH SIDE,76.67589596
2022,148,17031241200,Census Tract 2412,1698,241200,24,1.0,86514,0.019626881,WEST TOWN,127.5629046
2022,2419,17031031200,Census Tract 312,5936,31200,3,1.0,57464,0.103299457,UPTOWN,65.09564272
2022,50,17031062500,Census Tract 625,1420,62500,6,1.0,101739,0.013957283,LAKE VIEW,87.21479926
2022,56,17031062600,Census Tract 626,2371,62600,6,1.0,101739,0.023304731,LAKE VIEW,87.21479926
2022,128,17031062700,Census Tract 627,3046,62700,6,1.0,101739,0.029939355,LAKE VIEW,87.21479926
2022,64,17031062800,Census Tract 628,3682,62800,6,1.0,101739,0.036190645,LAKE VIEW,87.21479926
2022,269,17031062900,Census Tract 629,4138,62900,6,1.0,101739,0.040672702,LAKE VIEW,87.21479926
2022,179,17031063000,Census Tract 630,3280,63000,6,1.0,101739,0.032239358,LAKE VIEW,87.21479926
2022,104,17031062400,Census Tract 624,1799,62400,6,1.0,101739,0.017682501,LAKE VIEW,87.21479926
2022,13,17031063100,Census Tract 631,2352,63100,6,1.0,101739,0.023117978,LAKE VIEW,87.21479926
2022,465,17031063200,Census Tract 632,6380,63200,6,1.0,101739,0.062709482,LAKE VIEW,87.21479926
2022,117,17031063400,Census Tract 634,2435,63400,6,1.0,101739,0.023933791,LAKE VIEW,87.21479926
2022,0,17031090300,Census Tract 903,1371,90300,9,1.0,11402,0.120242063,EDISON PARK,31.63631378
2022,0,17031100100,Census Tract 1001,5890,100100,10,1.0,39326,0.149773687,NORWOOD PARK,121.9591054
2022,146,17031100300,Census Tract 1003,6447,100300,10,1.0,39326,0.163937344,NORWOOD PARK,121.9591054
2022,367,17031140100,Census Tract 1401,3520,140100,14,1.0,47663,0.073851835,ALBANY PARK,53.54223081
2022,740,17031140200,Census Tract 1402,6603,140200,14,1.0,47663,0.138535132,ALBANY PARK,53.54223081
2022,97,17031140400,Census Tract 1404,5911,140400,14,1.0,47663,0.124016533,ALBANY PARK,53.54223081
2022,187,17031140500,Census Tract 1405,3171,140500,14,1.0,47663,0.066529593,ALBANY PARK,53.54223081
2022,315,17031242700,Census Tract 2427,1837,242700,24,1.0,86514,0.021233558,WEST TOWN,127.5629046
2022,173,17031070200,Census Tract 702,4019,70200,7,1.0,69099,0.058162926,LINCOLN PARK,88.31640046
2022,132,17031070300,Census Tract 703,3818,70300,7,1.0,69099,0.055254056,LINCOLN PARK,88.31640046
2022,9,17031070400,Census Tract 704,3421,70400,7,1.0,69099,0.049508676,LINCOLN PARK,88.31640046
2022,178,17031070500,Census Tract 705,3185,70500,7,1.0,69099,0.046093286,LINCOLN PARK,88.31640046
2022,39,17031070600,Census Tract 706,3194,70600,7,1.0,69099,0.046223534,LINCOLN PARK,88.31640046
2022,399,17031070700,Census Tract 707,3741,70700,7,1.0,69099,0.054139713,LINCOLN PARK,88.31640046
2022,5,17031100400,Census Tract 1004,3325,100400,10,1.0,39326,0.084549662,NORWOOD PARK,121.9591054
2022,0,17031100600,Census Tract 1006,4914,100600,10,1.0,39326,0.1249555,NORWOOD PARK,121.9591054
2022,126,17031100700,Census Tract 1007,5372,100700,10,1.0,39326,0.136601739,NORWOOD PARK,121.9591054
2022,219,17031110200,Census Tract 1102,2821,110200,11,1.0,27032,0.104357798,JEFFERSON PARK,64.86816167
2022,276,17031150200,Census Tract 1502,7263,150200,15,1.0,64213,0.113107938,PORTAGE PARK,110.1960971
2022,211,17031150300,Census Tract 1503,7272,150300,15,1.0,64213,0.113248096,PORTAGE PARK,110.1960971
2022,9,17031140800,Census Tract 1408,6212,140800,14,1.0,47663,0.130331704,ALBANY PARK,53.54223081
2022,4788,17031231200,Census Tract 2312,5957,231200,23,1.0,55416,0.10749603,HUMBOLDT PARK,100.4808765
2022,925,17031231100,Census Tract 2311,1362,231100,23,1.0,55416,0.024577739,HUMBOLDT PARK,100.4808765
2022,77,17031242400,Census Tract 2424,2705,242400,24,1.0,86514,0.031266616,WEST TOWN,127.5629046
2022,306,17031242500,Census Tract 2425,3255,242500,24,1.0,86514,0.037623968,WEST TOWN,127.5629046
2022,84,17031120200,Census Tract 1202,4573,120200,12,1.0,19855,0.230319819,FOREST GLEN,89.13089362
2022,19,17031120300,Census Tract 1203,7046,120300,12,1.0,19855,0.354872828,FOREST GLEN,89.13089362
2022,180,17031120400,Census Tract 1204,3836,120400,12,1.0,19855,0.193200705,FOREST GLEN,89.13089362
2022,3949,17031231500,Census Tract 2315,5809,231500,23,1.0,55416,0.104825321,HUMBOLDT PARK,100.4808765
2022,54,17031071100,Census Tract 711,3186,71100,7,1.0,69099,0.046107758,LINCOLN PARK,88.31640046
2022,249,17031071000,Census Tract 710,4525,71000,7,1.0,69099,0.065485752,LINCOLN PARK,88.31640046
2022,67,17031071200,Census Tract 712,2386,71200,7,1.0,69099,0.034530167,LINCOLN PARK,88.31640046
2022,29,17031071300,Census Tract 713,4129,71300,7,1.0,69099,0.059754844,LINCOLN PARK,88.31640046
2022,11,17031110300,Census Tract 1103,5304,110300,11,1.0,27032,0.196211897,JEFFERSON PARK,64.86816167
2022,133,17031220300,Census Tract 2203,1998,220300,22,1.0,71220,0.028053917,LOGAN SQUARE,100.0575667
2022,228,17031220400,Census Tract 2204,2670,220400,22,1.0,71220,0.037489469,LOGAN SQUARE,100.0575667
2022,243,17031220500,Census Tract 2205,2810,220500,22,1.0,71220,0.039455209,LOGAN SQUARE,100.0575667
2022,33,17031240300,Census Tract 2403,1272,240300,24,1.0,86514,0.014702823,WEST TOWN,127.5629046
2022,38,17031240500,Census Tract 2405,2515,240500,24,1.0,86514,0.029070439,WEST TOWN,127.5629046
2022,45,17031060400,Census Tract 604,3691,60400,6,1.0,101739,0.036279106,LAKE VIEW,87.21479926
2022,60,17031060500,Census Tract 605,1287,60500,6,1.0,101739,0.012650016,LAKE VIEW,87.21479926
2022,191,17031240800,Census Tract 2408,1480,240800,24,1.0,86514,0.017107058,WEST TOWN,127.5629046
2022,101,17031240600,Census Tract 2406,1639,240600,24,1.0,86514,0.018944911,WEST TOWN,127.5629046
2022,230,17031240700,Census Tract 2407,1634,240700,24,1.0,86514,0.018887117,WEST TOWN,127.5629046
2022,132,17031240900,Census Tract 2409,1093,240900,24,1.0,86514,0.012633793,WEST TOWN,127.5629046
2022,1170,17031242600,Census Tract 2426,5512,242600,24,1.0,86514,0.063712232,WEST TOWN,127.5629046
2022,116,17031310600,Census Tract 3106,5542,310600,31,1.0,34237,0.161871659,LOWER WEST SIDE,81.55072362
2022,136,17031310700,Census Tract 3107,1354,310700,31,1.0,34237,0.039547858,LOWER WEST SIDE,81.55072362
2022,36,17031310800,Census Tract 3108,4633,310800,31,1.0,34237,0.135321436,LOWER WEST SIDE,81.55072362
2022,533,17031020602,Census Tract 206.02,5343,20602,2,1.0,79265,0.0674068,WEST RIDGE,98.42909484
2022,342,17031310900,Census Tract 3109,4914,310900,31,1.0,34237,0.143528931,LOWER WEST SIDE,81.55072362
2022,441,17031510100,Census Tract 5101,3639,510100,51,1.0,15218,0.239124721,SOUTH DEERING,303.7970596
2022,2687,17031510200,Census Tract 5102,3714,510200,51,1.0,15218,0.244053095,SOUTH DEERING,303.7970596
2022,12,17031561100,Census Tract 5611,5888,561100,56,1.0,36401,0.161753798,GARFIELD RIDGE,117.8907784
2022,132,17031190701,Census Tract 1907.01,2835,190701,19,1.0,73991,0.038315471,BELMONT CRAGIN,109.0994147
2022,1726,17031020901,Census Tract 209.01,6179,20901,2,1.0,79265,0.0779537,WEST RIDGE,98.42909484
2022,955,17031010202,Census Tract 102.02,2865,10202,1,1.0,55711,0.05142611,ROGERS PARK,51.25990244
2022,24,17031570100,Census Tract 5701,1421,570100,57,1.0,13867,0.102473498,ARCHER HEIGHTS,55.92250571
2022,70,17031570200,Census Tract 5702,2084,570200,57,1.0,13867,0.150284849,ARCHER HEIGHTS,55.92250571
2022,13,17031570300,Census Tract 5703,5951,570300,57,1.0,13867,0.429148338,ARCHER HEIGHTS,55.92250571
2022,2,17031570400,Census Tract 5704,1712,570400,57,1.0,13867,0.123458571,ARCHER HEIGHTS,55.92250571
2022,53,17031570500,Census Tract 5705,2699,570500,57,1.0,13867,0.194634744,ARCHER HEIGHTS,55.92250571
2022,2848,17031690400,Census Tract 6904,2908,690400,69,1.0,28991,0.100306992,GREATER GRAND CROSSING,98.85316769
2022,2332,17031691300,Census Tract 6913,2332,691300,69,1.0,28991,0.080438757,GREATER GRAND CROSSING,98.85316769
2022,2508,17031691400,Census Tract 6914,2701,691400,69,1.0,28991,0.093166845,GREATER GRAND CROSSING,98.85316769
2022,1802,17031691500,Census Tract 6915,1895,691500,69,1.0,28991,0.065365113,GREATER GRAND CROSSING,98.85316769
2022,469,17031320400,Census Tract 3204,3004,320400,32,1.0,41671,0.072088503,LOOP,46.33556545
2022,206,17031580100,Census Tract 5801,2662,580100,58,1.0,42243,0.063016358,BRIGHTON PARK,75.8927903
2022,113,17031580200,Census Tract 5802,2988,580200,58,1.0,42243,0.070733613,BRIGHTON PARK,75.8927903
2022,29,17031580300,Census Tract 5803,2569,580300,58,1.0,42243,0.06081481,BRIGHTON PARK,75.8927903
2022,94,17031580400,Census Tract 5804,4672,580400,58,1.0,42243,0.110598206,BRIGHTON PARK,75.8927903
2022,268,17031580600,Census Tract 5806,5402,580600,58,1.0,42243,0.127879175,BRIGHTON PARK,75.8927903
2022,181,17031580700,Census Tract 5807,6137,580700,58,1.0,42243,0.145278508,BRIGHTON PARK,75.8927903
2022,2223,17031681300,Census Tract 6813,2323,681300,68,1.0,21378,0.108663112,ENGLEWOOD,85.65232307
2022,1782,17031681400,Census Tract 6814,1879,681400,68,1.0,21378,0.087894097,ENGLEWOOD,85.65232307
2022,2197,17031690300,Census Tract 6903,2303,690300,69,1.0,28991,0.079438446,GREATER GRAND CROSSING,98.85316769
2022,742,17031690500,Census Tract 6905,742,690500,69,1.0,28991,0.02559415,GREATER GRAND CROSSING,98.85316769
2022,3692,17031690900,Census Tract 6909,3809,690900,69,1.0,28991,0.131385602,GREATER GRAND CROSSING,98.85316769
2022,2570,17031691000,Census Tract 6910,2655,691000,69,1.0,28991,0.091580146,GREATER GRAND CROSSING,98.85316769
2022,2363,17031700100,Census Tract 7001,3874,700100,70,1.0,42745,0.090630483,ASHBURN,135.4603372
2022,1063,17031700200,Census Tract 7002,6888,700200,70,1.0,42745,0.161141654,ASHBURN,135.4603372
2022,742,17031320600,Census Tract 3206,6116,320600,32,1.0,41671,0.146768736,LOOP,46.33556545
2022,1206,17031330200,Census Tract 3302,3969,330200,33,1.0,28216,0.140664871,NEAR SOUTH SIDE,49.76963944
2022,190,17031590500,Census Tract 5905,1672,590500,59,1.0,15479,0.108017314,MCKINLEY PARK,39.43179964
2022,201,17031590600,Census Tract 5906,3813,590600,59,1.0,15479,0.246333742,MCKINLEY PARK,39.43179964
2022,649,17031671200,Census Tract 6712,840,671200,67,1.0,25772,0.032593512,WEST ENGLEWOOD,87.94769193
2022,915,17031671100,Census Tract 6711,915,671100,67,1.0,25772,0.035503647,WEST ENGLEWOOD,87.94769193
2022,1443,17031671300,Census Tract 6713,1657,671300,67,1.0,25772,0.064294583,WEST ENGLEWOOD,87.94769193
2022,2013,17031671500,Census Tract 6715,2308,671500,67,1.0,25772,0.089554555,WEST ENGLEWOOD,87.94769193
2022,1591,17031671600,Census Tract 6716,1709,671600,67,1.0,25772,0.066312277,WEST ENGLEWOOD,87.94769193
2022,1005,17031671800,Census Tract 6718,1128,671800,67,1.0,25772,0.043768431,WEST ENGLEWOOD,87.94769193
2022,678,17031671900,Census Tract 6719,1034,671900,67,1.0,25772,0.040121062,WEST ENGLEWOOD,87.94769193
2022,940,17031710100,Census Tract 7101,1026,710100,71,1.0,46468,0.022079711,AUBURN GRESHAM,105.0653536
2022,3961,17031710200,Census Tract 7102,4056,710200,71,1.0,46468,0.087285874,AUBURN GRESHAM,105.0653536
2022,5300,17031710400,Census Tract 7104,5668,710400,71,1.0,46468,0.121976414,AUBURN GRESHAM,105.0653536
2022,3851,17031710500,Census Tract 7105,4087,710500,71,1.0,46468,0.087953,AUBURN GRESHAM,105.0653536
2022,1525,17031710600,Census Tract 7106,1720,710600,71,1.0,46468,0.03701472,AUBURN GRESHAM,105.0653536
2022,4476,17031710800,Census Tract 7108,4536,710800,71,1.0,46468,0.097615563,AUBURN GRESHAM,105.0653536
2022,0,17031340300,Census Tract 3403,1698,340300,34,1.0,13193,0.128704616,ARMOUR SQUARE,27.76619609
2022,103,17031340500,Census Tract 3405,1558,340500,34,1.0,13193,0.118092928,ARMOUR SQUARE,27.76619609
2022,1098,17031340600,Census Tract 3406,1317,340600,34,1.0,13193,0.099825665,ARMOUR SQUARE,27.76619609
2022,4851,17031430200,Census Tract 4302,5455,430200,43,1.0,54974,0.099228726,SOUTH SHORE,81.81271638
2022,2547,17031430300,Census Tract 4303,2611,430300,43,1.0,54974,0.04749518,SOUTH SHORE,81.81271638
2022,627,17031030604,Census Tract 306.04,2921,30604,77,1.0,56099,0.052068664,EDGEWATER,48.44999083
2022,1728,17031031502,Census Tract 315.02,4622,31502,3,1.0,57464,0.080432967,UPTOWN,65.09564272
2022,334,17031081402,Census Tract 814.02,5942,81402,8,1.0,101208,0.058710774,NEAR NORTH SIDE,76.67589596
2022,0,17031080201,Census Tract 802.01,3236,80201,8,1.0,101208,0.031973757,NEAR NORTH SIDE,76.67589596
2022,49,17031760802,Census Tract 7608.02,2191,760802,76,1.0,13771,0.159102462,OHARE,371.8356076
2022,323,17031140601,Census Tract 1406.01,2762,140601,14,1.0,47663,0.057948514,ALBANY PARK,53.54223081
2022,247,17031070102,Census Tract 701.02,2980,70102,7,1.0,69099,0.043126529,LINCOLN PARK,88.31640046
2022,441,17031210502,Census Tract 2105.02,4412,210502,21,1.0,36374,0.121295431,AVONDALE,55.29059546
2022,3314,17031540102,Census Tract 5401.02,3357,540102,54,1.0,7817,0.429448638,RIVERDALE,98.3894974
2022,2125,17031700402,Census Tract 7004.02,3417,700402,70,1.0,42745,0.079939174,ASHBURN,135.4603372
2022,304,17031030800,Census Tract 308,4236,30800,77,1.0,56099,0.075509367,EDGEWATER,48.44999083
2022,668,17031031100,Census Tract 311,4898,31100,3,1.0,57464,0.085235974,UPTOWN,65.09564272
2022,1057,17031031300,Census Tract 313,6853,31300,3,1.0,57464,0.119257274,UPTOWN,65.09564272
2022,270,17031031900,Census Tract 319,2417,31900,3,1.0,57464,0.042061117,UPTOWN,65.09564272
2022,544,17031160501,Census Tract 1605.01,3270,160501,16,1.0,53584,0.061025679,IRVING PARK,89.61138229
2022,391,17031040100,Census Tract 401,4011,40100,4,1.0,42271,0.094887748,LINCOLN SQUARE,71.35232823
2022,144,17031040300,Census Tract 403,3063,40300,4,1.0,42271,0.072461025,LINCOLN SQUARE,71.35232823
2022,1168,17031611600,Census Tract 6116,1995,611600,61,1.0,41048,0.048601637,NEW CITY,134.6369632
2022,123,17031340400,Census Tract 3404,1630,340400,34,1.0,13193,0.123550368,ARMOUR SQUARE,27.76619609
2022,2139,17031430700,Census Tract 4307,2256,430700,43,1.0,54974,0.041037581,SOUTH SHORE,81.81271638
2022,79,17031191000,Census Tract 1910,2556,191000,19,1.0,73991,0.034544742,BELMONT CRAGIN,109.0994147
2022,0,17031560400,Census Tract 5604,1744,560400,56,1.0,36401,0.047910772,GARFIELD RIDGE,117.8907784
2022,3392,17031710700,Census Tract 7107,3412,710700,71,1.0,46468,0.073426874,AUBURN GRESHAM,105.0653536
2022,1181,17031550100,Census Tract 5501,6201,550100,55,1.0,9025,0.687091413,HEGEWISCH,145.9657414
2022,926,17031283200,Census Tract 2832,1727,283200,28,1.0,65581,0.026333847,NEAR WEST SIDE,158.4924665
2022,94,17031100500,Census Tract 1005,5814,100500,10,1.0,39326,0.147841123,NORWOOD PARK,121.9591054
2023,4377,17031510300,Census Tract 5103,4421,510300,51,1.0,14210,0.31111893,SOUTH DEERING,303.7970596
2023,133,17031520100,Census Tract 5201,2061,520100,52,1.0,22793,0.090422498,EAST SIDE,83.24172803
2023,38,17031590700,Census Tract 5907,2728,590700,59,1.0,15443,0.176649615,MCKINLEY PARK,39.43179964
2023,247,17031600400,Census Tract 6004,4053,600400,60,1.0,33123,0.122362105,BRIDGEPORT,58.29151927
2023,1002,17031830600,Census Tract 8306,4733,830600,1,1.0,54388,0.087022873,ROGERS PARK,51.25990244
2023,146,17031830800,Census Tract 8308,2502,830800,4,1.0,41673,0.060038874,LINCOLN SQUARE,71.35232823
2023,1403,17031830700,Census Tract 8307,4096,830700,3,1.0,57331,0.071444768,UPTOWN,65.09564272
2023,48,17031830900,Census Tract 8309,2918,830900,22,1.0,70872,0.041172819,LOGAN SQUARE,100.0575667
2023,231,17031835200,Census Tract 8352,2228,835200,56,1.0,36426,0.061165102,GARFIELD RIDGE,117.8907784
2023,140,17031839900,Census Tract 8399,4448,839900,60,1.0,33123,0.134287353,BRIDGEPORT,58.29151927
2023,176,17031839700,Census Tract 8397,4802,839700,60,1.0,33123,0.144974791,BRIDGEPORT,58.29151927
2023,68,17031839800,Census Tract 8398,2590,839800,60,1.0,33123,0.0781934,BRIDGEPORT,58.29151927
2023,1581,17031834800,Census Tract 8348,1712,834800,68,1.0,21411,0.0799589,ENGLEWOOD,85.65232307
2023,1156,17031834700,Census Tract 8347,1474,834700,68,1.0,21411,0.068843118,ENGLEWOOD,85.65232307
2023,85,17031832000,Census Tract 8320,1654,832000,6,1.0,101163,0.016349851,LAKE VIEW,87.21479926
2023,115,17031832500,Census Tract 8325,3336,832500,7,1.0,67831,0.049181053,LINCOLN PARK,88.31640046
2023,205,17031832300,Census Tract 8323,2151,832300,22,1.0,70872,0.030350491,LOGAN SQUARE,100.0575667
2023,927,17031838300,Census Tract 8383,3000,838300,8,1.0,104712,0.028650011,NEAR NORTH SIDE,76.67589596
2023,546,17031831800,Census Tract 8318,7545,831800,13,1.0,18742,0.402571764,NORTH PARK,70.28870642
2023,65,17031831700,Census Tract 8317,2110,831700,15,1.0,61793,0.034146263,PORTAGE PARK,110.1960971
2023,1225,17031835100,Census Tract 8351,4470,835100,63,1.0,35691,0.125241658,GAGE PARK,61.2848961
2023,2158,17031835000,Census Tract 8350,5865,835000,66,1.0,53460,0.109708193,CHICAGO LAWN,98.2794651
2023,140,17031843700,Census Tract 8437,2381,843700,5,1.0,35408,0.06724469,NORTH CENTER,57.05416784
2023,268,17031220702,Census Tract 2207.02,3825,220702,22,1.0,70872,0.053970538,LOGAN SQUARE,100.0575667
2023,3069,17031842100,Census Tract 8421,6808,842100,23,1.0,55598,0.122450448,HUMBOLDT PARK,100.4808765
2023,1079,17031843300,Census Tract 8433,1601,843300,29,1.0,31244,0.051241838,NORTH LAWNDALE,89.48742201
2023,441,17031831100,Census Tract 8311,6828,831100,21,1.0,35489,0.192397644,AVONDALE,55.29059546
2023,550,17031831500,Census Tract 8315,3479,831500,19,1.0,72918,0.047711128,BELMONT CRAGIN,109.0994147
2023,740,17031831600,Census Tract 8316,7209,831600,18,1.0,14084,0.511857427,MONTCLARE,27.57639363
2023,438,17031831200,Census Tract 8312,4657,831200,20,1.0,22776,0.204469617,HERMOSA,32.6020594
2023,35,17031831000,Census Tract 8310,1139,831000,22,0.5,70872,0.016071227,LOGAN SQUARE,100.0575667
2023,35,17031831000,Census Tract 8310,1139,831000,24,0.5,86596,0.013153032,WEST TOWN,127.5629046
2023,2202,17031843000,Census Tract 8430,2455,843000,29,1.0,31244,0.078575086,NORTH LAWNDALE,89.48742201
2023,1151,17031843100,Census Tract 8431,1491,843100,29,1.0,31244,0.047721162,NORTH LAWNDALE,89.48742201
2023,1877,17031842900,Census Tract 8429,2630,842900,28,1.0,66084,0.039797833,NEAR WEST SIDE,158.4924665
2023,5724,17031843500,Census Tract 8435,8470,843500,30,1.0,68798,0.123114044,SOUTH LAWNDALE,127.9982978
2023,1361,17031842000,Census Tract 8420,2815,842000,35,1.0,21756,0.129389594,DOUGLAS,46.00462115
2023,341,17031832400,Census Tract 8324,3640,832400,22,1.0,70872,0.051360199,LOGAN SQUARE,100.0575667
2023,128,17031832900,Census Tract 8329,2054,832900,28,1.0,66084,0.031081654,NEAR WEST SIDE,158.4924665
2023,146,17031840300,Census Tract 8403,3717,840300,59,1.0,15443,0.240691575,MCKINLEY PARK,39.43179964
2023,1366,17031838600,Census Tract 8386,1620,838600,29,1.0,31244,0.051849955,NORTH LAWNDALE,89.48742201
2023,1802,17031839600,Census Tract 8396,2085,839600,35,1.0,21756,0.095835632,DOUGLAS,46.00462115
2023,1114,17031834900,Census Tract 8349,1122,834900,67,1.0,26729,0.041976879,WEST ENGLEWOOD,87.94769193
2023,611,17031030603,Census Tract 306.03,2163,30603,77,1.0,56146,0.038524561,EDGEWATER,48.44999083
2023,234,17031832200,Census Tract 8322,3211,832200,22,1.0,70872,0.045307032,LOGAN SQUARE,100.0575667
2023,1913,17031836700,Census Tract 8367,2650,836700,23,1.0,55598,0.047663585,HUMBOLDT PARK,100.4808765
2023,2375,17031836800,Census Tract 8368,2524,836800,27,1.0,20526,0.122965994,EAST GARFIELD PARK,53.88322084
2023,681,17031836600,Census Tract 8366,2558,836600,23,1.0,55598,0.046008849,HUMBOLDT PARK,100.4808765
2023,497,17031833000,Census Tract 8330,4991,833000,28,1.0,66084,0.075525089,NEAR WEST SIDE,158.4924665
2023,2057,17031842500,Census Tract 8425,2717,842500,69,1.0,29563,0.091905422,GREATER GRAND CROSSING,98.85316769
2023,1913,17031841800,Census Tract 8418,2309,841800,69,1.0,29563,0.078104387,GREATER GRAND CROSSING,98.85316769
2023,0,17031980100,Census Tract 9801,0,980100,56,0.5,36426,0.0,GARFIELD RIDGE,117.8907784
2023,0,17031980100,Census Tract 9801,0,980100,64,0.5,24924,0.0,CLEARING,71.14519237
2023,81,17031842800,Census Tract 8428,6806,842800,58,1.0,42062,0.161808758,BRIGHTON PARK,75.8927903
2023,618,17031843800,Census Tract 8438,2001,843800,61,1.0,41869,0.047791922,NEW CITY,134.6369632
2023,383,17031841000,Census Tract 8410,1165,841000,33,1.0,29174,0.039932817,NEAR SOUTH SIDE,49.76963944
2023,1166,17031836500,Census Tract 8365,1476,836500,36,1.0,6946,0.212496401,OAKLAND,16.91396104
2023,1648,17031843900,Census Tract 8439,1939,843900,42,0.5,24628,0.078731525,WOODLAWN,57.8151795
2023,1648,17031843900,Census Tract 8439,1939,843900,43,0.5,53673,0.036126171,SOUTH SHORE,81.81271638
2023,5319,17031834200,Census Tract 8342,5355,834200,43,1.0,53673,0.099770834,SOUTH SHORE,81.81271638
2023,423,17031842200,Census Tract 8422,3629,842200,8,1.0,104712,0.034656964,NEAR NORTH SIDE,76.67589596
2023,1647,17031838000,Census Tract 8380,2650,838000,28,1.0,66084,0.040100478,NEAR WEST SIDE,158.4924665
2023,2123,17031010702,Census Tract 107.02,5166,10702,1,1.0,54388,0.094984188,ROGERS PARK,51.25990244
2023,560,17031010503,Census Tract 105.03,2844,10503,1,1.0,54388,0.052290947,ROGERS PARK,51.25990244
2023,594,17031010502,Census Tract 105.02,3329,10502,1,1.0,54388,0.061208355,ROGERS PARK,51.25990244
2023,1048,17031010701,Census Tract 107.01,3573,10701,1,1.0,54388,0.065694639,ROGERS PARK,51.25990244
2023,658,17031020902,Census Tract 209.02,4205,20902,2,1.0,78227,0.053753819,WEST RIDGE,98.42909484
2023,517,17031020302,Census Tract 203.02,4859,20302,2,1.0,78227,0.062114104,WEST RIDGE,98.42909484
2023,510,17031020601,Census Tract 206.01,5961,20601,2,1.0,78227,0.076201312,WEST RIDGE,98.42909484
2023,177,17031020301,Census Tract 203.01,4899,20301,2,1.0,78227,0.062625436,WEST RIDGE,98.42909484
2023,1032,17031760803,Census Tract 7608.03,6598,760803,76,1.0,13773,0.47905322,OHARE,371.8356076
2023,4893,17031530501,Census Tract 5305.01,5024,530501,53,1.0,24470,0.205312628,WEST PULLMAN,99.36519806
2023,4103,17031530503,Census Tract 5305.03,4160,530503,53,1.0,24470,0.170004087,WEST PULLMAN,99.36519806
2023,45,17031650301,Census Tract 6503.01,5218,650301,65,1.0,32649,0.159821128,WEST LAWN,82.31530167
2023,123,17031650302,Census Tract 6503.02,5349,650302,65,1.0,32649,0.163833502,WEST LAWN,82.31530167
2023,1375,17031530502,Census Tract 5305.02,1393,530502,53,1.0,24470,0.056926849,WEST PULLMAN,99.36519806
2023,239,17031831300,Census Tract 8313,1237,831300,25,1.0,98882,0.01250986,AUSTIN,199.2542034
2023,1487,17031831400,Census Tract 8314,3118,831400,25,1.0,98882,0.031532534,AUSTIN,199.2542034
2023,2028,17031837000,Census Tract 8370,2366,837000,27,1.0,20526,0.11526844,EAST GARFIELD PARK,53.88322084
2023,3171,17031842400,Census Tract 8424,3238,842400,44,1.0,30749,0.105304238,CHATHAM,82.3206703
2023,1084,17031832100,Census Tract 8321,3690,832100,6,1.0,101163,0.036475787,LAKE VIEW,87.21479926
2023,710,17031020802,Census Tract 208.02,8811,20802,2,1.0,78227,0.112633745,WEST RIDGE,98.42909484
2023,412,17031020702,Census Tract 207.02,8476,20702,2,1.0,78227,0.108351336,WEST RIDGE,98.42909484
2023,769,17031020801,Census Tract 208.01,5448,20801,2,1.0,78227,0.069643473,WEST RIDGE,98.42909484
2023,435,17031040202,Census Tract 402.02,7577,40202,4,1.0,41673,0.181820363,LINCOLN SQUARE,71.35232823
2023,260,17031040201,Census Tract 402.01,7207,40201,4,1.0,41673,0.172941713,LINCOLN SQUARE,71.35232823
2023,185,17031040402,Census Tract 404.02,4224,40402,4,1.0,41673,0.101360593,LINCOLN SQUARE,71.35232823
2023,2168,17031031501,Census Tract 315.01,4832,31501,3,1.0,57331,0.0842825,UPTOWN,65.09564272
2023,116,17031081201,Census Tract 812.01,4564,81201,8,1.0,104712,0.043586217,NEAR NORTH SIDE,76.67589596
2023,285,17031063301,Census Tract 633.01,2912,63301,6,1.0,101163,0.028785228,LAKE VIEW,87.21479926
2023,2446,17031490901,Census Tract 4909.01,2544,490901,49,1.0,36700,0.069318801,ROSELAND,134.3137067
2023,4735,17031490902,Census Tract 4909.02,4768,490902,49,1.0,36700,0.129918256,ROSELAND,134.3137067
2023,29,17031301801,Census Tract 3018.01,4359,301801,30,1.0,68798,0.0633594,SOUTH LAWNDALE,127.9982978
2023,284,17031700301,Census Tract 7003.01,6063,700301,70,1.0,42079,0.144086124,ASHBURN,135.4603372
2023,0,17031301702,Census Tract 3017.02,4322,301702,30,1.0,68798,0.062821594,SOUTH LAWNDALE,127.9982978
2023,3658,17031700401,Census Tract 7004.01,6376,700401,70,1.0,42079,0.151524513,ASHBURN,135.4603372
2023,621,17031837100,Census Tract 8371,1472,837100,27,1.0,20526,0.071713924,EAST GARFIELD PARK,53.88322084
2023,1382,17031837400,Census Tract 8374,1948,837400,27,1.0,20526,0.094904024,EAST GARFIELD PARK,53.88322084
2023,1724,17031837800,Census Tract 8378,2542,837800,28,1.0,66084,0.038466195,NEAR WEST SIDE,158.4924665
2023,2398,17031837300,Census Tract 8373,2530,837300,27,1.0,20526,0.123258307,EAST GARFIELD PARK,53.88322084
2023,2119,17031841500,Census Tract 8415,2254,841500,29,1.0,31244,0.072141851,NORTH LAWNDALE,89.48742201
2023,2790,17031838700,Census Tract 8387,3703,838700,29,1.0,31244,0.118518756,NORTH LAWNDALE,89.48742201
2023,95,17031150501,Census Tract 1505.01,3914,150501,15,1.0,61793,0.063340508,PORTAGE PARK,110.1960971
2023,93,17031150401,Census Tract 1504.01,4974,150401,15,1.0,61793,0.080494554,PORTAGE PARK,110.1960971
2023,18,17031150502,Census Tract 1505.02,3943,150502,15,1.0,61793,0.063809817,PORTAGE PARK,110.1960971
2023,186,17031110502,Census Tract 1105.02,3443,110502,11,1.0,26643,0.129227189,JEFFERSON PARK,64.86816167
2023,148,17031150402,Census Tract 1504.02,3907,150402,15,1.0,61793,0.063227226,PORTAGE PARK,110.1960971
2023,214,17031140302,Census Tract 1403.02,3398,140302,14,1.0,46620,0.072887173,ALBANY PARK,53.54223081
2023,185,17031140301,Census Tract 1403.01,2960,140301,14,1.0,46620,0.063492063,ALBANY PARK,53.54223081
2023,887,17031700302,Census Tract 7003.02,5626,700302,70,1.0,42079,0.133700896,ASHBURN,135.4603372
2023,142,17031580501,Census Tract 5805.01,4571,580501,58,1.0,42062,0.108672911,BRIGHTON PARK,75.8927903
2023,18,17031580502,Census Tract 5805.02,5113,580502,58,1.0,42062,0.121558652,BRIGHTON PARK,75.8927903
2023,5064,17031730201,Census Tract 7302.01,5315,730201,73,1.0,25312,0.209979456,WASHINGTON HEIGHTS,79.63575286
2023,1,17031301802,Census Tract 3018.02,2491,301802,30,1.0,68798,0.036207448,SOUTH LAWNDALE,127.9982978
2023,3917,17031440101,Census Tract 4401.01,3987,440101,44,1.0,30749,0.129662753,CHATHAM,82.3206703
2023,0,17031301701,Census Tract 3017.01,4167,301701,30,1.0,68798,0.060568621,SOUTH LAWNDALE,127.9982978
2023,858,17031839100,Census Tract 8391,7989,839100,32,1.0,42181,0.18939807,LOOP,46.33556545
2023,529,17031833100,Census Tract 8331,8907,833100,28,1.0,66084,0.134783003,NEAR WEST SIDE,158.4924665
2023,785,17031838100,Census Tract 8381,1592,838100,28,1.0,66084,0.024090551,NEAR WEST SIDE,158.4924665
2023,86,17031833300,Census Tract 8333,2741,833300,28,1.0,66084,0.041477513,NEAR WEST SIDE,158.4924665
2023,518,17031838200,Census Tract 8382,1725,838200,28,1.0,66084,0.026103141,NEAR WEST SIDE,158.4924665
2023,158,17031140702,Census Tract 1407.02,5318,140702,14,1.0,46620,0.114071214,ALBANY PARK,53.54223081
2023,392,17031140602,Census Tract 1406.02,4452,140602,14,1.0,46620,0.095495495,ALBANY PARK,53.54223081
2023,183,17031140701,Census Tract 1407.01,2846,140701,14,1.0,46620,0.061046761,ALBANY PARK,53.54223081
2023,363,17031160502,Census Tract 1605.02,3911,160502,16,1.0,53832,0.072651954,IRVING PARK,89.61138229
2023,71,17031160602,Census Tract 1606.02,3731,160602,16,1.0,53832,0.069308218,IRVING PARK,89.61138229
2023,203,17031151002,Census Tract 1510.02,4712,151002,15,1.0,61793,0.076254592,PORTAGE PARK,110.1960971
2023,0,17031151001,Census Tract 1510.01,2642,151001,15,1.0,61793,0.042755652,PORTAGE PARK,110.1960971
2023,93,17031190402,Census Tract 1904.02,4706,190402,19,1.0,72918,0.064538248,BELMONT CRAGIN,109.0994147
2023,3533,17031431301,Census Tract 4313.01,3711,431301,43,1.0,53673,0.069140909,SOUTH SHORE,81.81271638
2023,3136,17031431302,Census Tract 4313.02,3783,431302,43,1.0,53673,0.070482365,SOUTH SHORE,81.81271638
2023,2943,17031460302,Census Tract 4603.02,3816,460302,46,1.0,29381,0.129879854,SOUTH CHICAGO,93.27218499
2023,1812,17031460301,Census Tract 4603.01,2976,460301,46,1.0,29381,0.101289949,SOUTH CHICAGO,93.27218499
2023,5874,17031700501,Census Tract 7005.01,6386,700501,70,1.0,42079,0.151762162,ASHBURN,135.4603372
2023,2912,17031700502,Census Tract 7005.02,3442,700502,70,1.0,42079,0.081798522,ASHBURN,135.4603372
2023,209,17031210601,Census Tract 2106.01,2606,210601,21,1.0,35489,0.073431204,AVONDALE,55.29059546
2023,242,17031841100,Census Tract 8411,7661,841100,34,1.0,14207,0.539241219,ARMOUR SQUARE,27.76619609
2023,16,17031840200,Census Tract 8402,2198,840200,60,1.0,33123,0.066358724,BRIDGEPORT,58.29151927
2023,209,17031841300,Census Tract 8413,4157,841300,31,1.0,33279,0.124913609,LOWER WEST SIDE,81.55072362
2023,224,17031840700,Census Tract 8407,3669,840700,30,1.0,68798,0.053330039,SOUTH LAWNDALE,127.9982978
2023,407,17031841700,Census Tract 8417,1216,841700,30,1.0,68798,0.017674932,SOUTH LAWNDALE,127.9982978
2023,168,17031190602,Census Tract 1906.02,5468,190602,19,1.0,72918,0.074988343,BELMONT CRAGIN,109.0994147
2023,507,17031190401,Census Tract 1904.01,4122,190401,19,1.0,72918,0.056529252,BELMONT CRAGIN,109.0994147
2023,294,17031190702,Census Tract 1907.02,4708,190702,19,1.0,72918,0.064565677,BELMONT CRAGIN,109.0994147
2023,362,17031191302,Census Tract 1913.02,4446,191302,19,1.0,72918,0.060972599,BELMONT CRAGIN,109.0994147
2023,131,17031190601,Census Tract 1906.01,4062,190601,19,1.0,72918,0.05570641,BELMONT CRAGIN,109.0994147
2023,336,17031191301,Census Tract 1913.01,4999,191301,19,1.0,72918,0.068556461,BELMONT CRAGIN,109.0994147
2023,143,17031200402,Census Tract 2004.02,4894,200402,20,1.0,22776,0.214875307,HERMOSA,32.6020594
2023,220,17031200401,Census Tract 2004.01,3067,200401,20,1.0,22776,0.13465929,HERMOSA,32.6020594
2023,125,17031220902,Census Tract 2209.02,3154,220902,22,1.0,70872,0.044502766,LOGAN SQUARE,100.0575667
2023,162,17031210501,Census Tract 2105.01,2814,210501,21,1.0,35489,0.079292175,AVONDALE,55.29059546
2023,91,17031160601,Census Tract 1606.01,3008,160601,16,1.0,53832,0.055877545,IRVING PARK,89.61138229
2023,393,17031061901,Census Tract 619.01,3489,61901,6,1.0,101163,0.034488894,LAKE VIEW,87.21479926
2023,183,17031840800,Census Tract 8408,3271,840800,30,1.0,68798,0.047544987,SOUTH LAWNDALE,127.9982978
2023,594,17031030703,Census Tract 307.03,3081,30703,77,1.0,56146,0.054874791,EDGEWATER,48.44999083
2023,1021,17031081403,Census Tract 814.03,9407,81403,8,1.0,104712,0.089836886,NEAR NORTH SIDE,76.67589596
2023,175,17031030702,Census Tract 307.02,2201,30702,77,1.0,56146,0.039201368,EDGEWATER,48.44999083
2023,3220,17031440102,Census Tract 4401.02,3251,440102,44,1.0,30749,0.105727016,CHATHAM,82.3206703
2023,2370,17031440202,Census Tract 4402.02,2414,440202,44,1.0,30749,0.078506618,CHATHAM,82.3206703
2023,33,17031830500,Census Tract 8305,3703,830500,30,1.0,68798,0.053824239,SOUTH LAWNDALE,127.9982978
2023,174,17031840100,Census Tract 8401,2810,840100,60,1.0,33123,0.084835311,BRIDGEPORT,58.29151927
2023,171,17031840400,Census Tract 8404,3690,840400,59,1.0,15443,0.238943211,MCKINLEY PARK,39.43179964
2023,1555,17031839200,Census Tract 8392,2330,839200,35,1.0,21756,0.107096893,DOUGLAS,46.00462115
2023,1277,17031835500,Census Tract 8355,1603,835500,37,1.0,2142,0.748366013,FULLER PARK,19.91670487
2023,172,17031070101,Census Tract 701.01,4179,70101,7,1.0,67831,0.061608999,LINCOLN PARK,88.31640046
2023,356,17031110501,Census Tract 1105.01,5077,110501,11,1.0,26643,0.190556619,JEFFERSON PARK,64.86816167
2023,374,17031030104,Census Tract 301.04,3401,30104,77,1.0,56146,0.060574217,EDGEWATER,48.44999083
2023,92,17031081401,Census Tract 814.01,2386,81401,8,1.0,104712,0.022786309,NEAR NORTH SIDE,76.67589596
2023,3024,17031430102,Census Tract 4301.02,3208,430102,43,1.0,53673,0.059769344,SOUTH SHORE,81.81271638
2023,3782,17031430101,Census Tract 4301.01,3825,430101,43,1.0,53673,0.071264882,SOUTH SHORE,81.81271638
2023,1620,17031252101,Census Tract 2521.01,1624,252101,25,1.0,98882,0.016423616,AUSTIN,199.2542034
2023,664,17031010501,Census Tract 105.01,3519,10501,1,1.0,54388,0.064701772,ROGERS PARK,51.25990244
2023,166,17031020701,Census Tract 207.01,1669,20701,2,1.0,78227,0.021335345,WEST RIDGE,98.42909484
2023,3072,17031010201,Census Tract 102.01,7588,10201,1,1.0,54388,0.13951607,ROGERS PARK,51.25990244
2023,264,17031760801,Census Tract 7608.01,4931,760801,76,1.0,13773,0.358019313,OHARE,371.8356076
2023,1226,17031839000,Census Tract 8390,10337,839000,32,1.0,42181,0.245062943,LOOP,46.33556545
2023,5727,17031440201,Census Tract 4402.01,5748,440201,44,1.0,30749,0.186932908,CHATHAM,82.3206703
2023,3892,17031540101,Census Tract 5401.01,4019,540101,54,1.0,7536,0.533306794,RIVERDALE,98.3894974
2023,3456,17031834000,Census Tract 8340,3490,834000,49,1.0,36700,0.095095368,ROSELAND,134.3137067
2023,1217,17031833900,Census Tract 8339,2579,833900,46,1.0,29381,0.087777816,SOUTH CHICAGO,93.27218499
2023,110,17031221000,Census Tract 2210,2541,221000,22,1.0,70872,0.035853369,LOGAN SQUARE,100.0575667
2023,363,17031221100,Census Tract 2211,4374,221100,22,1.0,70872,0.061716898,LOGAN SQUARE,100.0575667
2023,17,17031242800,Census Tract 2428,1492,242800,24,1.0,86596,0.017229433,WEST TOWN,127.5629046
2023,98,17031242900,Census Tract 2429,1906,242900,24,1.0,86596,0.022010255,WEST TOWN,127.5629046
2023,64,17031243000,Census Tract 2430,2253,243000,24,1.0,86596,0.026017368,WEST TOWN,127.5629046
2023,79,17031243100,Census Tract 2431,2142,243100,24,1.0,86596,0.024735554,WEST TOWN,127.5629046
2023,266,17031243200,Census Tract 2432,2364,243200,24,1.0,86596,0.027299182,WEST TOWN,127.5629046
2023,167,17031243300,Census Tract 2433,2214,243300,24,1.0,86596,0.025567001,WEST TOWN,127.5629046
2023,218,17031243400,Census Tract 2434,3003,243400,24,1.0,86596,0.034678276,WEST TOWN,127.5629046
2023,232,17031071400,Census Tract 714,4540,71400,7,1.0,67831,0.066931049,LINCOLN PARK,88.31640046
2023,143,17031110400,Census Tract 1104,4462,110400,11,1.0,26643,0.167473633,JEFFERSON PARK,64.86816167
2023,66,17031150600,Census Tract 1506,3999,150600,15,1.0,61793,0.064716068,PORTAGE PARK,110.1960971
2023,259,17031150700,Census Tract 1507,4239,150700,15,1.0,61793,0.068600003,PORTAGE PARK,110.1960971
2023,255,17031150800,Census Tract 1508,4357,150800,15,1.0,61793,0.070509605,PORTAGE PARK,110.1960971
2023,222,17031151100,Census Tract 1511,5053,151100,15,1.0,61793,0.081773016,PORTAGE PARK,110.1960971
2023,79,17031151200,Census Tract 1512,3935,151200,15,1.0,61793,0.063680352,PORTAGE PARK,110.1960971
2023,44,17031241500,Census Tract 2415,2690,241500,24,1.0,86596,0.03106379,WEST TOWN,127.5629046
2023,380,17031241100,Census Tract 2411,3455,241100,24,1.0,86596,0.039897917,WEST TOWN,127.5629046
2023,36,17031241600,Census Tract 2416,3508,241600,24,1.0,86596,0.040509954,WEST TOWN,127.5629046
2023,115,17031241300,Census Tract 2413,1909,241300,24,1.0,86596,0.022044898,WEST TOWN,127.5629046
2023,555,17031241400,Census Tract 2414,5897,241400,24,1.0,86596,0.068097834,WEST TOWN,127.5629046
2023,392,17031243500,Census Tract 2435,4550,243500,24,1.0,86596,0.052542843,WEST TOWN,127.5629046
2023,1302,17031250200,Census Tract 2502,2623,250200,25,1.0,98882,0.026526567,AUSTIN,199.2542034
2023,2448,17031250300,Census Tract 2503,4882,250300,25,1.0,98882,0.049371979,AUSTIN,199.2542034
2023,3798,17031250400,Census Tract 2504,5572,250400,25,1.0,98882,0.056349993,AUSTIN,199.2542034
2023,1993,17031250500,Census Tract 2505,7519,250500,25,1.0,98882,0.076040129,AUSTIN,199.2542034
2023,101,17031071500,Census Tract 715,5974,71500,7,1.0,67831,0.088071826,LINCOLN PARK,88.31640046
2023,277,17031071800,Census Tract 718,2773,71800,7,1.0,67831,0.040881013,LINCOLN PARK,88.31640046
2023,26,17031080100,Census Tract 801,6181,80100,8,1.0,104712,0.059028574,NEAR NORTH SIDE,76.67589596
2023,45,17031080300,Census Tract 803,6063,80300,8,1.0,104712,0.057901673,NEAR NORTH SIDE,76.67589596
2023,3798,17031080400,Census Tract 804,5986,80400,8,1.0,104712,0.057166323,NEAR NORTH SIDE,76.67589596
2023,13,17031160100,Census Tract 1601,2652,160100,16,1.0,53832,0.049264378,IRVING PARK,89.61138229
2023,477,17031160200,Census Tract 1602,3458,160200,16,1.0,53832,0.064236885,IRVING PARK,89.61138229
2023,229,17031160300,Census Tract 1603,3545,160300,16,1.0,53832,0.065853024,IRVING PARK,89.61138229
2023,477,17031160400,Census Tract 1604,5200,160400,16,1.0,53832,0.09659682,IRVING PARK,89.61138229
2023,499,17031160700,Census Tract 1607,6368,160700,16,1.0,53832,0.118293952,IRVING PARK,89.61138229
2023,315,17031221300,Census Tract 2213,2912,221300,22,1.0,70872,0.041088159,LOGAN SQUARE,100.0575667
2023,359,17031221500,Census Tract 2215,2877,221500,22,1.0,70872,0.040594311,LOGAN SQUARE,100.0575667
2023,307,17031221400,Census Tract 2214,3005,221400,22,1.0,70872,0.042400384,LOGAN SQUARE,100.0575667
2023,3526,17031250600,Census Tract 2506,4298,250600,25,1.0,98882,0.043465949,AUSTIN,199.2542034
2023,4656,17031250700,Census Tract 2507,6226,250700,25,1.0,98882,0.062963937,AUSTIN,199.2542034
2023,1908,17031250800,Census Tract 2508,2710,250800,25,1.0,98882,0.027406404,AUSTIN,199.2542034
2023,865,17031251000,Census Tract 2510,1317,251000,25,1.0,98882,0.013318905,AUSTIN,199.2542034
2023,3482,17031251100,Census Tract 2511,4492,251100,25,1.0,98882,0.045427884,AUSTIN,199.2542034
2023,224,17031051400,Census Tract 514,2673,51400,5,1.0,35408,0.075491414,NORTH CENTER,57.05416784
2023,93,17031060100,Census Tract 601,3147,60100,6,1.0,101163,0.031108212,LAKE VIEW,87.21479926
2023,50,17031060300,Census Tract 603,2880,60300,6,1.0,101163,0.028468907,LAKE VIEW,87.21479926
2023,465,17031060800,Census Tract 608,5204,60800,6,1.0,101163,0.051441733,LAKE VIEW,87.21479926
2023,33,17031160800,Census Tract 1608,5302,160800,16,1.0,53832,0.098491604,IRVING PARK,89.61138229
2023,1024,17031320101,Census Tract 3201.01,9208,320101,32,1.0,42181,0.218297338,LOOP,46.33556545
2023,2018,17031330103,Census Tract 3301.03,8851,330103,33,1.0,29174,0.303386577,NEAR SOUTH SIDE,49.76963944
2023,4229,17031380600,Census Tract 3806,5236,380600,38,1.0,26345,0.19874739,GRAND BOULEVARD,48.49250315
2023,2813,17031330102,Census Tract 3301.02,10062,330102,33,1.0,29174,0.34489614,NEAR SOUTH SIDE,49.76963944
2023,275,17031330101,Census Tract 3301.01,5060,330101,33,1.0,29174,0.173442106,NEAR SOUTH SIDE,49.76963944
2023,2810,17031460800,Census Tract 4608,4684,460800,46,1.0,29381,0.159422756,SOUTH CHICAGO,93.27218499
2023,391,17031630600,Census Tract 6306,2759,630600,63,1.0,35691,0.077302401,GAGE PARK,61.2848961
2023,2936,17031490200,Census Tract 4902,3106,490200,49,1.0,36700,0.084632153,ROSELAND,134.3137067
2023,1307,17031612200,Census Tract 6122,3880,612200,61,1.0,41869,0.092669995,NEW CITY,134.6369632
2023,1333,17031844700,Census Tract 8447,1906,844700,29,1.0,31244,0.061003713,NORTH LAWNDALE,89.48742201
2023,1778,17031844600,Census Tract 8446,2274,844600,38,1.0,26345,0.086316189,GRAND BOULEVARD,48.49250315
2023,52,17031320102,Census Tract 3201.02,5330,320102,32,1.0,42181,0.12636021,LOOP,46.33556545
2023,223,17031220701,Census Tract 2207.01,2872,220701,22,1.0,70872,0.040523761,LOGAN SQUARE,100.0575667
2023,159,17031063302,Census Tract 633.02,4152,63302,6,1.0,101163,0.041042674,LAKE VIEW,87.21479926
2023,3007,17031252201,Census Tract 2522.01,3195,252201,25,1.0,98882,0.03231124,AUSTIN,199.2542034
2023,886,17031660302,Census Tract 6603.02,4251,660302,66,1.0,53460,0.079517396,CHICAGO LAWN,98.2794651
2023,500,17031660301,Census Tract 6603.01,1895,660301,66,1.0,53460,0.035447063,CHICAGO LAWN,98.2794651
2023,2903,17031730202,Census Tract 7302.02,2968,730202,73,1.0,25312,0.117256637,WASHINGTON HEIGHTS,79.63575286
2023,529,17031835600,Census Tract 8356,539,835600,37,1.0,2142,0.251633987,FULLER PARK,19.91670487
2023,24,17031840000,Census Tract 8400,2618,840000,60,1.0,33123,0.079038734,BRIDGEPORT,58.29151927
2023,3043,17031836400,Census Tract 8364,3602,836400,36,1.0,6946,0.51857184,OAKLAND,16.91396104
2023,1916,17031836100,Census Tract 8361,1973,836100,40,1.0,13111,0.150484326,WASHINGTON PARK,42.37388148
2023,1800,17031834600,Census Tract 8346,1906,834600,68,1.0,21411,0.089019663,ENGLEWOOD,85.65232307
2023,2871,17031843600,Census Tract 8436,3059,843600,38,1.0,26345,0.116113114,GRAND BOULEVARD,48.49250315
2023,338,17031061902,Census Tract 619.02,4758,61902,6,1.0,101163,0.047033006,LAKE VIEW,87.21479926
2023,609,17031030102,Census Tract 301.02,3403,30102,77,1.0,56146,0.060609839,EDGEWATER,48.44999083
2023,293,17031030103,Census Tract 301.03,2300,30103,77,1.0,56146,0.040964628,EDGEWATER,48.44999083
2023,489,17031030706,Census Tract 307.06,2632,30706,77,1.0,56146,0.046877783,EDGEWATER,48.44999083
2023,1093,17031030601,Census Tract 306.01,3768,30601,77,1.0,56146,0.067110747,EDGEWATER,48.44999083
2023,198,17031081202,Census Tract 812.02,3526,81202,8,1.0,104712,0.033673313,NEAR NORTH SIDE,76.67589596
2023,34,17031063303,Census Tract 633.03,1281,63303,6,1.0,101163,0.012662732,LAKE VIEW,87.21479926
2023,492,17031220901,Census Tract 2209.01,2858,220901,22,1.0,70872,0.040326222,LOGAN SQUARE,100.0575667
2023,227,17031210602,Census Tract 2106.02,4233,210602,21,1.0,35489,0.119276396,AVONDALE,55.29059546
2023,364,17031220602,Census Tract 2206.02,4414,220602,22,1.0,70872,0.062281296,LOGAN SQUARE,100.0575667
2023,133,17031220601,Census Tract 2206.01,1684,220601,22,1.0,70872,0.023761147,LOGAN SQUARE,100.0575667
2023,191,17031040401,Census Tract 404.01,3364,40401,4,1.0,41673,0.08072373,LINCOLN SQUARE,71.35232823
2023,4733,17031252202,Census Tract 2522.02,4872,252202,25,1.0,98882,0.049270848,AUSTIN,199.2542034
2023,5679,17031252102,Census Tract 2521.02,6123,252102,25,1.0,98882,0.061922291,AUSTIN,199.2542034
2023,999,17031836300,Census Tract 8363,1581,836300,41,1.0,29591,0.053428407,HYDE PARK,45.10538016
2023,1556,17031834500,Census Tract 8345,1606,834500,40,1.0,13111,0.122492563,WASHINGTON PARK,42.37388148
2023,2530,17031836000,Census Tract 8360,2745,836000,38,1.0,26345,0.104194344,GRAND BOULEVARD,48.49250315
2023,177,17031836200,Census Tract 8362,1919,836200,41,1.0,29591,0.064850799,HYDE PARK,45.10538016
2023,3380,17031834400,Census Tract 8344,4125,834400,42,1.0,24628,0.167492285,WOODLAWN,57.8151795
2023,5987,17031834300,Census Tract 8343,6264,834300,45,1.0,9481,0.660689801,AVALON PARK,34.85273773
2023,1118,17031710300,Census Tract 7103,1170,710300,71,1.0,45049,0.02597172,AUBURN GRESHAM,105.0653536
2023,79,17031160900,Census Tract 1609,2434,160900,16,1.0,53832,0.045214742,IRVING PARK,89.61138229
2023,18,17031161000,Census Tract 1610,1944,161000,16,1.0,53832,0.03611235,IRVING PARK,89.61138229
2023,309,17031161100,Census Tract 1611,2007,161100,16,1.0,53832,0.037282657,IRVING PARK,89.61138229
2023,295,17031161200,Census Tract 1612,2738,161200,16,1.0,53832,0.050861941,IRVING PARK,89.61138229
2023,104,17031161300,Census Tract 1613,3767,161300,16,1.0,53832,0.069976965,IRVING PARK,89.61138229
2023,98,17031170100,Census Tract 1701,1959,170100,17,1.0,41816,0.046848096,DUNNING,103.5950012
2023,109,17031221600,Census Tract 2216,3192,221600,22,1.0,70872,0.045038943,LOGAN SQUARE,100.0575667
2023,81,17031242100,Census Tract 2421,3825,242100,24,1.0,86596,0.044170631,WEST TOWN,127.5629046
2023,847,17031242000,Census Tract 2420,4540,242000,24,1.0,86596,0.052427364,WEST TOWN,127.5629046
2023,2816,17031251200,Census Tract 2512,4252,251200,25,1.0,98882,0.043000748,AUSTIN,199.2542034
2023,4136,17031251300,Census Tract 2513,4638,251300,25,1.0,98882,0.046904391,AUSTIN,199.2542034
2023,148,17031051300,Census Tract 513,3028,51300,5,1.0,35408,0.085517397,NORTH CENTER,57.05416784
2023,143,17031600700,Census Tract 6007,3091,600700,60,1.0,33123,0.093318842,BRIDGEPORT,58.29151927
2023,380,17031600900,Census Tract 6009,3812,600900,60,1.0,33123,0.115086194,BRIDGEPORT,58.29151927
2023,2482,17031672000,Census Tract 6720,3060,672000,67,1.0,26729,0.114482397,WEST ENGLEWOOD,87.94769193
2023,2028,17031710900,Census Tract 7109,2108,710900,71,1.0,45049,0.046793492,AUBURN GRESHAM,105.0653536
2023,3157,17031711000,Census Tract 7110,3453,711000,71,1.0,45049,0.07664987,AUBURN GRESHAM,105.0653536
2023,2608,17031711100,Census Tract 7111,2618,711100,71,1.0,45049,0.058114498,AUBURN GRESHAM,105.0653536
2023,4242,17031711200,Census Tract 7112,4804,711200,71,1.0,45049,0.106639437,AUBURN GRESHAM,105.0653536
2023,2345,17031711500,Census Tract 7115,2472,711500,71,1.0,45049,0.054873582,AUBURN GRESHAM,105.0653536
2023,1504,17031711300,Census Tract 7113,1610,711300,71,1.0,45049,0.035738862,AUBURN GRESHAM,105.0653536
2023,2550,17031711400,Census Tract 7114,2703,711400,71,1.0,45049,0.060001332,AUBURN GRESHAM,105.0653536
2023,1393,17031270500,Census Tract 2705,1411,270500,27,1.0,20526,0.068742083,EAST GARFIELD PARK,53.88322084
2023,1162,17031271200,Census Tract 2712,1351,271200,27,1.0,20526,0.065818961,EAST GARFIELD PARK,53.88322084
2023,819,17031271300,Census Tract 2713,880,271300,27,1.0,20526,0.042872454,EAST GARFIELD PARK,53.88322084
2023,1166,17031271400,Census Tract 2714,1499,271400,27,1.0,20526,0.073029329,EAST GARFIELD PARK,53.88322084
2023,640,17031350100,Census Tract 3501,2566,350100,35,1.0,21756,0.117944475,DOUGLAS,46.00462115
2023,1553,17031350400,Census Tract 3504,1615,350400,35,1.0,21756,0.074232396,DOUGLAS,46.00462115
2023,3156,17031351000,Census Tract 3510,3867,351000,35,1.0,21756,0.177744071,DOUGLAS,46.00462115
2023,1276,17031351400,Census Tract 3514,1642,351400,35,1.0,21756,0.075473433,DOUGLAS,46.00462115
2023,1841,17031360200,Census Tract 3602,1868,360200,36,1.0,6946,0.268931759,OAKLAND,16.91396104
2023,2812,17031430400,Census Tract 4304,2974,430400,43,1.0,53673,0.05540961,SOUTH SHORE,81.81271638
2023,1859,17031430600,Census Tract 4306,1972,430600,43,1.0,53673,0.036741006,SOUTH SHORE,81.81271638
2023,1870,17031430800,Census Tract 4308,1897,430800,43,1.0,53673,0.035343655,SOUTH SHORE,81.81271638
2023,3972,17031430500,Census Tract 4305,4000,430500,43,1.0,53673,0.074525367,SOUTH SHORE,81.81271638
2023,1497,17031430900,Census Tract 4309,1545,430900,43,1.0,53673,0.028785423,SOUTH SHORE,81.81271638
2023,562,17031610300,Census Tract 6103,5417,610300,61,1.0,41869,0.129379732,NEW CITY,134.6369632
2023,2206,17031681000,Census Tract 6810,2561,681000,68,1.0,21411,0.119611415,ENGLEWOOD,85.65232307
2023,1937,17031681100,Census Tract 6811,2105,681100,68,1.0,21411,0.098313951,ENGLEWOOD,85.65232307
2023,942,17031680500,Census Tract 6805,1412,680500,68,1.0,21411,0.06594741,ENGLEWOOD,85.65232307
2023,3056,17031680900,Census Tract 6809,3307,680900,68,1.0,21411,0.154453318,ENGLEWOOD,85.65232307
2023,1020,17031720100,Census Tract 7201,3329,720100,72,1.0,19570,0.170107307,BEVERLY,88.77936392
2023,2092,17031720200,Census Tract 7202,4161,720200,72,1.0,19570,0.212621359,BEVERLY,88.77936392
2023,1094,17031720300,Census Tract 7203,3434,720300,72,1.0,19570,0.175472662,BEVERLY,88.77936392
2023,119,17031720400,Census Tract 7204,1835,720400,72,1.0,19570,0.093765968,BEVERLY,88.77936392
2023,21,17031720500,Census Tract 7205,1888,720500,72,1.0,19570,0.096474195,BEVERLY,88.77936392
2023,507,17031720600,Census Tract 7206,1930,720600,72,1.0,19570,0.098620337,BEVERLY,88.77936392
2023,2103,17031720700,Census Tract 7207,2993,720700,72,1.0,19570,0.152938171,BEVERLY,88.77936392
2023,177,17031040600,Census Tract 406,2725,40600,4,1.0,41673,0.065390061,LINCOLN SQUARE,71.35232823
2023,121,17031040700,Census Tract 407,3626,40700,4,1.0,41673,0.087010774,LINCOLN SQUARE,71.35232823
2023,24,17031040800,Census Tract 408,1535,40800,4,1.0,41673,0.036834401,LINCOLN SQUARE,71.35232823
2023,1731,17031380100,Census Tract 3801,1896,380100,38,1.0,26345,0.071968115,GRAND BOULEVARD,48.49250315
2023,1498,17031380200,Census Tract 3802,1798,380200,38,1.0,26345,0.068248244,GRAND BOULEVARD,48.49250315
2023,2548,17031431200,Census Tract 4312,2593,431200,43,1.0,53673,0.048311069,SOUTH SHORE,81.81271638
2023,5889,17031431400,Census Tract 4314,6778,431400,43,1.0,53673,0.126283234,SOUTH SHORE,81.81271638
2023,64,17031050100,Census Tract 501,2277,50100,5,1.0,35408,0.064307501,NORTH CENTER,57.05416784
2023,109,17031610800,Census Tract 6108,1572,610800,61,1.0,41869,0.037545678,NEW CITY,134.6369632
2023,364,17031611300,Census Tract 6113,3567,611300,61,1.0,41869,0.085194296,NEW CITY,134.6369632
2023,74,17031611400,Census Tract 6114,3939,611400,61,1.0,41869,0.094079152,NEW CITY,134.6369632
2023,271,17031611500,Census Tract 6115,3565,611500,61,1.0,41869,0.085146528,NEW CITY,134.6369632
2023,906,17031611900,Census Tract 6119,1709,611900,61,1.0,41869,0.040817789,NEW CITY,134.6369632
2023,1849,17031681200,Census Tract 6812,2009,681200,68,1.0,21411,0.093830274,ENGLEWOOD,85.65232307
2023,1995,17031691200,Census Tract 6912,2019,691200,69,1.0,29563,0.068294828,GREATER GRAND CROSSING,98.85316769
2023,3175,17031691100,Census Tract 6911,3177,691100,69,1.0,29563,0.107465413,GREATER GRAND CROSSING,98.85316769
2023,2329,17031730100,Census Tract 7301,2441,730100,73,1.0,25312,0.096436473,WASHINGTON HEIGHTS,79.63575286
2023,946,17031730300,Census Tract 7303,946,730300,73,1.0,25312,0.037373578,WASHINGTON HEIGHTS,79.63575286
2023,3830,17031730400,Census Tract 7304,3916,730400,73,1.0,25312,0.154709229,WASHINGTON HEIGHTS,79.63575286
2023,4037,17031730500,Census Tract 7305,4049,730500,73,1.0,25312,0.159963654,WASHINGTON HEIGHTS,79.63575286
2023,3416,17031730600,Census Tract 7306,3544,730600,73,1.0,25312,0.140012642,WASHINGTON HEIGHTS,79.63575286
2023,1973,17031381200,Census Tract 3812,2064,381200,38,1.0,26345,0.078345037,GRAND BOULEVARD,48.49250315
2023,1509,17031381400,Census Tract 3814,1697,381400,38,1.0,26345,0.0644145,GRAND BOULEVARD,48.49250315
2023,0,17031381700,Census Tract 3817,0,381700,38,1.0,26345,0.0,GRAND BOULEVARD,48.49250315
2023,4500,17031440300,Census Tract 4403,4654,440300,44,1.0,30749,0.151354516,CHATHAM,82.3206703
2023,880,17031612000,Census Tract 6120,1140,612000,61,1.0,41869,0.027227782,NEW CITY,134.6369632
2023,469,17031612100,Census Tract 6121,751,612100,61,1.0,41869,0.017936898,NEW CITY,134.6369632
2023,133,17031620100,Census Tract 6201,5117,620100,62,1.0,18568,0.275581646,WEST ELSDON,32.71109142
2023,47,17031620200,Census Tract 6202,1974,620200,62,1.0,18568,0.106311935,WEST ELSDON,32.71109142
2023,1,17031620300,Census Tract 6203,7034,620300,62,1.0,18568,0.378823783,WEST ELSDON,32.71109142
2023,2,17031620400,Census Tract 6204,4443,620400,62,1.0,18568,0.239282637,WEST ELSDON,32.71109142
2023,2031,17031730700,Census Tract 7307,2133,730700,73,1.0,25312,0.084268331,WASHINGTON HEIGHTS,79.63575286
2023,30,17031740100,Census Tract 7401,2794,740100,74,1.0,18553,0.150595591,MOUNT GREENWOOD,75.58429001
2023,206,17031740200,Census Tract 7402,6207,740200,74,1.0,18553,0.334555058,MOUNT GREENWOOD,75.58429001
2023,16,17031740300,Census Tract 7403,5127,740300,74,1.0,18553,0.276343448,MOUNT GREENWOOD,75.58429001
2023,409,17031740400,Census Tract 7404,4425,740400,74,1.0,18553,0.238505902,MOUNT GREENWOOD,75.58429001
2023,1465,17031381800,Census Tract 3818,1514,381800,38,1.0,26345,0.05746821,GRAND BOULEVARD,48.49250315
2023,968,17031381900,Census Tract 3819,1289,381900,38,1.0,26345,0.04892769,GRAND BOULEVARD,48.49250315
2023,1434,17031390100,Census Tract 3901,1757,390100,39,1.0,18138,0.096868453,KENWOOD,29.07174192
2023,1626,17031390200,Census Tract 3902,2185,390200,39,1.0,18138,0.120465321,KENWOOD,29.07174192
2023,2287,17031390300,Census Tract 3903,2495,390300,39,1.0,18138,0.137556511,KENWOOD,29.07174192
2023,2341,17031390400,Census Tract 3904,2563,390400,39,1.0,18138,0.141305546,KENWOOD,29.07174192
2023,994,17031390500,Census Tract 3905,1693,390500,39,1.0,18138,0.093339949,KENWOOD,29.07174192
2023,885,17031390600,Census Tract 3906,1829,390600,39,1.0,18138,0.10083802,KENWOOD,29.07174192
2023,3354,17031390700,Census Tract 3907,5616,390700,39,1.0,18138,0.309626199,KENWOOD,29.07174192
2023,1563,17031440600,Census Tract 4406,1606,440600,44,1.0,30749,0.052229341,CHATHAM,82.3206703
2023,2083,17031440900,Census Tract 4409,2602,440900,44,1.0,30749,0.084620638,CHATHAM,82.3206703
2023,1235,17031440700,Census Tract 4407,1455,440700,44,1.0,30749,0.047318612,CHATHAM,82.3206703
2023,1725,17031440800,Census Tract 4408,1794,440800,44,1.0,30749,0.058343361,CHATHAM,82.3206703
2023,173,17031630300,Census Tract 6303,5332,630300,63,1.0,35691,0.149393404,GAGE PARK,61.2848961
2023,182,17031630500,Census Tract 6305,5945,630500,63,1.0,35691,0.166568603,GAGE PARK,61.2848961
2023,66,17031630800,Census Tract 6308,6142,630800,63,1.0,35691,0.172088202,GAGE PARK,61.2848961
2023,660,17031630900,Census Tract 6309,4653,630900,63,1.0,35691,0.130369001,GAGE PARK,61.2848961
2023,29,17031640100,Census Tract 6401,1471,640100,64,1.0,24924,0.059019419,CLEARING,71.14519237
2023,218,17031640300,Census Tract 6403,6770,640300,64,1.0,24924,0.271625742,CLEARING,71.14519237
2023,3059,17031750100,Census Tract 7501,3400,750100,75,1.0,21318,0.159489633,MORGAN PARK,91.87734068
2023,2075,17031750200,Census Tract 7502,3230,750200,75,1.0,21318,0.151515152,MORGAN PARK,91.87734068
2023,381,17031750300,Census Tract 7503,2590,750300,75,1.0,21318,0.121493574,MORGAN PARK,91.87734068
2023,888,17031750400,Census Tract 7504,3036,750400,75,1.0,21318,0.142414861,MORGAN PARK,91.87734068
2023,4033,17031750500,Census Tract 7505,5402,750500,75,1.0,21318,0.253400882,MORGAN PARK,91.87734068
2023,926,17031282700,Census Tract 2827,2221,282700,28,1.0,66084,0.03360874,NEAR WEST SIDE,158.4924665
2023,189,17031282800,Census Tract 2828,1669,282800,28,1.0,66084,0.025255735,NEAR WEST SIDE,158.4924665
2023,1205,17031400300,Census Tract 4003,1291,400300,40,1.0,13111,0.098466936,WASHINGTON PARK,42.37388148
2023,2851,17031400500,Census Tract 4005,2895,400500,40,1.0,13111,0.220806956,WASHINGTON PARK,42.37388148
2023,3310,17031400800,Census Tract 4008,3384,400800,40,1.0,13111,0.258103882,WASHINGTON PARK,42.37388148
2023,1176,17031410100,Census Tract 4101,2192,410100,41,1.0,29591,0.074076577,HYDE PARK,45.10538016
2023,1856,17031410500,Census Tract 4105,3267,410500,41,1.0,29591,0.110405191,HYDE PARK,45.10538016
2023,745,17031410600,Census Tract 4106,2378,410600,41,1.0,29591,0.080362272,HYDE PARK,45.10538016
2023,1729,17031460100,Census Tract 4601,2405,460100,46,1.0,29381,0.081855621,SOUTH CHICAGO,93.27218499
2023,3109,17031450300,Census Tract 4503,3217,450300,45,1.0,9481,0.339310199,AVALON PARK,34.85273773
2023,836,17031460200,Census Tract 4602,2146,460200,46,1.0,29381,0.0730404,SOUTH CHICAGO,93.27218499
2023,48,17031640400,Census Tract 6404,3353,640400,64,1.0,24924,0.134528968,CLEARING,71.14519237
2023,100,17031640500,Census Tract 6405,4162,640500,64,1.0,24924,0.166987642,CLEARING,71.14519237
2023,18,17031640600,Census Tract 6406,4387,640600,64,1.0,24924,0.176015086,CLEARING,71.14519237
2023,51,17031640700,Census Tract 6407,3325,640700,64,1.0,24924,0.133405553,CLEARING,71.14519237
2023,18,17031640800,Census Tract 6408,1456,640800,64,1.0,24924,0.058417589,CLEARING,71.14519237
2023,47,17031650100,Census Tract 6501,4263,650100,65,1.0,32649,0.130570615,WEST LAWN,82.31530167
2023,0,17031650200,Census Tract 6502,6748,650200,65,1.0,32649,0.206683206,WEST LAWN,82.31530167
2023,3500,17031750600,Census Tract 7506,3660,750600,75,1.0,21318,0.171685899,MORGAN PARK,91.87734068
2023,544,17031283100,Census Tract 2831,2684,283100,28,1.0,66084,0.040614975,NEAR WEST SIDE,158.4924665
2023,2009,17031283800,Census Tract 2838,3573,283800,28,1.0,66084,0.05406755,NEAR WEST SIDE,158.4924665
2023,895,17031410700,Census Tract 4107,2623,410700,41,1.0,29591,0.088641817,HYDE PARK,45.10538016
2023,746,17031410800,Census Tract 4108,2768,410800,41,1.0,29591,0.093541955,HYDE PARK,45.10538016
2023,973,17031410900,Census Tract 4109,3689,410900,41,1.0,29591,0.124666284,HYDE PARK,45.10538016
2023,1314,17031411000,Census Tract 4110,4051,411000,41,1.0,29591,0.136899733,HYDE PARK,45.10538016
2023,234,17031411100,Census Tract 4111,2304,411100,41,1.0,29591,0.077861512,HYDE PARK,45.10538016
2023,161,17031411200,Census Tract 4112,1662,411200,41,1.0,29591,0.056165726,HYDE PARK,45.10538016
2023,3861,17031460400,Census Tract 4604,3948,460400,46,1.0,29381,0.134372554,SOUTH CHICAGO,93.27218499
2023,5126,17031460500,Census Tract 4605,5615,460500,46,1.0,29381,0.191109901,SOUTH CHICAGO,93.27218499
2023,776,17031461000,Census Tract 4610,1212,461000,46,1.0,29381,0.041251149,SOUTH CHICAGO,93.27218499
2023,1552,17031420100,Census Tract 4201,1586,420100,42,1.0,24628,0.064398246,WOODLAWN,57.8151795
2023,1282,17031420200,Census Tract 4202,1968,420200,42,1.0,24628,0.079909047,WOODLAWN,57.8151795
2023,831,17031420400,Census Tract 4204,1442,420400,42,1.0,24628,0.058551242,WOODLAWN,57.8151795
2023,2221,17031420700,Census Tract 4207,2363,420700,42,1.0,24628,0.095947702,WOODLAWN,57.8151795
2023,2183,17031420800,Census Tract 4208,2275,420800,42,1.0,24628,0.092374533,WOODLAWN,57.8151795
2023,2108,17031470100,Census Tract 4701,2148,470100,47,1.0,2148,1.0,BURNSIDE,16.99598327
2023,2095,17031480100,Census Tract 4801,2099,480100,48,1.0,11645,0.180249034,CALUMET HEIGHTS,48.82624156
2023,976,17031480200,Census Tract 4802,1013,480200,48,1.0,11645,0.086990125,CALUMET HEIGHTS,48.82624156
2023,1075,17031480300,Census Tract 4803,1123,480300,48,1.0,11645,0.096436239,CALUMET HEIGHTS,48.82624156
2023,4559,17031480400,Census Tract 4804,4599,480400,48,1.0,11645,0.394933448,CALUMET HEIGHTS,48.82624156
2023,95,17031650400,Census Tract 6504,7023,650400,65,1.0,32649,0.215106129,WEST LAWN,82.31530167
2023,506,17031650500,Census Tract 6505,4048,650500,65,1.0,32649,0.123985421,WEST LAWN,82.31530167
2023,100,17031660400,Census Tract 6604,5375,660400,66,1.0,53460,0.100542462,CHICAGO LAWN,98.2794651
2023,4155,17031290900,Census Tract 2909,4267,290900,29,1.0,31244,0.136570221,NORTH LAWNDALE,89.48742201
2023,1517,17031291200,Census Tract 2912,1532,291200,29,1.0,31244,0.049033414,NORTH LAWNDALE,89.48742201
2023,1846,17031421200,Census Tract 4212,1865,421200,42,1.0,24628,0.075726815,WOODLAWN,57.8151795
2023,1409,17031271500,Census Tract 2715,1515,271500,27,1.0,20526,0.073808828,EAST GARFIELD PARK,53.88322084
2023,2048,17031292200,Census Tract 2922,2488,292200,29,1.0,31244,0.079631289,NORTH LAWNDALE,89.48742201
2023,1436,17031292400,Census Tract 2924,1787,292400,29,1.0,31244,0.057194981,NORTH LAWNDALE,89.48742201
2023,2570,17031292500,Census Tract 2925,3450,292500,29,1.0,31244,0.110421201,NORTH LAWNDALE,89.48742201
2023,683,17031271800,Census Tract 2718,793,271800,27,1.0,20526,0.038633928,EAST GARFIELD PARK,53.88322084
2023,424,17031280100,Census Tract 2801,7867,280100,28,1.0,66084,0.119045457,NEAR WEST SIDE,158.4924665
2023,986,17031280400,Census Tract 2804,1268,280400,28,1.0,66084,0.019187701,NEAR WEST SIDE,158.4924665
2023,181,17031300600,Census Tract 3006,2906,300600,30,1.0,68798,0.0422396,SOUTH LAWNDALE,127.9982978
2023,434,17031300700,Census Tract 3007,4799,300700,30,1.0,68798,0.069754935,SOUTH LAWNDALE,127.9982978
2023,94,17031301100,Census Tract 3011,2454,301100,30,1.0,68798,0.035669642,SOUTH LAWNDALE,127.9982978
2023,1731,17031301200,Census Tract 3012,4877,301200,30,1.0,68798,0.070888689,SOUTH LAWNDALE,127.9982978
2023,2218,17031480500,Census Tract 4805,2811,480500,48,1.0,11645,0.241391155,CALUMET HEIGHTS,48.82624156
2023,1648,17031490500,Census Tract 4905,1758,490500,49,1.0,36700,0.047901907,ROSELAND,134.3137067
2023,228,17031520200,Census Tract 5202,3224,520200,52,1.0,22793,0.141446935,EAST SIDE,83.24172803
2023,359,17031520300,Census Tract 5203,6009,520300,52,1.0,22793,0.263633572,EAST SIDE,83.24172803
2023,124,17031520400,Census Tract 5204,3739,520400,52,1.0,22793,0.164041592,EAST SIDE,83.24172803
2023,247,17031520500,Census Tract 5205,5144,520500,52,1.0,22793,0.225683324,EAST SIDE,83.24172803
2023,33,17031520600,Census Tract 5206,2616,520600,52,1.0,22793,0.114772079,EAST SIDE,83.24172803
2023,249,17031660500,Census Tract 6605,5217,660500,66,1.0,53460,0.097586981,CHICAGO LAWN,98.2794651
2023,2524,17031660600,Census Tract 6606,5514,660600,66,1.0,53460,0.103142536,CHICAGO LAWN,98.2794651
2023,1308,17031660700,Census Tract 6607,1726,660700,66,1.0,53460,0.032285821,CHICAGO LAWN,98.2794651
2023,3055,17031660800,Census Tract 6608,6022,660800,66,1.0,53460,0.112644968,CHICAGO LAWN,98.2794651
2023,3149,17031660900,Census Tract 6609,5315,660900,66,1.0,53460,0.099420127,CHICAGO LAWN,98.2794651
2023,3356,17031661000,Census Tract 6610,5085,661000,66,1.0,53460,0.095117845,CHICAGO LAWN,98.2794651
2023,894,17031280900,Census Tract 2809,1173,280900,28,1.0,66084,0.017750136,NEAR WEST SIDE,158.4924665
2023,154,17031301600,Census Tract 3016,3481,301600,30,1.0,68798,0.050597401,SOUTH LAWNDALE,127.9982978
2023,1151,17031490600,Census Tract 4906,1326,490600,49,1.0,36700,0.03613079,ROSELAND,134.3137067
2023,2279,17031490700,Census Tract 4907,2298,490700,49,1.0,36700,0.062615804,ROSELAND,134.3137067
2023,3398,17031490800,Census Tract 4908,3398,490800,49,1.0,36700,0.092588556,ROSELAND,134.3137067
2023,2950,17031491000,Census Tract 4910,3576,491000,49,1.0,36700,0.097438692,ROSELAND,134.3137067
2023,3919,17031491100,Census Tract 4911,4143,491100,49,1.0,36700,0.112888283,ROSELAND,134.3137067
2023,3533,17031530200,Census Tract 5302,4082,530200,53,1.0,24470,0.16681651,WEST PULLMAN,99.36519806
2023,3299,17031530300,Census Tract 5303,3459,530300,53,1.0,24470,0.141356763,WEST PULLMAN,99.36519806
2023,2184,17031530400,Census Tract 5304,2343,530400,53,1.0,24470,0.095749898,WEST PULLMAN,99.36519806
2023,2151,17031530600,Census Tract 5306,2151,530600,53,1.0,24470,0.087903555,WEST PULLMAN,99.36519806
2023,233,17031560100,Census Tract 5601,1250,560100,56,1.0,36426,0.034316148,GARFIELD RIDGE,117.8907784
2023,1244,17031670200,Census Tract 6702,1319,670200,67,1.0,26729,0.049347151,WEST ENGLEWOOD,87.94769193
2023,1143,17031670300,Census Tract 6703,1371,670300,67,1.0,26729,0.051292604,WEST ENGLEWOOD,87.94769193
2023,1235,17031670400,Census Tract 6704,1478,670400,67,1.0,26729,0.055295746,WEST ENGLEWOOD,87.94769193
2023,2275,17031661100,Census Tract 6611,7195,661100,66,1.0,53460,0.134586607,CHICAGO LAWN,98.2794651
2023,875,17031670100,Census Tract 6701,1434,670100,67,1.0,26729,0.053649594,WEST ENGLEWOOD,87.94769193
2023,710,17031670600,Census Tract 6706,1311,670600,67,1.0,26729,0.049047851,WEST ENGLEWOOD,87.94769193
2023,621,17031670700,Census Tract 6707,942,670700,67,1.0,26729,0.03524262,WEST ENGLEWOOD,87.94769193
2023,926,17031670800,Census Tract 6708,1121,670800,67,1.0,26729,0.041939466,WEST ENGLEWOOD,87.94769193
2023,825,17031670900,Census Tract 6709,1110,670900,67,1.0,26729,0.041527928,WEST ENGLEWOOD,87.94769193
2023,1035,17031260900,Census Tract 2609,1162,260900,26,1.0,15619,0.074396568,WEST GARFIELD PARK,36.09284881
2023,2070,17031261000,Census Tract 2610,2143,261000,26,1.0,15619,0.137204687,WEST GARFIELD PARK,36.09284881
2023,951,17031281900,Census Tract 2819,6709,281900,28,1.0,66084,0.101522305,NEAR WEST SIDE,158.4924665
2023,147,17031310200,Census Tract 3102,1672,310200,31,1.0,33279,0.050241894,LOWER WEST SIDE,81.55072362
2023,77,17031310300,Census Tract 3103,1748,310300,31,1.0,33279,0.052525617,LOWER WEST SIDE,81.55072362
2023,95,17031310400,Census Tract 3104,1462,310400,31,1.0,33279,0.043931609,LOWER WEST SIDE,81.55072362
2023,68,17031310500,Census Tract 3105,1645,310500,31,1.0,33279,0.049430572,LOWER WEST SIDE,81.55072362
2023,1672,17031491200,Census Tract 4912,1732,491200,49,1.0,36700,0.04719346,ROSELAND,134.3137067
2023,1924,17031491300,Census Tract 4913,2065,491300,49,1.0,36700,0.05626703,ROSELAND,134.3137067
2023,2479,17031491400,Census Tract 4914,2496,491400,49,1.0,36700,0.068010899,ROSELAND,134.3137067
2023,3005,17031500100,Census Tract 5001,3066,500100,50,1.0,6741,0.45482866,PULLMAN,59.00155559
2023,1688,17031500200,Census Tract 5002,1862,500200,50,1.0,6741,0.276220145,PULLMAN,59.00155559
2023,540,17031500300,Census Tract 5003,1813,500300,50,1.0,6741,0.268951194,PULLMAN,59.00155559
2023,650,17031560200,Census Tract 5602,1683,560200,56,1.0,36426,0.046203261,GARFIELD RIDGE,117.8907784
2023,240,17031560300,Census Tract 5603,3399,560300,56,1.0,36426,0.093312469,GARFIELD RIDGE,117.8907784
2023,92,17031560700,Census Tract 5607,3836,560700,56,1.0,36426,0.105309394,GARFIELD RIDGE,117.8907784
2023,24,17031560800,Census Tract 5608,5871,560800,56,1.0,36426,0.161176083,GARFIELD RIDGE,117.8907784
2023,2,17031560900,Census Tract 5609,5120,560900,56,1.0,36426,0.140558941,GARFIELD RIDGE,117.8907784
2023,14,17031561000,Census Tract 5610,5749,561000,56,1.0,36426,0.157826827,GARFIELD RIDGE,117.8907784
2023,750,17031030101,Census Tract 301.01,3356,30101,77,1.0,56146,0.059772735,EDGEWATER,48.44999083
2023,562,17031030701,Census Tract 307.01,1525,30701,77,1.0,56146,0.027161329,EDGEWATER,48.44999083
2023,159,17031070103,Census Tract 701.03,1449,70103,7,1.0,67831,0.021361914,LINCOLN PARK,88.31640046
2023,66,17031831900,Census Tract 8319,2874,831900,6,1.0,101163,0.028409596,LAKE VIEW,87.21479926
2023,56,17031832600,Census Tract 8326,4247,832600,7,1.0,67831,0.06261149,LINCOLN PARK,88.31640046
2023,2168,17031836900,Census Tract 8369,2237,836900,27,1.0,20526,0.108983728,EAST GARFIELD PARK,53.88322084
2023,208,17031841200,Census Tract 8412,4516,841200,31,1.0,33279,0.135701193,LOWER WEST SIDE,81.55072362
2023,1034,17031839500,Census Tract 8395,1770,839500,35,1.0,21756,0.081356867,DOUGLAS,46.00462115
2023,1907,17031835800,Census Tract 8358,2093,835800,38,1.0,26345,0.079445815,GRAND BOULEVARD,48.49250315
2023,1702,17031838800,Census Tract 8388,2992,838800,51,1.0,14210,0.210555947,SOUTH DEERING,303.7970596
2023,751,17031842300,Census Tract 8423,3406,842300,24,1.0,86596,0.039332071,WEST TOWN,127.5629046
2023,1460,17031841900,Census Tract 8419,6253,841900,28,1.0,66084,0.094621996,NEAR WEST SIDE,158.4924665
2023,131,17031843200,Census Tract 8432,2131,843200,31,1.0,33279,0.064034376,LOWER WEST SIDE,81.55072362
2023,653,17031843400,Census Tract 8434,1208,843400,29,1.0,31244,0.038663423,NORTH LAWNDALE,89.48742201
2023,595,17031842600,Census Tract 8426,4587,842600,61,1.0,41869,0.109555996,NEW CITY,134.6369632
2023,0,17031301803,Census Tract 3018.03,3264,301803,30,1.0,68798,0.04744324,SOUTH LAWNDALE,127.9982978
2023,1381,17031010300,Census Tract 103,6311,10300,1,1.0,54388,0.116036626,ROGERS PARK,51.25990244
2023,443,17031010400,Census Tract 104,4282,10400,1,1.0,54388,0.078730602,ROGERS PARK,51.25990244
2023,1209,17031010600,Census Tract 106,6708,10600,1,1.0,54388,0.12333603,ROGERS PARK,51.25990244
2023,1962,17031020100,Census Tract 201,4066,20100,2,1.0,78227,0.051976939,WEST RIDGE,98.42909484
2023,897,17031280800,Census Tract 2808,1036,280800,28,1.0,66084,0.015677017,NEAR WEST SIDE,158.4924665
2023,842,17031420300,Census Tract 4203,2456,420300,42,1.0,24628,0.099723892,WOODLAWN,57.8151795
2023,86,17031100200,Census Tract 1002,7560,100200,10,1.0,38566,0.196027589,NORWOOD PARK,121.9591054
2023,559,17031020200,Census Tract 202,7231,20200,2,1.0,78227,0.092436115,WEST RIDGE,98.42909484
2023,12,17031130200,Census Tract 1302,1502,130200,13,1.0,18742,0.08014086,NORTH PARK,70.28870642
2023,1140,17031020400,Census Tract 204,4325,20400,2,1.0,78227,0.055287816,WEST RIDGE,98.42909484
2023,119,17031080202,Census Tract 802.02,4127,80202,8,1.0,104712,0.039412866,NEAR NORTH SIDE,76.67589596
2023,72,17031240200,Census Tract 2402,1914,240200,24,1.0,86596,0.022102638,WEST TOWN,127.5629046
2023,410,17031611800,Census Tract 6118,1396,611800,61,1.0,41869,0.033342091,NEW CITY,134.6369632
2023,156,17031060200,Census Tract 602,2179,60200,6,1.0,101163,0.021539496,LAKE VIEW,87.21479926
2023,629,17031221200,Census Tract 2212,3168,221200,22,1.0,70872,0.044700305,LOGAN SQUARE,100.0575667
2023,160,17031061200,Census Tract 612,2065,61200,6,1.0,101163,0.020412601,LAKE VIEW,87.21479926
2023,244,17031030200,Census Tract 302,5536,30200,77,1.0,56146,0.098600078,EDGEWATER,48.44999083
2023,667,17031030300,Census Tract 303,3298,30300,77,1.0,56146,0.058739714,EDGEWATER,48.44999083
2023,185,17031030400,Census Tract 304,2870,30400,77,1.0,56146,0.051116731,EDGEWATER,48.44999083
2023,237,17031030900,Census Tract 309,2976,30900,77,1.0,56146,0.053004666,EDGEWATER,48.44999083
2023,158,17031031000,Census Tract 310,3797,31000,3,1.0,57331,0.06622944,UPTOWN,65.09564272
2023,0,17031600600,Census Tract 6006,2701,600600,60,1.0,33123,0.081544546,BRIDGEPORT,58.29151927
2023,2363,17031420600,Census Tract 4206,2590,420600,42,1.0,24628,0.105164853,WOODLAWN,57.8151795
2023,58,17031110100,Census Tract 1101,5763,110100,11,1.0,26643,0.21630447,JEFFERSON PARK,64.86816167
2023,356,17031031400,Census Tract 314,4771,31400,3,1.0,57331,0.083218503,UPTOWN,65.09564272
2023,61,17031040900,Census Tract 409,2009,40900,4,1.0,41673,0.048208672,LINCOLN SQUARE,71.35232823
2023,153,17031050200,Census Tract 502,5373,50200,5,1.0,35408,0.151745368,NORTH CENTER,57.05416784
2023,36,17031050300,Census Tract 503,2725,50300,5,1.0,35408,0.076960009,NORTH CENTER,57.05416784
2023,98,17031071700,Census Tract 717,1564,71700,7,1.0,67831,0.023057304,LINCOLN PARK,88.31640046
2023,180,17031031800,Census Tract 318,1980,31800,3,1.0,57331,0.034536289,UPTOWN,65.09564272
2023,993,17031031700,Census Tract 317,6139,31700,3,1.0,57331,0.107079939,UPTOWN,65.09564272
2023,284,17031610400,Census Tract 6104,2034,610400,61,1.0,41869,0.048580095,NEW CITY,134.6369632
2023,18,17031050600,Census Tract 506,2286,50600,5,1.0,35408,0.064561681,NORTH CENTER,57.05416784
2023,125,17031050500,Census Tract 505,5134,50500,5,1.0,35408,0.144995481,NORTH CENTER,57.05416784
2023,70,17031071600,Census Tract 716,1814,71600,7,1.0,67831,0.026742935,LINCOLN PARK,88.31640046
2023,948,17031671400,Census Tract 6714,1507,671400,67,1.0,26729,0.05638071,WEST ENGLEWOOD,87.94769193
2023,20,17031062300,Census Tract 623,1567,62300,6,1.0,101163,0.015489853,LAKE VIEW,87.21479926
2023,17,17031630400,Census Tract 6304,6390,630400,63,1.0,35691,0.179036732,GAGE PARK,61.2848961
2023,1394,17031010100,Census Tract 101,3726,10100,1,1.0,54388,0.068507759,ROGERS PARK,51.25990244
2023,996,17031680600,Census Tract 6806,996,680600,68,1.0,21411,0.046518145,ENGLEWOOD,85.65232307
2023,611,17031030500,Census Tract 305,6439,30500,77,1.0,56146,0.114683148,EDGEWATER,48.44999083
2023,1826,17031020500,Census Tract 205,6796,20500,2,1.0,78227,0.086875376,WEST RIDGE,98.42909484
2023,595,17031081300,Census Tract 813,5768,81300,8,1.0,104712,0.055084422,NEAR NORTH SIDE,76.67589596
2023,1025,17031081000,Census Tract 810,8442,81000,8,1.0,104712,0.080621132,NEAR NORTH SIDE,76.67589596
2023,159,17031130100,Census Tract 1301,4765,130100,13,1.0,18742,0.25424181,NORTH PARK,70.28870642
2023,65,17031170200,Census Tract 1702,3657,170200,17,1.0,41816,0.087454563,DUNNING,103.5950012
2023,155,17031170300,Census Tract 1703,5039,170300,17,1.0,41816,0.120504113,DUNNING,103.5950012
2023,228,17031170400,Census Tract 1704,3963,170400,17,1.0,41816,0.094772336,DUNNING,103.5950012
2023,463,17031170500,Census Tract 1705,5000,170500,17,1.0,41816,0.119571456,DUNNING,103.5950012
2023,91,17031170600,Census Tract 1706,2566,170600,17,1.0,41816,0.061364071,DUNNING,103.5950012
2023,128,17031170700,Census Tract 1707,3276,170700,17,1.0,41816,0.078343218,DUNNING,103.5950012
2023,367,17031170800,Census Tract 1708,4016,170800,17,1.0,41816,0.096039793,DUNNING,103.5950012
2023,2784,17031251400,Census Tract 2514,3269,251400,25,1.0,98882,0.033059606,AUSTIN,199.2542034
2023,1418,17031260300,Census Tract 2603,1615,260300,26,1.0,15619,0.103399705,WEST GARFIELD PARK,36.09284881
2023,1577,17031260500,Census Tract 2605,1594,260500,26,1.0,15619,0.102055189,WEST GARFIELD PARK,36.09284881
2023,2046,17031260600,Census Tract 2606,2115,260600,26,1.0,15619,0.135411998,WEST GARFIELD PARK,36.09284881
2023,1056,17031260700,Census Tract 2607,1216,260700,26,1.0,15619,0.077853896,WEST GARFIELD PARK,36.09284881
2023,1687,17031260800,Census Tract 2608,1782,260800,26,1.0,15619,0.114091811,WEST GARFIELD PARK,36.09284881
2023,31,17031050700,Census Tract 507,1484,50700,5,1.0,35408,0.041911432,NORTH CENTER,57.05416784
2023,59,17031050900,Census Tract 509,1542,50900,5,1.0,35408,0.04354948,NORTH CENTER,57.05416784
2023,139,17031051000,Census Tract 510,1665,51000,5,1.0,35408,0.047023272,NORTH CENTER,57.05416784
2023,7,17031051100,Census Tract 511,1864,51100,5,1.0,35408,0.05264347,NORTH CENTER,57.05416784
2023,73,17031051200,Census Tract 512,1565,51200,5,1.0,35408,0.044199051,NORTH CENTER,57.05416784
2023,90,17031170900,Census Tract 1709,1922,170900,17,1.0,41816,0.045963268,DUNNING,103.5950012
2023,173,17031171000,Census Tract 1710,6274,171000,17,1.0,41816,0.150038263,DUNNING,103.5950012
2023,120,17031171100,Census Tract 1711,4144,171100,17,1.0,41816,0.099100823,DUNNING,103.5950012
2023,584,17031180100,Census Tract 1801,6875,180100,18,1.0,14084,0.488142573,MONTCLARE,27.57639363
2023,148,17031190100,Census Tract 1901,2403,190100,19,1.0,72918,0.032954826,BELMONT CRAGIN,109.0994147
2023,25,17031222200,Census Tract 2222,2183,222200,22,1.0,70872,0.030802009,LOGAN SQUARE,100.0575667
2023,60,17031222500,Census Tract 2225,1374,222500,22,1.0,70872,0.019387064,LOGAN SQUARE,100.0575667
2023,154,17031222600,Census Tract 2226,1552,222600,22,1.0,70872,0.021898634,LOGAN SQUARE,100.0575667
2023,3475,17031251500,Census Tract 2515,4526,251500,25,1.0,98882,0.045771728,AUSTIN,199.2542034
2023,2920,17031251600,Census Tract 2516,4418,251600,25,1.0,98882,0.044679517,AUSTIN,199.2542034
2023,948,17031251700,Census Tract 2517,1188,251700,25,1.0,98882,0.01201432,AUSTIN,199.2542034
2023,5309,17031251800,Census Tract 2518,5641,251800,25,1.0,98882,0.057047794,AUSTIN,199.2542034
2023,4708,17031251900,Census Tract 2519,5355,251900,25,1.0,98882,0.054155458,AUSTIN,199.2542034
2023,4833,17031252000,Census Tract 2520,5787,252000,25,1.0,98882,0.058524302,AUSTIN,199.2542034
2023,359,17031130300,Census Tract 1303,4930,130300,13,1.0,18742,0.263045566,NORTH PARK,70.28870642
2023,473,17031190200,Census Tract 1902,5753,190200,19,1.0,72918,0.078896843,BELMONT CRAGIN,109.0994147
2023,295,17031190300,Census Tract 1903,5609,190300,19,1.0,72918,0.076922022,BELMONT CRAGIN,109.0994147
2023,226,17031190800,Census Tract 1908,6326,190800,19,1.0,72918,0.086754985,BELMONT CRAGIN,109.0994147
2023,1061,17031260100,Census Tract 2601,1145,260100,26,1.0,15619,0.07330815,WEST GARFIELD PARK,36.09284881
2023,1113,17031260200,Census Tract 2602,1274,260200,26,1.0,15619,0.081567322,WEST GARFIELD PARK,36.09284881
2023,754,17031530100,Census Tract 5301,1858,530100,53,1.0,24470,0.07592971,WEST PULLMAN,99.36519806
2023,59,17031061800,Census Tract 618,1144,61800,6,1.0,101163,0.011308482,LAKE VIEW,87.21479926
2023,325,17031410200,Census Tract 4102,1157,410200,41,1.0,29591,0.039099726,HYDE PARK,45.10538016
2023,238,17031222900,Census Tract 2229,1056,222900,22,1.0,70872,0.014900102,LOGAN SQUARE,100.0575667
2023,141,17031241000,Census Tract 2410,1810,241000,24,1.0,86596,0.020901658,WEST TOWN,127.5629046
2023,163,17031190900,Census Tract 1909,1720,190900,19,1.0,72918,0.02358814,BELMONT CRAGIN,109.0994147
2023,96,17031191200,Census Tract 1912,3767,191200,19,1.0,72918,0.05166077,BELMONT CRAGIN,109.0994147
2023,75,17031200100,Census Tract 2001,3703,200100,20,1.0,22776,0.162583421,HERMOSA,32.6020594
2023,226,17031200200,Census Tract 2002,4634,200200,20,1.0,22776,0.203459782,HERMOSA,32.6020594
2023,248,17031200300,Census Tract 2003,1821,200300,20,1.0,22776,0.079952582,HERMOSA,32.6020594
2023,206,17031222700,Census Tract 2227,2120,222700,22,1.0,70872,0.029913083,LOGAN SQUARE,100.0575667
2023,263,17031230100,Census Tract 2301,1484,230100,23,1.0,55598,0.026691608,HUMBOLDT PARK,100.4808765
2023,362,17031230200,Census Tract 2302,1897,230200,23,1.0,55598,0.034119932,HUMBOLDT PARK,100.4808765
2023,162,17031230300,Census Tract 2303,1002,230300,23,1.0,55598,0.018022231,HUMBOLDT PARK,100.4808765
2023,288,17031230400,Census Tract 2304,2206,230400,23,1.0,55598,0.039677686,HUMBOLDT PARK,100.4808765
2023,729,17031230500,Census Tract 2305,3339,230500,23,1.0,55598,0.060056117,HUMBOLDT PARK,100.4808765
2023,2108,17031351100,Census Tract 3511,2150,351100,35,1.0,21756,0.098823313,DOUGLAS,46.00462115
2023,317,17031611700,Census Tract 6117,1942,611700,61,1.0,41869,0.046382765,NEW CITY,134.6369632
2023,178,17031300500,Census Tract 3005,3467,300500,30,1.0,68798,0.050393907,SOUTH LAWNDALE,127.9982978
2023,649,17031381500,Census Tract 3815,680,381500,38,1.0,26345,0.025811349,GRAND BOULEVARD,48.49250315
2023,1937,17031420500,Census Tract 4205,2019,420500,42,1.0,24628,0.08197986,WOODLAWN,57.8151795
2023,288,17031081500,Census Tract 815,4978,81500,8,1.0,104712,0.047539919,NEAR NORTH SIDE,76.67589596
2023,144,17031081600,Census Tract 816,4210,81600,8,1.0,104712,0.040205516,NEAR NORTH SIDE,76.67589596
2023,217,17031081700,Census Tract 817,5211,81700,8,1.0,104712,0.04976507,NEAR NORTH SIDE,76.67589596
2023,510,17031081800,Census Tract 818,12366,81800,8,1.0,104712,0.118095347,NEAR NORTH SIDE,76.67589596
2023,80,17031081900,Census Tract 819,1284,81900,8,1.0,104712,0.012262205,NEAR NORTH SIDE,76.67589596
2023,115,17031222800,Census Tract 2228,951,222800,22,1.0,70872,0.013418557,LOGAN SQUARE,100.0575667
2023,235,17031050800,Census Tract 508,1411,50800,5,1.0,35408,0.039849751,NORTH CENTER,57.05416784
2023,116,17031210100,Census Tract 2101,4238,210100,21,1.0,35489,0.119417284,AVONDALE,55.29059546
2023,475,17031210400,Census Tract 2104,2763,210400,21,1.0,35489,0.07785511,AVONDALE,55.29059546
2023,879,17031230700,Census Tract 2307,6020,230700,23,1.0,55598,0.108277276,HUMBOLDT PARK,100.4808765
2023,47,17031230800,Census Tract 2308,1082,230800,23,1.0,55598,0.019461132,HUMBOLDT PARK,100.4808765
2023,525,17031230900,Census Tract 2309,4850,230900,23,1.0,55598,0.087233354,HUMBOLDT PARK,100.4808765
2023,67,17031550200,Census Tract 5502,2720,550200,55,1.0,8971,0.303199197,HEGEWISCH,145.9657414
2023,675,17031670500,Census Tract 6705,1177,670500,67,1.0,26729,0.044034569,WEST ENGLEWOOD,87.94769193
2023,61,17031580800,Census Tract 5808,1988,580800,58,1.0,42062,0.047263563,BRIGHTON PARK,75.8927903
2023,2517,17031230600,Census Tract 2306,8313,230600,23,1.0,55598,0.149519767,HUMBOLDT PARK,100.4808765
2023,65,17031242300,Census Tract 2423,3186,242300,24,1.0,86596,0.036791538,WEST TOWN,127.5629046
2023,197,17031242200,Census Tract 2422,4070,242200,24,1.0,86596,0.046999861,WEST TOWN,127.5629046
2023,1363,17031032100,Census Tract 321,7122,32100,3,1.0,57331,0.124225986,UPTOWN,65.09564272
2023,0,17031300800,Census Tract 3008,4177,300800,30,1.0,68798,0.060713974,SOUTH LAWNDALE,127.9982978
2023,303,17031060900,Census Tract 609,7241,60900,6,1.0,101163,0.071577553,LAKE VIEW,87.21479926
2023,94,17031061000,Census Tract 610,2221,61000,6,1.0,101163,0.021954667,LAKE VIEW,87.21479926
2023,137,17031210700,Census Tract 2107,3670,210700,21,1.0,35489,0.103412325,AVONDALE,55.29059546
2023,90,17031291600,Census Tract 2916,1482,291600,29,1.0,31244,0.047433107,NORTH LAWNDALE,89.48742201
2023,1857,17031400400,Census Tract 4004,1962,400400,40,1.0,13111,0.149645336,WASHINGTON PARK,42.37388148
2023,465,17031191100,Census Tract 1911,6295,191100,19,1.0,72918,0.08632985,BELMONT CRAGIN,109.0994147
2023,24,17031120100,Census Tract 1201,4104,120100,12,1.0,19517,0.210278219,FOREST GLEN,89.13089362
2023,525,17031611200,Census Tract 6112,2322,611200,61,1.0,41869,0.055458693,NEW CITY,134.6369632
2023,1,17031300900,Census Tract 3009,3705,300900,30,1.0,68798,0.05385331,SOUTH LAWNDALE,127.9982978
2023,56,17031061100,Census Tract 611,1368,61100,6,1.0,101163,0.013522731,LAKE VIEW,87.21479926
2023,91,17031061500,Census Tract 615,1843,61500,6,1.0,101163,0.018218123,LAKE VIEW,87.21479926
2023,137,17031062000,Census Tract 620,2963,62000,6,1.0,101163,0.029289365,LAKE VIEW,87.21479926
2023,142,17031062100,Census Tract 621,3602,62100,6,1.0,101163,0.035605903,LAKE VIEW,87.21479926
2023,97,17031062200,Census Tract 622,3226,62200,6,1.0,101163,0.031889129,LAKE VIEW,87.21479926
2023,156,17031090200,Census Tract 902,6372,90200,9,1.0,11203,0.568776221,EDISON PARK,31.63631378
2023,46,17031090100,Census Tract 901,3467,90100,9,1.0,11203,0.309470677,EDISON PARK,31.63631378
2023,1431,17031260400,Census Tract 2604,1573,260400,26,1.0,15619,0.100710673,WEST GARFIELD PARK,36.09284881
2023,698,17031351500,Census Tract 3515,916,351500,35,1.0,21756,0.042103328,DOUGLAS,46.00462115
2023,93,17031210800,Census Tract 2108,1063,210800,21,1.0,35489,0.029952943,AVONDALE,55.29059546
2023,342,17031210900,Census Tract 2109,2938,210900,21,1.0,35489,0.082786215,AVONDALE,55.29059546
2023,473,17031081100,Census Tract 811,4030,81100,8,1.0,104712,0.038486515,NEAR NORTH SIDE,76.67589596
2023,181,17031241200,Census Tract 2412,1684,241200,24,1.0,86596,0.019446626,WEST TOWN,127.5629046
2023,2593,17031031200,Census Tract 312,5953,31200,3,1.0,57331,0.103835621,UPTOWN,65.09564272
2023,7,17031062500,Census Tract 625,1463,62500,6,1.0,101163,0.014461809,LAKE VIEW,87.21479926
2023,50,17031062600,Census Tract 626,2362,62600,6,1.0,101163,0.023348457,LAKE VIEW,87.21479926
2023,149,17031062700,Census Tract 627,2898,62700,6,1.0,101163,0.028646837,LAKE VIEW,87.21479926
2023,43,17031062800,Census Tract 628,3766,62800,6,1.0,101163,0.037227049,LAKE VIEW,87.21479926
2023,246,17031062900,Census Tract 629,4325,62900,6,1.0,101163,0.042752785,LAKE VIEW,87.21479926
2023,158,17031063000,Census Tract 630,3017,63000,6,1.0,101163,0.029823157,LAKE VIEW,87.21479926
2023,68,17031062400,Census Tract 624,1763,62400,6,1.0,101163,0.01742732,LAKE VIEW,87.21479926
2023,79,17031063100,Census Tract 631,2357,63100,6,1.0,101163,0.023299032,LAKE VIEW,87.21479926
2023,763,17031063200,Census Tract 632,6481,63200,6,1.0,101163,0.064064925,LAKE VIEW,87.21479926
2023,126,17031063400,Census Tract 634,2395,63400,6,1.0,101163,0.023674664,LAKE VIEW,87.21479926
2023,0,17031090300,Census Tract 903,1364,90300,9,1.0,11203,0.121753102,EDISON PARK,31.63631378
2023,1,17031100100,Census Tract 1001,5582,100100,10,1.0,38566,0.144738889,NORWOOD PARK,121.9591054
2023,107,17031100300,Census Tract 1003,6289,100300,10,1.0,38566,0.163071099,NORWOOD PARK,121.9591054
2023,236,17031140100,Census Tract 1401,3622,140100,14,1.0,46620,0.077691978,ALBANY PARK,53.54223081
2023,659,17031140200,Census Tract 1402,6528,140200,14,1.0,46620,0.14002574,ALBANY PARK,53.54223081
2023,79,17031140400,Census Tract 1404,5795,140400,14,1.0,46620,0.124302874,ALBANY PARK,53.54223081
2023,112,17031140500,Census Tract 1405,3080,140500,14,1.0,46620,0.066066066,ALBANY PARK,53.54223081
2023,381,17031242700,Census Tract 2427,1918,242700,24,1.0,86596,0.022148829,WEST TOWN,127.5629046
2023,166,17031070200,Census Tract 702,3801,70200,7,1.0,67831,0.056036326,LINCOLN PARK,88.31640046
2023,204,17031070300,Census Tract 703,3618,70300,7,1.0,67831,0.053338444,LINCOLN PARK,88.31640046
2023,31,17031070400,Census Tract 704,3282,70400,7,1.0,67831,0.048384957,LINCOLN PARK,88.31640046
2023,206,17031070500,Census Tract 705,3138,70500,7,1.0,67831,0.046262034,LINCOLN PARK,88.31640046
2023,34,17031070600,Census Tract 706,3316,70600,7,1.0,67831,0.048886202,LINCOLN PARK,88.31640046
2023,381,17031070700,Census Tract 707,3673,70700,7,1.0,67831,0.054149283,LINCOLN PARK,88.31640046
2023,6,17031100400,Census Tract 1004,3403,100400,10,1.0,38566,0.088238345,NORWOOD PARK,121.9591054
2023,151,17031100600,Census Tract 1006,4888,100600,10,1.0,38566,0.126743764,NORWOOD PARK,121.9591054
2023,182,17031100700,Census Tract 1007,5247,100700,10,1.0,38566,0.136052481,NORWOOD PARK,121.9591054
2023,213,17031110200,Census Tract 1102,2834,110200,11,1.0,26643,0.106369403,JEFFERSON PARK,64.86816167
2023,300,17031150200,Census Tract 1502,7056,150200,15,1.0,61793,0.114187691,PORTAGE PARK,110.1960971
2023,138,17031150300,Census Tract 1503,6952,150300,15,1.0,61793,0.112504653,PORTAGE PARK,110.1960971
2023,38,17031140800,Census Tract 1408,6219,140800,14,1.0,46620,0.133397683,ALBANY PARK,53.54223081
2023,4238,17031231200,Census Tract 2312,5701,231200,23,1.0,55598,0.10253966,HUMBOLDT PARK,100.4808765
2023,872,17031231100,Census Tract 2311,1505,231100,23,1.0,55598,0.027069319,HUMBOLDT PARK,100.4808765
2023,80,17031242400,Census Tract 2424,3183,242400,24,1.0,86596,0.036756894,WEST TOWN,127.5629046
2023,272,17031242500,Census Tract 2425,3333,242500,24,1.0,86596,0.038489076,WEST TOWN,127.5629046
2023,43,17031120200,Census Tract 1202,4488,120200,12,1.0,19517,0.229953374,FOREST GLEN,89.13089362
2023,21,17031120300,Census Tract 1203,7093,120300,12,1.0,19517,0.363426756,FOREST GLEN,89.13089362
2023,215,17031120400,Census Tract 1204,3832,120400,12,1.0,19517,0.196341651,FOREST GLEN,89.13089362
2023,3440,17031231500,Census Tract 2315,6183,231500,23,1.0,55598,0.111209036,HUMBOLDT PARK,100.4808765
2023,121,17031071100,Census Tract 711,3279,71100,7,1.0,67831,0.048340729,LINCOLN PARK,88.31640046
2023,275,17031071000,Census Tract 710,4289,71000,7,1.0,67831,0.063230676,LINCOLN PARK,88.31640046
2023,28,17031071200,Census Tract 712,2696,71200,7,1.0,67831,0.039745839,LINCOLN PARK,88.31640046
2023,2,17031071300,Census Tract 713,3894,71300,7,1.0,67831,0.05740738,LINCOLN PARK,88.31640046
2023,35,17031110300,Census Tract 1103,5064,110300,11,1.0,26643,0.190068686,JEFFERSON PARK,64.86816167
2023,103,17031220300,Census Tract 2203,2124,220300,22,1.0,70872,0.029969523,LOGAN SQUARE,100.0575667
2023,223,17031220400,Census Tract 2204,2622,220400,22,1.0,70872,0.036996275,LOGAN SQUARE,100.0575667
2023,217,17031220500,Census Tract 2205,2955,220500,22,1.0,70872,0.041694887,LOGAN SQUARE,100.0575667
2023,47,17031240300,Census Tract 2403,1290,240300,24,1.0,86596,0.014896762,WEST TOWN,127.5629046
2023,32,17031240500,Census Tract 2405,2487,240500,24,1.0,86596,0.028719571,WEST TOWN,127.5629046
2023,54,17031060400,Census Tract 604,3664,60400,6,1.0,101163,0.036218776,LAKE VIEW,87.21479926
2023,87,17031060500,Census Tract 605,1212,60500,6,1.0,101163,0.011980665,LAKE VIEW,87.21479926
2023,241,17031240800,Census Tract 2408,1573,240800,24,1.0,86596,0.018164811,WEST TOWN,127.5629046
2023,115,17031240600,Census Tract 2406,1814,240600,24,1.0,86596,0.02094785,WEST TOWN,127.5629046
2023,263,17031240700,Census Tract 2407,1578,240700,24,1.0,86596,0.018222551,WEST TOWN,127.5629046
2023,180,17031240900,Census Tract 2409,1112,240900,24,1.0,86596,0.01284124,WEST TOWN,127.5629046
2023,822,17031242600,Census Tract 2426,5351,242600,24,1.0,86596,0.061792693,WEST TOWN,127.5629046
2023,285,17031310600,Census Tract 3106,5136,310600,31,1.0,33279,0.15433156,LOWER WEST SIDE,81.55072362
2023,130,17031310700,Census Tract 3107,1448,310700,31,1.0,33279,0.043510923,LOWER WEST SIDE,81.55072362
2023,25,17031310800,Census Tract 3108,4294,310800,31,1.0,33279,0.129030319,LOWER WEST SIDE,81.55072362
2023,519,17031020602,Census Tract 206.02,5175,20602,2,1.0,78227,0.06615363,WEST RIDGE,98.42909484
2023,384,17031310900,Census Tract 3109,5070,310900,31,1.0,33279,0.152348328,LOWER WEST SIDE,81.55072362
2023,392,17031510100,Census Tract 5101,3659,510100,51,1.0,14210,0.257494722,SOUTH DEERING,303.7970596
2023,2118,17031510200,Census Tract 5102,3138,510200,51,1.0,14210,0.220830401,SOUTH DEERING,303.7970596
2023,118,17031561100,Census Tract 5611,5770,561100,56,1.0,36426,0.158403338,GARFIELD RIDGE,117.8907784
2023,131,17031190701,Census Tract 1907.01,2661,190701,19,1.0,72918,0.036493047,BELMONT CRAGIN,109.0994147
2023,1675,17031020901,Census Tract 209.01,6306,20901,2,1.0,78227,0.080611554,WEST RIDGE,98.42909484
2023,960,17031010202,Census Tract 102.02,2609,10202,1,1.0,54388,0.04797014,ROGERS PARK,51.25990244
2023,12,17031570100,Census Tract 5701,1358,570100,57,1.0,14021,0.096854718,ARCHER HEIGHTS,55.92250571
2023,63,17031570200,Census Tract 5702,2082,570200,57,1.0,14021,0.148491548,ARCHER HEIGHTS,55.92250571
2023,46,17031570300,Census Tract 5703,6061,570300,57,1.0,14021,0.432280151,ARCHER HEIGHTS,55.92250571
2023,10,17031570400,Census Tract 5704,1784,570400,57,1.0,14021,0.127237715,ARCHER HEIGHTS,55.92250571
2023,195,17031570500,Census Tract 5705,2736,570500,57,1.0,14021,0.195135868,ARCHER HEIGHTS,55.92250571
2023,3121,17031690400,Census Tract 6904,3217,690400,69,1.0,29563,0.108818456,GREATER GRAND CROSSING,98.85316769
2023,2366,17031691300,Census Tract 6913,2465,691300,69,1.0,29563,0.083381254,GREATER GRAND CROSSING,98.85316769
2023,2673,17031691400,Census Tract 6914,2793,691400,69,1.0,29563,0.094476203,GREATER GRAND CROSSING,98.85316769
2023,1720,17031691500,Census Tract 6915,1794,691500,69,1.0,29563,0.060683963,GREATER GRAND CROSSING,98.85316769
2023,610,17031320400,Census Tract 3204,3253,320400,32,1.0,42181,0.07712003,LOOP,46.33556545
2023,104,17031580100,Census Tract 5801,2227,580100,58,1.0,42062,0.052945652,BRIGHTON PARK,75.8927903
2023,114,17031580200,Census Tract 5802,3130,580200,58,1.0,42062,0.07441396,BRIGHTON PARK,75.8927903
2023,31,17031580300,Census Tract 5803,2399,580300,58,1.0,42062,0.057034853,BRIGHTON PARK,75.8927903
2023,222,17031580400,Census Tract 5804,4730,580400,58,1.0,42062,0.112453046,BRIGHTON PARK,75.8927903
2023,104,17031580600,Census Tract 5806,5357,580600,58,1.0,42062,0.127359612,BRIGHTON PARK,75.8927903
2023,686,17031580700,Census Tract 5807,5741,580700,58,1.0,42062,0.136488992,BRIGHTON PARK,75.8927903
2023,2000,17031681300,Census Tract 6813,2103,681300,68,1.0,21411,0.098220541,ENGLEWOOD,85.65232307
2023,1822,17031681400,Census Tract 6814,1826,681400,68,1.0,21411,0.085283266,ENGLEWOOD,85.65232307
2023,1876,17031690300,Census Tract 6903,1974,690300,69,1.0,29563,0.066772655,GREATER GRAND CROSSING,98.85316769
2023,807,17031690500,Census Tract 6905,807,690500,69,1.0,29563,0.027297636,GREATER GRAND CROSSING,98.85316769
2023,3729,17031690900,Census Tract 6909,3891,690900,69,1.0,29563,0.131617224,GREATER GRAND CROSSING,98.85316769
2023,2255,17031691000,Census Tract 6910,2400,691000,69,1.0,29563,0.081182559,GREATER GRAND CROSSING,98.85316769
2023,1924,17031700100,Census Tract 7001,3819,700100,70,1.0,42079,0.09075786,ASHBURN,135.4603372
2023,1049,17031700200,Census Tract 7002,6914,700200,70,1.0,42079,0.164309988,ASHBURN,135.4603372
2023,886,17031320600,Census Tract 3206,6064,320600,32,1.0,42181,0.143761409,LOOP,46.33556545
2023,1056,17031330200,Census Tract 3302,4036,330200,33,1.0,29174,0.13834236,NEAR SOUTH SIDE,49.76963944
2023,186,17031590500,Census Tract 5905,1569,590500,59,1.0,15443,0.10159943,MCKINLEY PARK,39.43179964
2023,164,17031590600,Census Tract 5906,3739,590600,59,1.0,15443,0.242116169,MCKINLEY PARK,39.43179964
2023,495,17031671200,Census Tract 6712,754,671200,67,1.0,26729,0.028209061,WEST ENGLEWOOD,87.94769193
2023,892,17031671100,Census Tract 6711,892,671100,67,1.0,26729,0.033371993,WEST ENGLEWOOD,87.94769193
2023,1341,17031671300,Census Tract 6713,1662,671300,67,1.0,26729,0.062179655,WEST ENGLEWOOD,87.94769193
2023,2088,17031671500,Census Tract 6715,2440,671500,67,1.0,26729,0.091286618,WEST ENGLEWOOD,87.94769193
2023,1623,17031671600,Census Tract 6716,1737,671600,67,1.0,26729,0.064985596,WEST ENGLEWOOD,87.94769193
2023,908,17031671800,Census Tract 6718,1222,671800,67,1.0,26729,0.045718134,WEST ENGLEWOOD,87.94769193
2023,778,17031671900,Census Tract 6719,1070,671900,67,1.0,26729,0.040031427,WEST ENGLEWOOD,87.94769193
2023,781,17031710100,Census Tract 7101,800,710100,71,1.0,45049,0.017758441,AUBURN GRESHAM,105.0653536
2023,4068,17031710200,Census Tract 7102,4084,710200,71,1.0,45049,0.09065684,AUBURN GRESHAM,105.0653536
2023,5185,17031710400,Census Tract 7104,5466,710400,71,1.0,45049,0.121334547,AUBURN GRESHAM,105.0653536
2023,3559,17031710500,Census Tract 7105,3753,710500,71,1.0,45049,0.083309285,AUBURN GRESHAM,105.0653536
2023,1544,17031710600,Census Tract 7106,1802,710600,71,1.0,45049,0.040000888,AUBURN GRESHAM,105.0653536
2023,4649,17031710800,Census Tract 7108,4714,710800,71,1.0,45049,0.104641612,AUBURN GRESHAM,105.0653536
2023,0,17031340300,Census Tract 3403,1751,340300,34,1.0,14207,0.123249103,ARMOUR SQUARE,27.76619609
2023,99,17031340500,Census Tract 3405,1613,340500,34,1.0,14207,0.113535581,ARMOUR SQUARE,27.76619609
2023,1246,17031340600,Census Tract 3406,1473,340600,34,1.0,14207,0.103681284,ARMOUR SQUARE,27.76619609
2023,4778,17031430200,Census Tract 4302,5139,430200,43,1.0,53673,0.095746465,SOUTH SHORE,81.81271638
2023,2600,17031430300,Census Tract 4303,2659,430300,43,1.0,53673,0.049540737,SOUTH SHORE,81.81271638
2023,605,17031030604,Census Tract 306.04,2793,30604,77,1.0,56146,0.049745307,EDGEWATER,48.44999083
2023,1965,17031031502,Census Tract 315.02,4630,31502,3,1.0,57331,0.080759101,UPTOWN,65.09564272
2023,404,17031081402,Census Tract 814.02,6138,81402,8,1.0,104712,0.058617923,NEAR NORTH SIDE,76.67589596
2023,0,17031080201,Census Tract 802.01,3416,80201,8,1.0,104712,0.032622813,NEAR NORTH SIDE,76.67589596
2023,82,17031760802,Census Tract 7608.02,2244,760802,76,1.0,13773,0.162927467,OHARE,371.8356076
2023,270,17031140601,Census Tract 1406.01,2402,140601,14,1.0,46620,0.051522952,ALBANY PARK,53.54223081
2023,201,17031070102,Census Tract 701.02,2969,70102,7,1.0,67831,0.043770547,LINCOLN PARK,88.31640046
2023,586,17031210502,Census Tract 2105.02,4336,210502,21,1.0,35489,0.122178703,AVONDALE,55.29059546
2023,3488,17031540102,Census Tract 5401.02,3517,540102,54,1.0,7536,0.466693206,RIVERDALE,98.3894974
2023,2166,17031700402,Census Tract 7004.02,3453,700402,70,1.0,42079,0.082059935,ASHBURN,135.4603372
2023,399,17031030800,Census Tract 308,4404,30800,77,1.0,56146,0.078438357,EDGEWATER,48.44999083
2023,723,17031031100,Census Tract 311,4699,31100,3,1.0,57331,0.081962638,UPTOWN,65.09564272
2023,838,17031031300,Census Tract 313,6841,31300,3,1.0,57331,0.119324624,UPTOWN,65.09564272
2023,241,17031031900,Census Tract 319,2471,31900,3,1.0,57331,0.043100591,UPTOWN,65.09564272
2023,510,17031160501,Census Tract 1605.01,3767,160501,16,1.0,53832,0.069976965,IRVING PARK,89.61138229
2023,478,17031040100,Census Tract 401,3899,40100,4,1.0,41673,0.093561779,LINCOLN SQUARE,71.35232823
2023,144,17031040300,Census Tract 403,3005,40300,4,1.0,41673,0.072109039,LINCOLN SQUARE,71.35232823
2023,1148,17031611600,Census Tract 6116,2047,611600,61,1.0,41869,0.048890587,NEW CITY,134.6369632
2023,159,17031340400,Census Tract 3404,1709,340400,34,1.0,14207,0.120292813,ARMOUR SQUARE,27.76619609
2023,2160,17031430700,Census Tract 4307,2295,430700,43,1.0,53673,0.042758929,SOUTH SHORE,81.81271638
2023,57,17031191000,Census Tract 1910,2394,191000,19,1.0,72918,0.0328314,BELMONT CRAGIN,109.0994147
2023,0,17031560400,Census Tract 5604,1520,560400,56,1.0,36426,0.041728436,GARFIELD RIDGE,117.8907784
2023,3459,17031710700,Census Tract 7107,3492,710700,71,1.0,45049,0.077515594,AUBURN GRESHAM,105.0653536
2023,1417,17031550100,Census Tract 5501,6251,550100,55,1.0,8971,0.696800803,HEGEWISCH,145.9657414
2023,950,17031283200,Census Tract 2832,1799,283200,28,1.0,66084,0.027222928,NEAR WEST SIDE,158.4924665
2023,92,17031100500,Census Tract 1005,5597,100500,10,1.0,38566,0.145127833,NORWOOD PARK,121.9591054
2024,4319,17031510300,Census Tract 5103,4344,510300,51,1.0,12854,0.337949276,SOUTH DEERING,303.7970596
2024,148,17031520100,Census Tract 5201,1816,520100,52,1.0,22687,0.080045841,EAST SIDE,83.24172803
2024,24,17031590700,Census Tract 5907,2544,590700,59,1.0,14854,0.171266999,MCKINLEY PARK,39.43179964
2024,245,17031600400,Census Tract 6004,4135,600400,60,1.0,33675,0.122791388,BRIDGEPORT,58.29151927
2024,1020,17031830600,Census Tract 8306,4665,830600,1,1.0,54173,0.086113008,ROGERS PARK,51.25990244
2024,164,17031830800,Census Tract 8308,2603,830800,4,1.0,41651,0.062495498,LINCOLN SQUARE,71.35232823
2024,1271,17031830700,Census Tract 8307,4285,830700,3,1.0,56344,0.076050689,UPTOWN,65.09564272
2024,135,17031830900,Census Tract 8309,3359,830900,22,1.0,71160,0.047203485,LOGAN SQUARE,100.0575667
2024,156,17031835200,Census Tract 8352,2057,835200,56,1.0,36732,0.056000218,GARFIELD RIDGE,117.8907784
2024,255,17031839900,Census Tract 8399,4568,839900,60,1.0,33675,0.135649592,BRIDGEPORT,58.29151927
2024,169,17031839700,Census Tract 8397,4910,839700,60,1.0,33675,0.145805494,BRIDGEPORT,58.29151927
2024,37,17031839800,Census Tract 8398,2747,839800,60,1.0,33675,0.081573868,BRIDGEPORT,58.29151927
2024,1624,17031834800,Census Tract 8348,1780,834800,68,1.0,23195,0.076740677,ENGLEWOOD,85.65232307
2024,1196,17031834700,Census Tract 8347,1580,834700,68,1.0,23195,0.068118129,ENGLEWOOD,85.65232307
2024,59,17031832000,Census Tract 8320,1874,832000,6,1.0,102827,0.018224785,LAKE VIEW,87.21479926
2024,90,17031832500,Census Tract 8325,3439,832500,7,1.0,67987,0.0505832,LINCOLN PARK,88.31640046
2024,210,17031832300,Census Tract 8323,2316,832300,22,1.0,71160,0.032546374,LOGAN SQUARE,100.0575667
2024,967,17031838300,Census Tract 8383,3014,838300,8,1.0,107331,0.028081356,NEAR NORTH SIDE,76.67589596
2024,639,17031831800,Census Tract 8318,6600,831800,13,1.0,18356,0.359555459,NORTH PARK,70.28870642
2024,135,17031831700,Census Tract 8317,2270,831700,15,1.0,63031,0.036014025,PORTAGE PARK,110.1960971
2024,1282,17031835100,Census Tract 8351,4617,835100,63,1.0,36081,0.127962085,GAGE PARK,61.2848961
2024,1899,17031835000,Census Tract 8350,5468,835000,66,1.0,54409,0.100498079,CHICAGO LAWN,98.2794651
2024,128,17031843700,Census Tract 8437,2602,843700,5,1.0,36014,0.072249681,NORTH CENTER,57.05416784
2024,370,17031220702,Census Tract 2207.02,3903,220702,22,1.0,71160,0.054848229,LOGAN SQUARE,100.0575667
2024,2822,17031842100,Census Tract 8421,6780,842100,23,1.0,56153,0.120741545,HUMBOLDT PARK,100.4808765
2024,1217,17031843300,Census Tract 8433,1718,843300,29,1.0,33958,0.050591908,NORTH LAWNDALE,89.48742201
2024,610,17031831100,Census Tract 8311,6760,831100,21,1.0,35533,0.190245687,AVONDALE,55.29059546
2024,571,17031831500,Census Tract 8315,3778,831500,19,1.0,72088,0.052408168,BELMONT CRAGIN,109.0994147
2024,617,17031831600,Census Tract 8316,7240,831600,18,1.0,14280,0.507002801,MONTCLARE,27.57639363
2024,399,17031831200,Census Tract 8312,4597,831200,20,1.0,22576,0.203623317,HERMOSA,32.6020594
2024,36,17031831000,Census Tract 8310,1216,831000,22,0.5,71160,0.017088252,LOGAN SQUARE,100.0575667
2024,36,17031831000,Census Tract 8310,1216,831000,24,0.5,88197,0.013787317,WEST TOWN,127.5629046
2024,2271,17031843000,Census Tract 8430,2271,843000,29,1.0,33958,0.06687673,NORTH LAWNDALE,89.48742201
2024,1139,17031843100,Census Tract 8431,1381,843100,29,1.0,33958,0.040667884,NORTH LAWNDALE,89.48742201
2024,1522,17031842900,Census Tract 8429,2422,842900,28,1.0,68165,0.035531431,NEAR WEST SIDE,158.4924665
2024,5971,17031843500,Census Tract 8435,8706,843500,30,1.0,69884,0.124577872,SOUTH LAWNDALE,127.9982978
2024,1407,17031842000,Census Tract 8420,2768,842000,35,1.0,21088,0.131259484,DOUGLAS,46.00462115
2024,375,17031832400,Census Tract 8324,3487,832400,22,1.0,71160,0.049002248,LOGAN SQUARE,100.0575667
2024,32,17031832900,Census Tract 8329,2162,832900,28,1.0,68165,0.031717157,NEAR WEST SIDE,158.4924665
2024,149,17031840300,Census Tract 8403,3548,840300,59,1.0,14854,0.23885822,MCKINLEY PARK,39.43179964
2024,1326,17031838600,Census Tract 8386,1642,838600,29,1.0,33958,0.048353849,NORTH LAWNDALE,89.48742201
2024,1509,17031839600,Census Tract 8396,1687,839600,35,1.0,21088,0.079998103,DOUGLAS,46.00462115
2024,999,17031834900,Census Tract 8349,1010,834900,67,1.0,28144,0.035886868,WEST ENGLEWOOD,87.94769193
2024,651,17031030603,Census Tract 306.03,1996,30603,77,1.0,56563,0.035288086,EDGEWATER,48.44999083
2024,268,17031832200,Census Tract 8322,3206,832200,22,1.0,71160,0.045053401,LOGAN SQUARE,100.0575667
2024,1872,17031836700,Census Tract 8367,3150,836700,23,1.0,56153,0.056096736,HUMBOLDT PARK,100.4808765
2024,2135,17031836800,Census Tract 8368,2867,836800,27,1.0,20731,0.138295307,EAST GARFIELD PARK,53.88322084
2024,940,17031836600,Census Tract 8366,2906,836600,23,1.0,56153,0.051751465,HUMBOLDT PARK,100.4808765
2024,349,17031833000,Census Tract 8330,6109,833000,28,1.0,68165,0.089620773,NEAR WEST SIDE,158.4924665
2024,2155,17031842500,Census Tract 8425,3066,842500,69,1.0,29143,0.105205367,GREATER GRAND CROSSING,98.85316769
2024,1750,17031841800,Census Tract 8418,2249,841800,69,1.0,29143,0.07717119,GREATER GRAND CROSSING,98.85316769
2024,0,17031980100,Census Tract 9801,0,980100,56,0.5,36732,0.0,GARFIELD RIDGE,117.8907784
2024,0,17031980100,Census Tract 9801,0,980100,64,0.5,23629,0.0,CLEARING,71.14519237
2024,94,17031842800,Census Tract 8428,7411,842800,58,1.0,42994,0.172372889,BRIGHTON PARK,75.8927903
2024,658,17031843800,Census Tract 8438,1960,843800,61,1.0,40140,0.048829098,NEW CITY,134.6369632
2024,564,17031841000,Census Tract 8410,1280,841000,33,1.0,30482,0.041991995,NEAR SOUTH SIDE,49.76963944
2024,1384,17031836500,Census Tract 8365,1680,836500,36,1.0,6937,0.242179617,OAKLAND,16.91396104
2024,1566,17031843900,Census Tract 8439,1856,843900,42,0.5,24355,0.076206118,WOODLAWN,57.8151795
2024,1566,17031843900,Census Tract 8439,1856,843900,43,0.5,53034,0.034996417,SOUTH SHORE,81.81271638
2024,4606,17031834200,Census Tract 8342,4687,834200,43,1.0,53034,0.088377267,SOUTH SHORE,81.81271638
2024,403,17031842200,Census Tract 8422,3807,842200,8,1.0,107331,0.035469715,NEAR NORTH SIDE,76.67589596
2024,2111,17031838000,Census Tract 8380,3069,838000,28,1.0,68165,0.045023106,NEAR WEST SIDE,158.4924665
2024,1874,17031010702,Census Tract 107.02,4739,10702,1,1.0,54173,0.087479002,ROGERS PARK,51.25990244
2024,615,17031010503,Census Tract 105.03,2757,10503,1,1.0,54173,0.050892511,ROGERS PARK,51.25990244
2024,472,17031010502,Census Tract 105.02,3286,10502,1,1.0,54173,0.060657523,ROGERS PARK,51.25990244
2024,987,17031010701,Census Tract 107.01,3478,10701,1,1.0,54173,0.064201724,ROGERS PARK,51.25990244
2024,748,17031020902,Census Tract 209.02,4107,20902,2,1.0,78373,0.052403251,WEST RIDGE,98.42909484
2024,570,17031020302,Census Tract 203.02,5064,20302,2,1.0,78373,0.064614089,WEST RIDGE,98.42909484
2024,750,17031020601,Census Tract 206.01,6275,20601,2,1.0,78373,0.080065839,WEST RIDGE,98.42909484
2024,203,17031020301,Census Tract 203.01,4978,20301,2,1.0,78373,0.063516772,WEST RIDGE,98.42909484
2024,909,17031760803,Census Tract 7608.03,7061,760803,76,1.0,14145,0.499186992,OHARE,371.8356076
2024,5703,17031530501,Census Tract 5305.01,5885,530501,53,1.0,24549,0.239724632,WEST PULLMAN,99.36519806
2024,3612,17031530503,Census Tract 5305.03,3668,530503,53,1.0,24549,0.149415455,WEST PULLMAN,99.36519806
2024,28,17031650301,Census Tract 6503.01,4696,650301,65,1.0,31942,0.147016467,WEST LAWN,82.31530167
2024,168,17031650302,Census Tract 6503.02,5242,650302,65,1.0,31942,0.164109949,WEST LAWN,82.31530167
2024,1321,17031530502,Census Tract 5305.02,1335,530502,53,1.0,24549,0.054381034,WEST PULLMAN,99.36519806
2024,196,17031831300,Census Tract 8313,1310,831300,25,1.0,97452,0.013442515,AUSTIN,199.2542034
2024,1183,17031831400,Census Tract 8314,2767,831400,25,1.0,97452,0.028393466,AUSTIN,199.2542034
2024,2017,17031837000,Census Tract 8370,2318,837000,27,1.0,20731,0.111813227,EAST GARFIELD PARK,53.88322084
2024,2555,17031842400,Census Tract 8424,2855,842400,44,1.0,29895,0.09550092,CHATHAM,82.3206703
2024,1130,17031832100,Census Tract 8321,3957,832100,6,1.0,102827,0.038482111,LAKE VIEW,87.21479926
2024,581,17031020802,Census Tract 208.02,8964,20802,2,1.0,78373,0.114376124,WEST RIDGE,98.42909484
2024,358,17031020702,Census Tract 207.02,8057,20702,2,1.0,78373,0.102803261,WEST RIDGE,98.42909484
2024,830,17031020801,Census Tract 208.01,5332,20801,2,1.0,78373,0.068033634,WEST RIDGE,98.42909484
2024,373,17031040202,Census Tract 402.02,7198,40202,4,1.0,41651,0.172816979,LINCOLN SQUARE,71.35232823
2024,374,17031040201,Census Tract 402.01,7083,40201,4,1.0,41651,0.170055941,LINCOLN SQUARE,71.35232823
2024,337,17031040402,Census Tract 404.02,4209,40402,4,1.0,41651,0.101053996,LINCOLN SQUARE,71.35232823
2024,2088,17031031501,Census Tract 315.01,4792,31501,3,1.0,56344,0.085048985,UPTOWN,65.09564272
2024,126,17031081201,Census Tract 812.01,4442,81201,8,1.0,107331,0.041385993,NEAR NORTH SIDE,76.67589596
2024,310,17031063301,Census Tract 633.01,2898,63301,6,1.0,102827,0.028183259,LAKE VIEW,87.21479926
2024,2644,17031490901,Census Tract 4909.01,2758,490901,49,1.0,36635,0.075283199,ROSELAND,134.3137067
2024,4725,17031490902,Census Tract 4909.02,4725,490902,49,1.0,36635,0.128975024,ROSELAND,134.3137067
2024,37,17031301801,Census Tract 3018.01,4714,301801,30,1.0,69884,0.067454639,SOUTH LAWNDALE,127.9982978
2024,341,17031700301,Census Tract 7003.01,6153,700301,70,1.0,42007,0.146475587,ASHBURN,135.4603372
2024,0,17031301702,Census Tract 3017.02,3801,301702,30,1.0,69884,0.054390132,SOUTH LAWNDALE,127.9982978
2024,3154,17031700401,Census Tract 7004.01,6367,700401,70,1.0,42007,0.151569976,ASHBURN,135.4603372
2024,795,17031837100,Census Tract 8371,1584,837100,27,1.0,20731,0.076407313,EAST GARFIELD PARK,53.88322084
2024,1397,17031837400,Census Tract 8374,1956,837400,27,1.0,20731,0.094351454,EAST GARFIELD PARK,53.88322084
2024,1655,17031837800,Census Tract 8378,2467,837800,28,1.0,68165,0.036191594,NEAR WEST SIDE,158.4924665
2024,1998,17031837300,Census Tract 8373,2164,837300,27,1.0,20731,0.104384738,EAST GARFIELD PARK,53.88322084
2024,2588,17031841500,Census Tract 8415,2735,841500,29,1.0,33958,0.080540668,NORTH LAWNDALE,89.48742201
2024,3399,17031838700,Census Tract 8387,4136,838700,29,1.0,33958,0.121797515,NORTH LAWNDALE,89.48742201
2024,85,17031150501,Census Tract 1505.01,3935,150501,15,1.0,63031,0.062429598,PORTAGE PARK,110.1960971
2024,101,17031150401,Census Tract 1504.01,5310,150401,15,1.0,63031,0.084244261,PORTAGE PARK,110.1960971
2024,498,17031150502,Census Tract 1505.02,4460,150502,15,1.0,63031,0.070758833,PORTAGE PARK,110.1960971
2024,143,17031110502,Census Tract 1105.02,3519,110502,11,1.0,26649,0.132049983,JEFFERSON PARK,64.86816167
2024,318,17031150402,Census Tract 1504.02,3923,150402,15,1.0,63031,0.062239216,PORTAGE PARK,110.1960971
2024,368,17031140302,Census Tract 1403.02,3407,140302,14,1.0,45538,0.074816637,ALBANY PARK,53.54223081
2024,192,17031140301,Census Tract 1403.01,2715,140301,14,1.0,45538,0.059620537,ALBANY PARK,53.54223081
2024,698,17031700302,Census Tract 7003.02,5587,700302,70,1.0,42007,0.133001643,ASHBURN,135.4603372
2024,64,17031580501,Census Tract 5805.01,4728,580501,58,1.0,42994,0.109968833,BRIGHTON PARK,75.8927903
2024,16,17031580502,Census Tract 5805.02,5304,580502,58,1.0,42994,0.123366051,BRIGHTON PARK,75.8927903
2024,4905,17031730201,Census Tract 7302.01,5755,730201,73,1.0,24851,0.231580218,WASHINGTON HEIGHTS,79.63575286
2024,1,17031301802,Census Tract 3018.02,2513,301802,30,1.0,69884,0.03595959,SOUTH LAWNDALE,127.9982978
2024,3510,17031440101,Census Tract 4401.01,3582,440101,44,1.0,29895,0.119819368,CHATHAM,82.3206703
2024,1,17031301701,Census Tract 3017.01,4496,301701,30,1.0,69884,0.064335184,SOUTH LAWNDALE,127.9982978
2024,892,17031839100,Census Tract 8391,8355,839100,32,1.0,42550,0.196357227,LOOP,46.33556545
2024,587,17031833100,Census Tract 8331,9022,833100,28,1.0,68165,0.132355314,NEAR WEST SIDE,158.4924665
2024,927,17031838100,Census Tract 8381,1873,838100,28,1.0,68165,0.027477444,NEAR WEST SIDE,158.4924665
2024,180,17031833300,Census Tract 8333,2861,833300,28,1.0,68165,0.041971686,NEAR WEST SIDE,158.4924665
2024,513,17031838200,Census Tract 8382,1606,838200,28,1.0,68165,0.023560478,NEAR WEST SIDE,158.4924665
2024,234,17031140702,Census Tract 1407.02,5120,140702,14,1.0,45538,0.112433572,ALBANY PARK,53.54223081
2024,257,17031140602,Census Tract 1406.02,4211,140602,14,1.0,45538,0.092472221,ALBANY PARK,53.54223081
2024,179,17031140701,Census Tract 1407.01,2870,140701,14,1.0,45538,0.063024287,ALBANY PARK,53.54223081
2024,301,17031160502,Census Tract 1605.02,4227,160502,16,1.0,53332,0.079258231,IRVING PARK,89.61138229
2024,51,17031160602,Census Tract 1606.02,3418,160602,16,1.0,53332,0.064089102,IRVING PARK,89.61138229
2024,347,17031151002,Census Tract 1510.02,4473,151002,15,1.0,63031,0.070965081,PORTAGE PARK,110.1960971
2024,23,17031151001,Census Tract 1510.01,2616,151001,15,1.0,63031,0.041503387,PORTAGE PARK,110.1960971
2024,101,17031190402,Census Tract 1904.02,4580,190402,19,1.0,72088,0.063533459,BELMONT CRAGIN,109.0994147
2024,3556,17031431301,Census Tract 4313.01,3702,431301,43,1.0,53034,0.069804277,SOUTH SHORE,81.81271638
2024,3269,17031431302,Census Tract 4313.02,3463,431302,43,1.0,53034,0.065297734,SOUTH SHORE,81.81271638
2024,2726,17031460302,Census Tract 4603.02,3309,460302,46,1.0,27551,0.120104533,SOUTH CHICAGO,93.27218499
2024,1641,17031460301,Census Tract 4603.01,2721,460301,46,1.0,27551,0.098762295,SOUTH CHICAGO,93.27218499
2024,6479,17031700501,Census Tract 7005.01,6924,700501,70,1.0,42007,0.164829671,ASHBURN,135.4603372
2024,2946,17031700502,Census Tract 7005.02,3318,700502,70,1.0,42007,0.078986836,ASHBURN,135.4603372
2024,204,17031210601,Census Tract 2106.01,2429,210601,21,1.0,35533,0.06835899,AVONDALE,55.29059546
2024,274,17031841100,Census Tract 8411,7324,841100,34,1.0,13848,0.528885038,ARMOUR SQUARE,27.76619609
2024,1,17031840200,Census Tract 8402,2233,840200,60,1.0,33675,0.066310319,BRIDGEPORT,58.29151927
2024,189,17031841300,Census Tract 8413,3970,841300,31,1.0,33446,0.118698798,LOWER WEST SIDE,81.55072362
2024,196,17031840700,Census Tract 8407,4001,840700,30,1.0,69884,0.057252018,SOUTH LAWNDALE,127.9982978
2024,575,17031841700,Census Tract 8417,1249,841700,30,1.0,69884,0.017872474,SOUTH LAWNDALE,127.9982978
2024,158,17031190602,Census Tract 1906.02,5745,190602,19,1.0,72088,0.079694263,BELMONT CRAGIN,109.0994147
2024,349,17031190401,Census Tract 1904.01,3855,190401,19,1.0,72088,0.053476307,BELMONT CRAGIN,109.0994147
2024,577,17031190702,Census Tract 1907.02,4392,190702,19,1.0,72088,0.060925535,BELMONT CRAGIN,109.0994147
2024,135,17031191302,Census Tract 1913.02,4227,191302,19,1.0,72088,0.058636666,BELMONT CRAGIN,109.0994147
2024,46,17031190601,Census Tract 1906.01,3788,190601,19,1.0,72088,0.052546887,BELMONT CRAGIN,109.0994147
2024,424,17031191301,Census Tract 1913.01,4856,191301,19,1.0,72088,0.067362113,BELMONT CRAGIN,109.0994147
2024,191,17031200402,Census Tract 2004.02,4378,200402,20,1.0,22576,0.19392275,HERMOSA,32.6020594
2024,269,17031200401,Census Tract 2004.01,3138,200401,20,1.0,22576,0.138997165,HERMOSA,32.6020594
2024,148,17031220902,Census Tract 2209.02,3020,220902,22,1.0,71160,0.042439573,LOGAN SQUARE,100.0575667
2024,190,17031210501,Census Tract 2105.01,2899,210501,21,1.0,35533,0.081586131,AVONDALE,55.29059546
2024,79,17031160601,Census Tract 1606.01,3049,160601,16,1.0,53332,0.057170179,IRVING PARK,89.61138229
2024,352,17031061901,Census Tract 619.01,3709,61901,6,1.0,102827,0.036070293,LAKE VIEW,87.21479926
2024,216,17031840800,Census Tract 8408,3457,840800,30,1.0,69884,0.049467689,SOUTH LAWNDALE,127.9982978
2024,484,17031030703,Census Tract 307.03,3237,30703,77,1.0,56563,0.057228223,EDGEWATER,48.44999083
2024,939,17031081403,Census Tract 814.03,10291,81403,8,1.0,107331,0.095880966,NEAR NORTH SIDE,76.67589596
2024,184,17031030702,Census Tract 307.02,2039,30702,77,1.0,56563,0.0360483,EDGEWATER,48.44999083
2024,3040,17031440102,Census Tract 4401.02,3185,440102,44,1.0,29895,0.106539555,CHATHAM,82.3206703
2024,2550,17031440202,Census Tract 4402.02,2608,440202,44,1.0,29895,0.087238669,CHATHAM,82.3206703
2024,85,17031830500,Census Tract 8305,4071,830500,30,1.0,69884,0.058253678,SOUTH LAWNDALE,127.9982978
2024,431,17031840100,Census Tract 8401,2879,840100,60,1.0,33675,0.08549369,BRIDGEPORT,58.29151927
2024,242,17031840400,Census Tract 8404,3426,840400,59,1.0,14854,0.230644944,MCKINLEY PARK,39.43179964
2024,1667,17031839200,Census Tract 8392,2295,839200,35,1.0,21088,0.108829666,DOUGLAS,46.00462115
2024,1246,17031835500,Census Tract 8355,1545,835500,37,1.0,2270,0.68061674,FULLER PARK,19.91670487
2024,119,17031070101,Census Tract 701.01,4003,70101,7,1.0,67987,0.058878903,LINCOLN PARK,88.31640046
2024,314,17031110501,Census Tract 1105.01,5017,110501,11,1.0,26649,0.188262224,JEFFERSON PARK,64.86816167
2024,376,17031030104,Census Tract 301.04,3612,30104,77,1.0,56563,0.063857999,EDGEWATER,48.44999083
2024,74,17031081401,Census Tract 814.01,2503,81401,8,1.0,107331,0.023320383,NEAR NORTH SIDE,76.67589596
2024,3388,17031430102,Census Tract 4301.02,3582,430102,43,1.0,53034,0.067541577,SOUTH SHORE,81.81271638
2024,3748,17031430101,Census Tract 4301.01,3776,430101,43,1.0,53034,0.071199608,SOUTH SHORE,81.81271638
2024,1801,17031252101,Census Tract 2521.01,1801,252101,25,1.0,97452,0.018480893,AUSTIN,199.2542034
2024,614,17031010501,Census Tract 105.01,3718,10501,1,1.0,54173,0.068631975,ROGERS PARK,51.25990244
2024,274,17031020701,Census Tract 207.01,1771,20701,2,1.0,78373,0.022597068,WEST RIDGE,98.42909484
2024,2419,17031010201,Census Tract 102.01,7361,10201,1,1.0,54173,0.135879497,ROGERS PARK,51.25990244
2024,272,17031760801,Census Tract 7608.01,4804,760801,76,1.0,14145,0.339625309,OHARE,371.8356076
2024,1428,17031839000,Census Tract 8390,10391,839000,32,1.0,42550,0.244206816,LOOP,46.33556545
2024,5287,17031440201,Census Tract 4402.01,5310,440201,44,1.0,29895,0.177621676,CHATHAM,82.3206703
2024,4015,17031540101,Census Tract 5401.01,4115,540101,54,1.0,7518,0.547353019,RIVERDALE,98.3894974
2024,2853,17031834000,Census Tract 8340,3029,834000,49,1.0,36635,0.082680497,ROSELAND,134.3137067
2024,1331,17031833900,Census Tract 8339,2716,833900,46,1.0,27551,0.098580814,SOUTH CHICAGO,93.27218499
2024,99,17031221000,Census Tract 2210,2504,221000,22,1.0,71160,0.035188308,LOGAN SQUARE,100.0575667
2024,307,17031221100,Census Tract 2211,4186,221100,22,1.0,71160,0.058825183,LOGAN SQUARE,100.0575667
2024,10,17031242800,Census Tract 2428,1575,242800,24,1.0,88197,0.01785775,WEST TOWN,127.5629046
2024,121,17031242900,Census Tract 2429,2242,242900,24,1.0,88197,0.025420366,WEST TOWN,127.5629046
2024,211,17031243000,Census Tract 2430,2364,243000,24,1.0,88197,0.026803633,WEST TOWN,127.5629046
2024,71,17031243100,Census Tract 2431,1912,243100,24,1.0,88197,0.021678742,WEST TOWN,127.5629046
2024,266,17031243200,Census Tract 2432,2587,243200,24,1.0,88197,0.029332063,WEST TOWN,127.5629046
2024,199,17031243300,Census Tract 2433,2340,243300,24,1.0,88197,0.026531515,WEST TOWN,127.5629046
2024,209,17031243400,Census Tract 2434,2972,243400,24,1.0,88197,0.033697291,WEST TOWN,127.5629046
2024,220,17031071400,Census Tract 714,4448,71400,7,1.0,67987,0.065424272,LINCOLN PARK,88.31640046
2024,159,17031110400,Census Tract 1104,4658,110400,11,1.0,26649,0.174790799,JEFFERSON PARK,64.86816167
2024,76,17031150600,Census Tract 1506,4036,150600,15,1.0,63031,0.064031984,PORTAGE PARK,110.1960971
2024,331,17031150700,Census Tract 1507,3915,150700,15,1.0,63031,0.062112294,PORTAGE PARK,110.1960971
2024,303,17031150800,Census Tract 1508,4652,150800,15,1.0,63031,0.073804953,PORTAGE PARK,110.1960971
2024,461,17031151100,Census Tract 1511,5408,151100,15,1.0,63031,0.085799051,PORTAGE PARK,110.1960971
2024,37,17031151200,Census Tract 1512,3447,151200,15,1.0,63031,0.054687376,PORTAGE PARK,110.1960971
2024,56,17031241500,Census Tract 2415,2769,241500,24,1.0,88197,0.031395626,WEST TOWN,127.5629046
2024,386,17031241100,Census Tract 2411,3498,241100,24,1.0,88197,0.039661213,WEST TOWN,127.5629046
2024,55,17031241600,Census Tract 2416,3779,241600,24,1.0,88197,0.042847262,WEST TOWN,127.5629046
2024,83,17031241300,Census Tract 2413,1844,241300,24,1.0,88197,0.020907741,WEST TOWN,127.5629046
2024,484,17031241400,Census Tract 2414,5693,241400,24,1.0,88197,0.064548681,WEST TOWN,127.5629046
2024,699,17031243500,Census Tract 2435,4824,243500,24,1.0,88197,0.054695738,WEST TOWN,127.5629046
2024,1275,17031250200,Census Tract 2502,2610,250200,25,1.0,97452,0.026782416,AUSTIN,199.2542034
2024,3110,17031250300,Census Tract 2503,5144,250300,25,1.0,97452,0.052784961,AUSTIN,199.2542034
2024,3763,17031250400,Census Tract 2504,5733,250400,25,1.0,97452,0.058828962,AUSTIN,199.2542034
2024,1660,17031250500,Census Tract 2505,7509,250500,25,1.0,97452,0.077053319,AUSTIN,199.2542034
2024,67,17031071500,Census Tract 715,5482,71500,7,1.0,67987,0.080633062,LINCOLN PARK,88.31640046
2024,328,17031071800,Census Tract 718,2860,71800,7,1.0,67987,0.042066866,LINCOLN PARK,88.31640046
2024,22,17031080100,Census Tract 801,6387,80100,8,1.0,107331,0.059507505,NEAR NORTH SIDE,76.67589596
2024,96,17031080300,Census Tract 803,6101,80300,8,1.0,107331,0.056842851,NEAR NORTH SIDE,76.67589596
2024,3078,17031080400,Census Tract 804,5415,80400,8,1.0,107331,0.050451407,NEAR NORTH SIDE,76.67589596
2024,20,17031160100,Census Tract 1601,2614,160100,16,1.0,53332,0.049013725,IRVING PARK,89.61138229
2024,353,17031160200,Census Tract 1602,3363,160200,16,1.0,53332,0.063057826,IRVING PARK,89.61138229
2024,333,17031160300,Census Tract 1603,3567,160300,16,1.0,53332,0.066882922,IRVING PARK,89.61138229
2024,493,17031160400,Census Tract 1604,5419,160400,16,1.0,53332,0.10160879,IRVING PARK,89.61138229
2024,485,17031160700,Census Tract 1607,6093,160700,16,1.0,53332,0.114246606,IRVING PARK,89.61138229
2024,254,17031221300,Census Tract 2213,2769,221300,22,1.0,71160,0.03891231,LOGAN SQUARE,100.0575667
2024,291,17031221500,Census Tract 2215,3237,221500,22,1.0,71160,0.045489039,LOGAN SQUARE,100.0575667
2024,339,17031221400,Census Tract 2214,2995,221400,22,1.0,71160,0.042088252,LOGAN SQUARE,100.0575667
2024,3190,17031250600,Census Tract 2506,3887,250600,25,1.0,97452,0.039886303,AUSTIN,199.2542034
2024,4727,17031250700,Census Tract 2507,6676,250700,25,1.0,97452,0.068505521,AUSTIN,199.2542034
2024,1865,17031250800,Census Tract 2508,2742,250800,25,1.0,97452,0.028136929,AUSTIN,199.2542034
2024,719,17031251000,Census Tract 2510,1196,251000,25,1.0,97452,0.012272709,AUSTIN,199.2542034
2024,3426,17031251100,Census Tract 2511,4521,251100,25,1.0,97452,0.04639207,AUSTIN,199.2542034
2024,191,17031051400,Census Tract 514,2606,51400,5,1.0,36014,0.072360749,NORTH CENTER,57.05416784
2024,78,17031060100,Census Tract 601,2895,60100,6,1.0,102827,0.028154084,LAKE VIEW,87.21479926
2024,88,17031060300,Census Tract 603,3057,60300,6,1.0,102827,0.029729546,LAKE VIEW,87.21479926
2024,550,17031060800,Census Tract 608,5413,60800,6,1.0,102827,0.052641816,LAKE VIEW,87.21479926
2024,28,17031160800,Census Tract 1608,4677,160800,16,1.0,53332,0.087695942,IRVING PARK,89.61138229
2024,1215,17031320101,Census Tract 3201.01,8972,320101,32,1.0,42550,0.210857814,LOOP,46.33556545
2024,2413,17031330103,Census Tract 3301.03,8408,330103,33,1.0,30482,0.275834919,NEAR SOUTH SIDE,49.76963944
2024,4426,17031380600,Census Tract 3806,4952,380600,38,1.0,25181,0.196656209,GRAND BOULEVARD,48.49250315
2024,3939,17031330102,Census Tract 3301.02,11992,330102,33,1.0,30482,0.393412506,NEAR SOUTH SIDE,49.76963944
2024,377,17031330101,Census Tract 3301.01,4821,330101,33,1.0,30482,0.158158913,NEAR SOUTH SIDE,49.76963944
2024,2752,17031460800,Census Tract 4608,4257,460800,46,1.0,27551,0.154513448,SOUTH CHICAGO,93.27218499
2024,353,17031630600,Census Tract 6306,2864,630600,63,1.0,36081,0.079376957,GAGE PARK,61.2848961
2024,2794,17031490200,Census Tract 4902,2879,490200,49,1.0,36635,0.078586052,ROSELAND,134.3137067
2024,1139,17031612200,Census Tract 6122,4038,612200,61,1.0,40140,0.100597907,NEW CITY,134.6369632
2024,1433,17031844700,Census Tract 8447,2311,844700,29,1.0,33958,0.068054656,NORTH LAWNDALE,89.48742201
2024,1644,17031844600,Census Tract 8446,2081,844600,38,1.0,25181,0.082641674,GRAND BOULEVARD,48.49250315
2024,302,17031320102,Census Tract 3201.02,5040,320102,32,1.0,42550,0.118448884,LOOP,46.33556545
2024,233,17031220701,Census Tract 2207.01,2851,220701,22,1.0,71160,0.040064643,LOGAN SQUARE,100.0575667
2024,133,17031063302,Census Tract 633.02,4358,63302,6,1.0,102827,0.042381865,LAKE VIEW,87.21479926
2024,2973,17031252201,Census Tract 2522.01,3128,252201,25,1.0,97452,0.032097853,AUSTIN,199.2542034
2024,1100,17031660302,Census Tract 6603.02,4661,660302,66,1.0,54409,0.085665974,CHICAGO LAWN,98.2794651
2024,552,17031660301,Census Tract 6603.01,1818,660301,66,1.0,54409,0.03341359,CHICAGO LAWN,98.2794651
2024,2787,17031730202,Census Tract 7302.02,2895,730202,73,1.0,24851,0.116494306,WASHINGTON HEIGHTS,79.63575286
2024,658,17031835600,Census Tract 8356,725,835600,37,1.0,2270,0.31938326,FULLER PARK,19.91670487
2024,29,17031840000,Census Tract 8400,2622,840000,60,1.0,33675,0.077861915,BRIDGEPORT,58.29151927
2024,2757,17031836400,Census Tract 8364,3357,836400,36,1.0,6937,0.483926769,OAKLAND,16.91396104
2024,2006,17031836100,Census Tract 8361,2110,836100,40,1.0,12313,0.171363599,WASHINGTON PARK,42.37388148
2024,2182,17031834600,Census Tract 8346,2299,834600,68,1.0,23195,0.099116189,ENGLEWOOD,85.65232307
2024,2832,17031843600,Census Tract 8436,2974,843600,38,1.0,25181,0.11810492,GRAND BOULEVARD,48.49250315
2024,314,17031061902,Census Tract 619.02,4581,61902,6,1.0,102827,0.044550556,LAKE VIEW,87.21479926
2024,478,17031030102,Census Tract 301.02,3374,30102,77,1.0,56563,0.059650301,EDGEWATER,48.44999083
2024,259,17031030103,Census Tract 301.03,2132,30103,77,1.0,56563,0.037692484,EDGEWATER,48.44999083
2024,695,17031030706,Census Tract 307.06,2717,30706,77,1.0,56563,0.048034934,EDGEWATER,48.44999083
2024,1096,17031030601,Census Tract 306.01,3907,30601,77,1.0,56563,0.069073423,EDGEWATER,48.44999083
2024,223,17031081202,Census Tract 812.02,3501,81202,8,1.0,107331,0.032618722,NEAR NORTH SIDE,76.67589596
2024,40,17031063303,Census Tract 633.03,1315,63303,6,1.0,102827,0.01278847,LAKE VIEW,87.21479926
2024,591,17031220901,Census Tract 2209.01,2994,220901,22,1.0,71160,0.042074199,LOGAN SQUARE,100.0575667
2024,270,17031210602,Census Tract 2106.02,3942,210602,21,1.0,35533,0.110939127,AVONDALE,55.29059546
2024,394,17031220602,Census Tract 2206.02,4358,220602,22,1.0,71160,0.061242271,LOGAN SQUARE,100.0575667
2024,129,17031220601,Census Tract 2206.01,1680,220601,22,1.0,71160,0.023608769,LOGAN SQUARE,100.0575667
2024,211,17031040401,Census Tract 404.01,3441,40401,4,1.0,41651,0.082615063,LINCOLN SQUARE,71.35232823
2024,4985,17031252202,Census Tract 2522.02,5129,252202,25,1.0,97452,0.052631039,AUSTIN,199.2542034
2024,5276,17031252102,Census Tract 2521.02,5766,252102,25,1.0,97452,0.05916759,AUSTIN,199.2542034
2024,1301,17031836300,Census Tract 8363,1849,836300,41,1.0,30599,0.060426811,HYDE PARK,45.10538016
2024,1616,17031834500,Census Tract 8345,1616,834500,40,1.0,12313,0.131243401,WASHINGTON PARK,42.37388148
2024,2412,17031836000,Census Tract 8360,2695,836000,38,1.0,25181,0.107025138,GRAND BOULEVARD,48.49250315
2024,205,17031836200,Census Tract 8362,2281,836200,41,1.0,30599,0.07454492,HYDE PARK,45.10538016
2024,3130,17031834400,Census Tract 8344,3733,834400,42,1.0,24355,0.153274482,WOODLAWN,57.8151795
2024,5404,17031834300,Census Tract 8343,6103,834300,45,1.0,9071,0.67280344,AVALON PARK,34.85273773
2024,1049,17031710300,Census Tract 7103,1180,710300,71,1.0,43779,0.026953562,AUBURN GRESHAM,105.0653536
2024,210,17031160900,Census Tract 1609,2496,160900,16,1.0,53332,0.04680117,IRVING PARK,89.61138229
2024,19,17031161000,Census Tract 1610,2060,161000,16,1.0,53332,0.038625966,IRVING PARK,89.61138229
2024,320,17031161100,Census Tract 1611,2098,161100,16,1.0,53332,0.039338483,IRVING PARK,89.61138229
2024,277,17031161200,Census Tract 1612,2837,161200,16,1.0,53332,0.05319508,IRVING PARK,89.61138229
2024,194,17031161300,Census Tract 1613,3890,161300,16,1.0,53332,0.072939323,IRVING PARK,89.61138229
2024,141,17031170100,Census Tract 1701,2085,170100,17,1.0,41233,0.050566294,DUNNING,103.5950012
2024,115,17031221600,Census Tract 2216,3406,221600,22,1.0,71160,0.047863969,LOGAN SQUARE,100.0575667
2024,110,17031242100,Census Tract 2421,3792,242100,24,1.0,88197,0.04299466,WEST TOWN,127.5629046
2024,802,17031242000,Census Tract 2420,4575,242000,24,1.0,88197,0.051872513,WEST TOWN,127.5629046
2024,2783,17031251200,Census Tract 2512,4314,251200,25,1.0,97452,0.044267947,AUSTIN,199.2542034
2024,3827,17031251300,Census Tract 2513,4515,251300,25,1.0,97452,0.046330501,AUSTIN,199.2542034
2024,196,17031051300,Census Tract 513,2810,51300,5,1.0,36014,0.078025212,NORTH CENTER,57.05416784
2024,153,17031600700,Census Tract 6007,3171,600700,60,1.0,33675,0.094164811,BRIDGEPORT,58.29151927
2024,350,17031600900,Census Tract 6009,3742,600900,60,1.0,33675,0.11112101,BRIDGEPORT,58.29151927
2024,2276,17031672000,Census Tract 6720,3787,672000,67,1.0,28144,0.134557987,WEST ENGLEWOOD,87.94769193
2024,2017,17031710900,Census Tract 7109,2078,710900,71,1.0,43779,0.04746568,AUBURN GRESHAM,105.0653536
2024,3005,17031711000,Census Tract 7110,3419,711000,71,1.0,43779,0.078096804,AUBURN GRESHAM,105.0653536
2024,2575,17031711100,Census Tract 7111,2575,711100,71,1.0,43779,0.058818155,AUBURN GRESHAM,105.0653536
2024,4118,17031711200,Census Tract 7112,4626,711200,71,1.0,43779,0.105667101,AUBURN GRESHAM,105.0653536
2024,2019,17031711500,Census Tract 7115,2117,711500,71,1.0,43779,0.048356518,AUBURN GRESHAM,105.0653536
2024,1497,17031711300,Census Tract 7113,1506,711300,71,1.0,43779,0.034400055,AUBURN GRESHAM,105.0653536
2024,2423,17031711400,Census Tract 7114,2672,711400,71,1.0,43779,0.061033829,AUBURN GRESHAM,105.0653536
2024,1363,17031270500,Census Tract 2705,1426,270500,27,1.0,20731,0.068785876,EAST GARFIELD PARK,53.88322084
2024,1060,17031271200,Census Tract 2712,1299,271200,27,1.0,20731,0.062659785,EAST GARFIELD PARK,53.88322084
2024,910,17031271300,Census Tract 2713,953,271300,27,1.0,20731,0.045969804,EAST GARFIELD PARK,53.88322084
2024,1094,17031271400,Census Tract 2714,1508,271400,27,1.0,20731,0.072741305,EAST GARFIELD PARK,53.88322084
2024,770,17031350100,Census Tract 3501,2435,350100,35,1.0,21088,0.115468513,DOUGLAS,46.00462115
2024,1395,17031350400,Census Tract 3504,1457,350400,35,1.0,21088,0.069091426,DOUGLAS,46.00462115
2024,3100,17031351000,Census Tract 3510,4259,351000,35,1.0,21088,0.201963202,DOUGLAS,46.00462115
2024,1096,17031351400,Census Tract 3514,1387,351400,35,1.0,21088,0.065772003,DOUGLAS,46.00462115
2024,1881,17031360200,Census Tract 3602,1900,360200,36,1.0,6937,0.273893614,OAKLAND,16.91396104
2024,2747,17031430400,Census Tract 4304,3014,430400,43,1.0,53034,0.056831467,SOUTH SHORE,81.81271638
2024,1599,17031430600,Census Tract 4306,1722,430600,43,1.0,53034,0.032469736,SOUTH SHORE,81.81271638
2024,1890,17031430800,Census Tract 4308,1935,430800,43,1.0,53034,0.036486028,SOUTH SHORE,81.81271638
2024,3530,17031430500,Census Tract 4305,3531,430500,43,1.0,53034,0.06657993,SOUTH SHORE,81.81271638
2024,1506,17031430900,Census Tract 4309,1541,430900,43,1.0,53034,0.029056831,SOUTH SHORE,81.81271638
2024,708,17031610300,Census Tract 6103,5067,610300,61,1.0,40140,0.126233184,NEW CITY,134.6369632
2024,2125,17031681000,Census Tract 6810,2410,681000,68,1.0,23195,0.103901703,ENGLEWOOD,85.65232307
2024,1889,17031681100,Census Tract 6811,2367,681100,68,1.0,23195,0.102047855,ENGLEWOOD,85.65232307
2024,1015,17031680500,Census Tract 6805,1636,680500,68,1.0,23195,0.070532442,ENGLEWOOD,85.65232307
2024,3738,17031680900,Census Tract 6809,3954,680900,68,1.0,23195,0.170467773,ENGLEWOOD,85.65232307
2024,1072,17031720100,Census Tract 7201,3434,720100,72,1.0,19521,0.175913119,BEVERLY,88.77936392
2024,1861,17031720200,Census Tract 7202,3868,720200,72,1.0,19521,0.198145587,BEVERLY,88.77936392
2024,1019,17031720300,Census Tract 7203,3448,720300,72,1.0,19521,0.176630296,BEVERLY,88.77936392
2024,128,17031720400,Census Tract 7204,1927,720400,72,1.0,19521,0.098714205,BEVERLY,88.77936392
2024,32,17031720500,Census Tract 7205,1965,720500,72,1.0,19521,0.100660827,BEVERLY,88.77936392
2024,615,17031720600,Census Tract 7206,1944,720600,72,1.0,19521,0.099585062,BEVERLY,88.77936392
2024,2101,17031720700,Census Tract 7207,2935,720700,72,1.0,19521,0.150350904,BEVERLY,88.77936392
2024,131,17031040600,Census Tract 406,2521,40600,4,1.0,41651,0.060526758,LINCOLN SQUARE,71.35232823
2024,147,17031040700,Census Tract 407,3681,40700,4,1.0,41651,0.08837723,LINCOLN SQUARE,71.35232823
2024,32,17031040800,Census Tract 408,1670,40800,4,1.0,41651,0.040095076,LINCOLN SQUARE,71.35232823
2024,1492,17031380100,Census Tract 3801,1787,380100,38,1.0,25181,0.070966205,GRAND BOULEVARD,48.49250315
2024,1568,17031380200,Census Tract 3802,1689,380200,38,1.0,25181,0.067074381,GRAND BOULEVARD,48.49250315
2024,2804,17031431200,Census Tract 4312,2892,431200,43,1.0,53034,0.054531056,SOUTH SHORE,81.81271638
2024,5782,17031431400,Census Tract 4314,6850,431400,43,1.0,53034,0.129162424,SOUTH SHORE,81.81271638
2024,82,17031050100,Census Tract 501,2163,50100,5,1.0,36014,0.060059977,NORTH CENTER,57.05416784
2024,101,17031610800,Census Tract 6108,1584,610800,61,1.0,40140,0.039461883,NEW CITY,134.6369632
2024,417,17031611300,Census Tract 6113,3365,611300,61,1.0,40140,0.083831589,NEW CITY,134.6369632
2024,86,17031611400,Census Tract 6114,3536,611400,61,1.0,40140,0.088091679,NEW CITY,134.6369632
2024,318,17031611500,Census Tract 6115,3226,611500,61,1.0,40140,0.08036871,NEW CITY,134.6369632
2024,1292,17031611900,Census Tract 6119,1797,611900,61,1.0,40140,0.044768311,NEW CITY,134.6369632
2024,1819,17031681200,Census Tract 6812,2139,681200,68,1.0,23195,0.09221815,ENGLEWOOD,85.65232307
2024,1841,17031691200,Census Tract 6912,1878,691200,69,1.0,29143,0.064440861,GREATER GRAND CROSSING,98.85316769
2024,2577,17031691100,Census Tract 6911,2627,691100,69,1.0,29143,0.090141715,GREATER GRAND CROSSING,98.85316769
2024,2100,17031730100,Census Tract 7301,2236,730100,73,1.0,24851,0.089976259,WASHINGTON HEIGHTS,79.63575286
2024,1046,17031730300,Census Tract 7303,1079,730300,73,1.0,24851,0.043418776,WASHINGTON HEIGHTS,79.63575286
2024,3442,17031730400,Census Tract 7304,3547,730400,73,1.0,24851,0.142730675,WASHINGTON HEIGHTS,79.63575286
2024,4066,17031730500,Census Tract 7305,4067,730500,73,1.0,24851,0.163655386,WASHINGTON HEIGHTS,79.63575286
2024,3152,17031730600,Census Tract 7306,3267,730600,73,1.0,24851,0.131463523,WASHINGTON HEIGHTS,79.63575286
2024,1877,17031381200,Census Tract 3812,1952,381200,38,1.0,25181,0.077518764,GRAND BOULEVARD,48.49250315
2024,1261,17031381400,Census Tract 3814,1579,381400,38,1.0,25181,0.062706008,GRAND BOULEVARD,48.49250315
2024,0,17031381700,Census Tract 3817,0,381700,38,1.0,25181,0.0,GRAND BOULEVARD,48.49250315
2024,4169,17031440300,Census Tract 4403,4400,440300,44,1.0,29895,0.147181803,CHATHAM,82.3206703
2024,656,17031612000,Census Tract 6120,1214,612000,61,1.0,40140,0.030244145,NEW CITY,134.6369632
2024,592,17031612100,Census Tract 6121,961,612100,61,1.0,40140,0.023941206,NEW CITY,134.6369632
2024,155,17031620100,Census Tract 6201,4814,620100,62,1.0,17901,0.268923524,WEST ELSDON,32.71109142
2024,80,17031620200,Census Tract 6202,1947,620200,62,1.0,17901,0.108764873,WEST ELSDON,32.71109142
2024,25,17031620300,Census Tract 6203,6507,620300,62,1.0,17901,0.363499246,WEST ELSDON,32.71109142
2024,2,17031620400,Census Tract 6204,4633,620400,62,1.0,17901,0.258812357,WEST ELSDON,32.71109142
2024,1938,17031730700,Census Tract 7307,2005,730700,73,1.0,24851,0.080680858,WASHINGTON HEIGHTS,79.63575286
2024,56,17031740100,Census Tract 7401,3003,740100,74,1.0,19059,0.157563356,MOUNT GREENWOOD,75.58429001
2024,72,17031740200,Census Tract 7402,6192,740200,74,1.0,19059,0.324885881,MOUNT GREENWOOD,75.58429001
2024,22,17031740300,Census Tract 7403,5266,740300,74,1.0,19059,0.276299911,MOUNT GREENWOOD,75.58429001
2024,635,17031740400,Census Tract 7404,4598,740400,74,1.0,19059,0.241250853,MOUNT GREENWOOD,75.58429001
2024,1415,17031381800,Census Tract 3818,1448,381800,38,1.0,25181,0.057503673,GRAND BOULEVARD,48.49250315
2024,1012,17031381900,Census Tract 3819,1324,381900,38,1.0,25181,0.052579326,GRAND BOULEVARD,48.49250315
2024,1605,17031390100,Census Tract 3901,1887,390100,39,1.0,18417,0.102459684,KENWOOD,29.07174192
2024,1542,17031390200,Census Tract 3902,2012,390200,39,1.0,18417,0.109246891,KENWOOD,29.07174192
2024,2408,17031390300,Census Tract 3903,2531,390300,39,1.0,18417,0.137427377,KENWOOD,29.07174192
2024,2146,17031390400,Census Tract 3904,2499,390400,39,1.0,18417,0.135689852,KENWOOD,29.07174192
2024,923,17031390500,Census Tract 3905,1753,390500,39,1.0,18417,0.095183798,KENWOOD,29.07174192
2024,846,17031390600,Census Tract 3906,1898,390600,39,1.0,18417,0.103056958,KENWOOD,29.07174192
2024,3463,17031390700,Census Tract 3907,5837,390700,39,1.0,18417,0.31693544,KENWOOD,29.07174192
2024,1930,17031440600,Census Tract 4406,1957,440600,44,1.0,29895,0.065462452,CHATHAM,82.3206703
2024,2288,17031440900,Census Tract 4409,2593,440900,44,1.0,29895,0.086736913,CHATHAM,82.3206703
2024,1184,17031440700,Census Tract 4407,1428,440700,44,1.0,29895,0.047767185,CHATHAM,82.3206703
2024,1909,17031440800,Census Tract 4408,1977,440800,44,1.0,29895,0.06613146,CHATHAM,82.3206703
2024,125,17031630300,Census Tract 6303,5193,630300,63,1.0,36081,0.143926166,GAGE PARK,61.2848961
2024,227,17031630500,Census Tract 6305,6026,630500,63,1.0,36081,0.167013109,GAGE PARK,61.2848961
2024,233,17031630800,Census Tract 6308,5928,630800,63,1.0,36081,0.164296998,GAGE PARK,61.2848961
2024,538,17031630900,Census Tract 6309,3998,630900,63,1.0,36081,0.110806242,GAGE PARK,61.2848961
2024,0,17031640100,Census Tract 6401,1464,640100,64,1.0,23629,0.061957764,CLEARING,71.14519237
2024,80,17031640300,Census Tract 6403,6158,640300,64,1.0,23629,0.26061196,CLEARING,71.14519237
2024,2905,17031750100,Census Tract 7501,3246,750100,75,1.0,20865,0.155571531,MORGAN PARK,91.87734068
2024,1646,17031750200,Census Tract 7502,3079,750200,75,1.0,20865,0.147567697,MORGAN PARK,91.87734068
2024,423,17031750300,Census Tract 7503,2493,750300,75,1.0,20865,0.119482387,MORGAN PARK,91.87734068
2024,1085,17031750400,Census Tract 7504,3142,750400,75,1.0,20865,0.150587108,MORGAN PARK,91.87734068
2024,4126,17031750500,Census Tract 7505,5487,750500,75,1.0,20865,0.262976276,MORGAN PARK,91.87734068
2024,921,17031282700,Census Tract 2827,2239,282700,28,1.0,68165,0.032846769,NEAR WEST SIDE,158.4924665
2024,173,17031282800,Census Tract 2828,1727,282800,28,1.0,68165,0.025335583,NEAR WEST SIDE,158.4924665
2024,1196,17031400300,Census Tract 4003,1311,400300,40,1.0,12313,0.106472834,WASHINGTON PARK,42.37388148
2024,2218,17031400500,Census Tract 4005,2308,400500,40,1.0,12313,0.187444165,WASHINGTON PARK,42.37388148
2024,2826,17031400800,Census Tract 4008,2909,400800,40,1.0,12313,0.236254365,WASHINGTON PARK,42.37388148
2024,1071,17031410100,Census Tract 4101,2287,410100,41,1.0,30599,0.074741005,HYDE PARK,45.10538016
2024,1476,17031410500,Census Tract 4105,2887,410500,41,1.0,30599,0.094349489,HYDE PARK,45.10538016
2024,700,17031410600,Census Tract 4106,2600,410600,41,1.0,30599,0.084970097,HYDE PARK,45.10538016
2024,1730,17031460100,Census Tract 4601,2351,460100,46,1.0,27551,0.085332656,SOUTH CHICAGO,93.27218499
2024,2887,17031450300,Census Tract 4503,2968,450300,45,1.0,9071,0.32719656,AVALON PARK,34.85273773
2024,588,17031460200,Census Tract 4602,2196,460200,46,1.0,27551,0.079706726,SOUTH CHICAGO,93.27218499
2024,0,17031640400,Census Tract 6404,3306,640400,64,1.0,23629,0.139912819,CLEARING,71.14519237
2024,132,17031640500,Census Tract 6405,4091,640500,64,1.0,23629,0.173134707,CLEARING,71.14519237
2024,57,17031640600,Census Tract 6406,4042,640600,64,1.0,23629,0.171060984,CLEARING,71.14519237
2024,86,17031640700,Census Tract 6407,3080,640700,64,1.0,23629,0.130348301,CLEARING,71.14519237
2024,17,17031640800,Census Tract 6408,1488,640800,64,1.0,23629,0.062973465,CLEARING,71.14519237
2024,21,17031650100,Census Tract 6501,4283,650100,65,1.0,31942,0.134086782,WEST LAWN,82.31530167
2024,0,17031650200,Census Tract 6502,6782,650200,65,1.0,31942,0.212322334,WEST LAWN,82.31530167
2024,3264,17031750600,Census Tract 7506,3418,750600,75,1.0,20865,0.163815001,MORGAN PARK,91.87734068
2024,503,17031283100,Census Tract 2831,2560,283100,28,1.0,68165,0.03755593,NEAR WEST SIDE,158.4924665
2024,1742,17031283800,Census Tract 2838,3515,283800,28,1.0,68165,0.051566053,NEAR WEST SIDE,158.4924665
2024,867,17031410700,Census Tract 4107,2494,410700,41,1.0,30599,0.081505932,HYDE PARK,45.10538016
2024,758,17031410800,Census Tract 4108,2770,410800,41,1.0,30599,0.090525834,HYDE PARK,45.10538016
2024,809,17031410900,Census Tract 4109,3693,410900,41,1.0,30599,0.120690219,HYDE PARK,45.10538016
2024,1303,17031411000,Census Tract 4110,4548,411000,41,1.0,30599,0.148632308,HYDE PARK,45.10538016
2024,224,17031411100,Census Tract 4111,2359,411100,41,1.0,30599,0.077094023,HYDE PARK,45.10538016
2024,170,17031411200,Census Tract 4112,1698,411200,41,1.0,30599,0.05549201,HYDE PARK,45.10538016
2024,3608,17031460400,Census Tract 4604,3817,460400,46,1.0,27551,0.138543066,SOUTH CHICAGO,93.27218499
2024,4474,17031460500,Census Tract 4605,4954,460500,46,1.0,27551,0.179811985,SOUTH CHICAGO,93.27218499
2024,710,17031461000,Census Tract 4610,1230,461000,46,1.0,27551,0.044644478,SOUTH CHICAGO,93.27218499
2024,1400,17031420100,Census Tract 4201,1431,420100,42,1.0,24355,0.058755902,WOODLAWN,57.8151795
2024,1411,17031420200,Census Tract 4202,2011,420200,42,1.0,24355,0.082570314,WOODLAWN,57.8151795
2024,826,17031420400,Census Tract 4204,1463,420400,42,1.0,24355,0.060069801,WOODLAWN,57.8151795
2024,2241,17031420700,Census Tract 4207,2424,420700,42,1.0,24355,0.099527818,WOODLAWN,57.8151795
2024,1774,17031420800,Census Tract 4208,2146,420800,42,1.0,24355,0.088113324,WOODLAWN,57.8151795
2024,2264,17031470100,Census Tract 4701,2304,470100,47,1.0,2304,1.0,BURNSIDE,16.99598327
2024,1988,17031480100,Census Tract 4801,1989,480100,48,1.0,11229,0.177130644,CALUMET HEIGHTS,48.82624156
2024,1015,17031480200,Census Tract 4802,1029,480200,48,1.0,11229,0.091637724,CALUMET HEIGHTS,48.82624156
2024,1230,17031480300,Census Tract 4803,1296,480300,48,1.0,11229,0.115415442,CALUMET HEIGHTS,48.82624156
2024,3976,17031480400,Census Tract 4804,4084,480400,48,1.0,11229,0.363701131,CALUMET HEIGHTS,48.82624156
2024,157,17031650400,Census Tract 6504,6907,650400,65,1.0,31942,0.216235677,WEST LAWN,82.31530167
2024,532,17031650500,Census Tract 6505,4032,650500,65,1.0,31942,0.12622879,WEST LAWN,82.31530167
2024,173,17031660400,Census Tract 6604,4981,660400,66,1.0,54409,0.091547354,CHICAGO LAWN,98.2794651
2024,4631,17031290900,Census Tract 2909,4870,290900,29,1.0,33958,0.143412451,NORTH LAWNDALE,89.48742201
2024,2070,17031291200,Census Tract 2912,2225,291200,29,1.0,33958,0.065522116,NORTH LAWNDALE,89.48742201
2024,2034,17031421200,Census Tract 4212,2049,421200,42,1.0,24355,0.084130569,WOODLAWN,57.8151795
2024,1243,17031271500,Census Tract 2715,1469,271500,27,1.0,20731,0.070860065,EAST GARFIELD PARK,53.88322084
2024,2170,17031292200,Census Tract 2922,2658,292200,29,1.0,33958,0.078273161,NORTH LAWNDALE,89.48742201
2024,1555,17031292400,Census Tract 2924,1916,292400,29,1.0,33958,0.05642264,NORTH LAWNDALE,89.48742201
2024,2767,17031292500,Census Tract 2925,3310,292500,29,1.0,33958,0.097473349,NORTH LAWNDALE,89.48742201
2024,936,17031271800,Census Tract 2718,1006,271800,27,1.0,20731,0.048526361,EAST GARFIELD PARK,53.88322084
2024,541,17031280100,Census Tract 2801,7742,280100,28,1.0,68165,0.113577349,NEAR WEST SIDE,158.4924665
2024,1303,17031280400,Census Tract 2804,1508,280400,28,1.0,68165,0.02212279,NEAR WEST SIDE,158.4924665
2024,198,17031300600,Census Tract 3006,3260,300600,30,1.0,69884,0.046648732,SOUTH LAWNDALE,127.9982978
2024,299,17031300700,Census Tract 3007,4329,300700,30,1.0,69884,0.06194551,SOUTH LAWNDALE,127.9982978
2024,167,17031301100,Census Tract 3011,2403,301100,30,1.0,69884,0.034385553,SOUTH LAWNDALE,127.9982978
2024,1063,17031301200,Census Tract 3012,4087,301200,30,1.0,69884,0.058482628,SOUTH LAWNDALE,127.9982978
2024,2405,17031480500,Census Tract 4805,2831,480500,48,1.0,11229,0.252115059,CALUMET HEIGHTS,48.82624156
2024,1813,17031490500,Census Tract 4905,1971,490500,49,1.0,36635,0.05380101,ROSELAND,134.3137067
2024,162,17031520200,Census Tract 5202,3485,520200,52,1.0,22687,0.153612201,EAST SIDE,83.24172803
2024,372,17031520300,Census Tract 5203,6186,520300,52,1.0,22687,0.272667166,EAST SIDE,83.24172803
2024,173,17031520400,Census Tract 5204,3589,520400,52,1.0,22687,0.158196324,EAST SIDE,83.24172803
2024,180,17031520500,Census Tract 5205,4908,520500,52,1.0,22687,0.216335346,EAST SIDE,83.24172803
2024,29,17031520600,Census Tract 5206,2703,520600,52,1.0,22687,0.119143122,EAST SIDE,83.24172803
2024,269,17031660500,Census Tract 6605,5650,660500,66,1.0,54409,0.103843114,CHICAGO LAWN,98.2794651
2024,3036,17031660600,Census Tract 6606,6533,660600,66,1.0,54409,0.120072047,CHICAGO LAWN,98.2794651
2024,1303,17031660700,Census Tract 6607,1561,660700,66,1.0,54409,0.028690106,CHICAGO LAWN,98.2794651
2024,3169,17031660800,Census Tract 6608,5876,660800,66,1.0,54409,0.107996839,CHICAGO LAWN,98.2794651
2024,3359,17031660900,Census Tract 6609,5855,660900,66,1.0,54409,0.107610873,CHICAGO LAWN,98.2794651
2024,2717,17031661000,Census Tract 6610,4954,661000,66,1.0,54409,0.091051113,CHICAGO LAWN,98.2794651
2024,952,17031280900,Census Tract 2809,1253,280900,28,1.0,68165,0.018381868,NEAR WEST SIDE,158.4924665
2024,5,17031301600,Census Tract 3016,4228,301600,30,1.0,69884,0.060500258,SOUTH LAWNDALE,127.9982978
2024,1146,17031490600,Census Tract 4906,1344,490600,49,1.0,36635,0.036686229,ROSELAND,134.3137067
2024,2464,17031490700,Census Tract 4907,2494,490700,49,1.0,36635,0.068076976,ROSELAND,134.3137067
2024,3573,17031490800,Census Tract 4908,3573,490800,49,1.0,36635,0.097529685,ROSELAND,134.3137067
2024,2858,17031491000,Census Tract 4910,3412,491000,49,1.0,36635,0.09313498,ROSELAND,134.3137067
2024,3893,17031491100,Census Tract 4911,4062,491100,49,1.0,36635,0.110877576,ROSELAND,134.3137067
2024,3206,17031530200,Census Tract 5302,3779,530200,53,1.0,24549,0.153937024,WEST PULLMAN,99.36519806
2024,3363,17031530300,Census Tract 5303,3482,530300,53,1.0,24549,0.141838771,WEST PULLMAN,99.36519806
2024,2004,17031530400,Census Tract 5304,2102,530400,53,1.0,24549,0.085624669,WEST PULLMAN,99.36519806
2024,2620,17031530600,Census Tract 5306,2620,530600,53,1.0,24549,0.106725325,WEST PULLMAN,99.36519806
2024,241,17031560100,Census Tract 5601,1197,560100,56,1.0,36732,0.03258739,GARFIELD RIDGE,117.8907784
2024,967,17031670200,Census Tract 6702,1355,670200,67,1.0,28144,0.048145253,WEST ENGLEWOOD,87.94769193
2024,948,17031670300,Census Tract 6703,1204,670300,67,1.0,28144,0.042779989,WEST ENGLEWOOD,87.94769193
2024,1176,17031670400,Census Tract 6704,1746,670400,67,1.0,28144,0.06203809,WEST ENGLEWOOD,87.94769193
2024,1917,17031661100,Census Tract 6611,7052,661100,66,1.0,54409,0.12961091,CHICAGO LAWN,98.2794651
2024,961,17031670100,Census Tract 6701,1031,670100,67,1.0,28144,0.03663303,WEST ENGLEWOOD,87.94769193
2024,694,17031670600,Census Tract 6706,1232,670600,67,1.0,28144,0.043774872,WEST ENGLEWOOD,87.94769193
2024,442,17031670700,Census Tract 6707,720,670700,67,1.0,28144,0.025582717,WEST ENGLEWOOD,87.94769193
2024,876,17031670800,Census Tract 6708,1270,670800,67,1.0,28144,0.045125071,WEST ENGLEWOOD,87.94769193
2024,1137,17031670900,Census Tract 6709,1414,670900,67,1.0,28144,0.050241615,WEST ENGLEWOOD,87.94769193
2024,1071,17031260900,Census Tract 2609,1174,260900,26,1.0,15096,0.077768945,WEST GARFIELD PARK,36.09284881
2024,1792,17031261000,Census Tract 2610,1972,261000,26,1.0,15096,0.130630631,WEST GARFIELD PARK,36.09284881
2024,1239,17031281900,Census Tract 2819,6907,281900,28,1.0,68165,0.101327661,NEAR WEST SIDE,158.4924665
2024,123,17031310200,Census Tract 3102,1508,310200,31,1.0,33446,0.045087604,LOWER WEST SIDE,81.55072362
2024,58,17031310300,Census Tract 3103,1560,310300,31,1.0,33446,0.046642349,LOWER WEST SIDE,81.55072362
2024,77,17031310400,Census Tract 3104,1447,310400,31,1.0,33446,0.043263768,LOWER WEST SIDE,81.55072362
2024,82,17031310500,Census Tract 3105,1356,310500,31,1.0,33446,0.040542965,LOWER WEST SIDE,81.55072362
2024,1762,17031491200,Census Tract 4912,1848,491200,49,1.0,36635,0.050443565,ROSELAND,134.3137067
2024,1840,17031491300,Census Tract 4913,2025,491300,49,1.0,36635,0.05527501,ROSELAND,134.3137067
2024,2499,17031491400,Census Tract 4914,2515,491400,49,1.0,36635,0.068650198,ROSELAND,134.3137067
2024,3268,17031500100,Census Tract 5001,3283,500100,50,1.0,6744,0.486803084,PULLMAN,59.00155559
2024,1560,17031500200,Census Tract 5002,1769,500200,50,1.0,6744,0.262307236,PULLMAN,59.00155559
2024,449,17031500300,Census Tract 5003,1692,500300,50,1.0,6744,0.25088968,PULLMAN,59.00155559
2024,830,17031560200,Census Tract 5602,1716,560200,56,1.0,36732,0.046716759,GARFIELD RIDGE,117.8907784
2024,108,17031560300,Census Tract 5603,3343,560300,56,1.0,36732,0.091010563,GARFIELD RIDGE,117.8907784
2024,53,17031560700,Census Tract 5607,3923,560700,56,1.0,36732,0.10680061,GARFIELD RIDGE,117.8907784
2024,142,17031560800,Census Tract 5608,6415,560800,56,1.0,36732,0.174643363,GARFIELD RIDGE,117.8907784
2024,2,17031560900,Census Tract 5609,5175,560900,56,1.0,36732,0.140885332,GARFIELD RIDGE,117.8907784
2024,358,17031561000,Census Tract 5610,5904,561000,56,1.0,36732,0.160731787,GARFIELD RIDGE,117.8907784
2024,1174,17031030101,Census Tract 301.01,3515,30101,77,1.0,56563,0.062143097,EDGEWATER,48.44999083
2024,496,17031030701,Census Tract 307.01,1516,30701,77,1.0,56563,0.026801973,EDGEWATER,48.44999083
2024,176,17031070103,Census Tract 701.03,1489,70103,7,1.0,67987,0.021901246,LINCOLN PARK,88.31640046
2024,93,17031831900,Census Tract 8319,2991,831900,6,1.0,102827,0.029087691,LAKE VIEW,87.21479926
2024,61,17031832600,Census Tract 8326,4150,832600,7,1.0,67987,0.061041081,LINCOLN PARK,88.31640046
2024,2046,17031836900,Census Tract 8369,2181,836900,27,1.0,20731,0.105204766,EAST GARFIELD PARK,53.88322084
2024,256,17031841200,Census Tract 8412,5004,841200,31,1.0,33446,0.149614304,LOWER WEST SIDE,81.55072362
2024,1252,17031839500,Census Tract 8395,1827,839500,35,1.0,21088,0.08663695,DOUGLAS,46.00462115
2024,1832,17031835800,Census Tract 8358,2031,835800,38,1.0,25181,0.08065605,GRAND BOULEVARD,48.49250315
2024,1478,17031838800,Census Tract 8388,2396,838800,51,1.0,12854,0.18640112,SOUTH DEERING,303.7970596
2024,747,17031842300,Census Tract 8423,3490,842300,24,1.0,88197,0.039570507,WEST TOWN,127.5629046
2024,1648,17031841900,Census Tract 8419,6567,841900,28,1.0,68165,0.096339764,NEAR WEST SIDE,158.4924665
2024,112,17031843200,Census Tract 8432,2135,843200,31,1.0,33446,0.06383424,LOWER WEST SIDE,81.55072362
2024,746,17031843400,Census Tract 8434,1279,843400,29,1.0,33958,0.037664173,NORTH LAWNDALE,89.48742201
2024,658,17031842600,Census Tract 8426,4223,842600,61,1.0,40140,0.105206776,NEW CITY,134.6369632
2024,39,17031301803,Census Tract 3018.03,3183,301803,30,1.0,69884,0.045546906,SOUTH LAWNDALE,127.9982978
2024,1271,17031010300,Census Tract 103,6477,10300,1,1.0,54173,0.119561405,ROGERS PARK,51.25990244
2024,444,17031010400,Census Tract 104,4545,10400,1,1.0,54173,0.083897883,ROGERS PARK,51.25990244
2024,1176,17031010600,Census Tract 106,6467,10600,1,1.0,54173,0.119376811,ROGERS PARK,51.25990244
2024,1953,17031020100,Census Tract 201,4159,20100,2,1.0,78373,0.053066745,WEST RIDGE,98.42909484
2024,820,17031280800,Census Tract 2808,869,280800,28,1.0,68165,0.012748478,NEAR WEST SIDE,158.4924665
2024,662,17031420300,Census Tract 4203,2511,420300,42,1.0,24355,0.103099979,WOODLAWN,57.8151795
2024,37,17031100200,Census Tract 1002,7742,100200,10,1.0,39530,0.195851252,NORWOOD PARK,121.9591054
2024,642,17031020200,Census Tract 202,7632,20200,2,1.0,78373,0.097380475,WEST RIDGE,98.42909484
2024,12,17031130200,Census Tract 1302,1394,130200,13,1.0,18356,0.075942471,NORTH PARK,70.28870642
2024,1323,17031020400,Census Tract 204,4363,20400,2,1.0,78373,0.055669682,WEST RIDGE,98.42909484
2024,174,17031080202,Census Tract 802.02,3987,80202,8,1.0,107331,0.03714677,NEAR NORTH SIDE,76.67589596
2024,42,17031240200,Census Tract 2402,1743,240200,24,1.0,88197,0.019762577,WEST TOWN,127.5629046
2024,528,17031611800,Census Tract 6118,1353,611800,61,1.0,40140,0.033707025,NEW CITY,134.6369632
2024,154,17031060200,Census Tract 602,2176,60200,6,1.0,102827,0.021161757,LAKE VIEW,87.21479926
2024,756,17031221200,Census Tract 2212,3096,221200,22,1.0,71160,0.043507589,LOGAN SQUARE,100.0575667
2024,182,17031061200,Census Tract 612,1954,61200,6,1.0,102827,0.019002791,LAKE VIEW,87.21479926
2024,285,17031030200,Census Tract 302,5791,30200,77,1.0,56563,0.102381415,EDGEWATER,48.44999083
2024,431,17031030300,Census Tract 303,2956,30300,77,1.0,56563,0.052260312,EDGEWATER,48.44999083
2024,174,17031030400,Census Tract 304,2716,30400,77,1.0,56563,0.048017255,EDGEWATER,48.44999083
2024,186,17031030900,Census Tract 309,2818,30900,77,1.0,56563,0.049820554,EDGEWATER,48.44999083
2024,232,17031031000,Census Tract 310,4108,31000,3,1.0,56344,0.072909272,UPTOWN,65.09564272
2024,35,17031600600,Census Tract 6006,2668,600600,60,1.0,33675,0.079227914,BRIDGEPORT,58.29151927
2024,2727,17031420600,Census Tract 4206,2980,420600,42,1.0,24355,0.122356806,WOODLAWN,57.8151795
2024,143,17031110100,Census Tract 1101,5401,110100,11,1.0,26649,0.20267177,JEFFERSON PARK,64.86816167
2024,389,17031031400,Census Tract 314,4697,31400,3,1.0,56344,0.083362914,UPTOWN,65.09564272
2024,102,17031040900,Census Tract 409,2267,40900,4,1.0,41651,0.054428465,LINCOLN SQUARE,71.35232823
2024,213,17031050200,Census Tract 502,5862,50200,5,1.0,36014,0.162770034,NORTH CENTER,57.05416784
2024,105,17031050300,Census Tract 503,2973,50300,5,1.0,36014,0.08255123,NORTH CENTER,57.05416784
2024,91,17031071700,Census Tract 717,1656,71700,7,1.0,67987,0.024357598,LINCOLN PARK,88.31640046
2024,111,17031031800,Census Tract 318,1765,31800,3,1.0,56344,0.03132543,UPTOWN,65.09564272
2024,1004,17031031700,Census Tract 317,5851,31700,3,1.0,56344,0.103844243,UPTOWN,65.09564272
2024,293,17031610400,Census Tract 6104,2063,610400,61,1.0,40140,0.051395117,NEW CITY,134.6369632
2024,37,17031050600,Census Tract 506,2375,50600,5,1.0,36014,0.065946576,NORTH CENTER,57.05416784
2024,111,17031050500,Census Tract 505,5221,50500,5,1.0,36014,0.1449714,NORTH CENTER,57.05416784
2024,107,17031071600,Census Tract 716,1783,71600,7,1.0,67987,0.026225602,LINCOLN PARK,88.31640046
2024,739,17031671400,Census Tract 6714,1516,671400,67,1.0,28144,0.053865833,WEST ENGLEWOOD,87.94769193
2024,25,17031062300,Census Tract 623,1596,62300,6,1.0,102827,0.015521215,LAKE VIEW,87.21479926
2024,120,17031630400,Census Tract 6304,7455,630400,63,1.0,36081,0.206618442,GAGE PARK,61.2848961
2024,1653,17031010100,Census Tract 101,4198,10100,1,1.0,54173,0.077492478,ROGERS PARK,51.25990244
2024,1141,17031680600,Census Tract 6806,1205,680600,68,1.0,23195,0.051950851,ENGLEWOOD,85.65232307
2024,705,17031030500,Census Tract 305,6518,30500,77,1.0,56563,0.11523434,EDGEWATER,48.44999083
2024,2155,17031020500,Census Tract 205,6625,20500,2,1.0,78373,0.084531663,WEST RIDGE,98.42909484
2024,641,17031081300,Census Tract 813,5704,81300,8,1.0,107331,0.053144012,NEAR NORTH SIDE,76.67589596
2024,1057,17031081000,Census Tract 810,8264,81000,8,1.0,107331,0.076995463,NEAR NORTH SIDE,76.67589596
2024,284,17031130100,Census Tract 1301,5418,130100,13,1.0,18356,0.295162345,NORTH PARK,70.28870642
2024,50,17031170200,Census Tract 1702,3553,170200,17,1.0,41233,0.086168845,DUNNING,103.5950012
2024,174,17031170300,Census Tract 1703,4794,170300,17,1.0,41233,0.116266098,DUNNING,103.5950012
2024,255,17031170400,Census Tract 1704,4074,170400,17,1.0,41233,0.098804356,DUNNING,103.5950012
2024,434,17031170500,Census Tract 1705,4899,170500,17,1.0,41233,0.118812602,DUNNING,103.5950012
2024,86,17031170600,Census Tract 1706,2500,170600,17,1.0,41233,0.060631048,DUNNING,103.5950012
2024,142,17031170700,Census Tract 1707,3323,170700,17,1.0,41233,0.080590789,DUNNING,103.5950012
2024,363,17031170800,Census Tract 1708,4097,170800,17,1.0,41233,0.099362161,DUNNING,103.5950012
2024,2847,17031251400,Census Tract 2514,3170,251400,25,1.0,97452,0.032528835,AUSTIN,199.2542034
2024,1212,17031260300,Census Tract 2603,1429,260300,26,1.0,15096,0.094660837,WEST GARFIELD PARK,36.09284881
2024,1920,17031260500,Census Tract 2605,1985,260500,26,1.0,15096,0.131491786,WEST GARFIELD PARK,36.09284881
2024,1588,17031260600,Census Tract 2606,1793,260600,26,1.0,15096,0.118773185,WEST GARFIELD PARK,36.09284881
2024,970,17031260700,Census Tract 2607,1198,260700,26,1.0,15096,0.079358771,WEST GARFIELD PARK,36.09284881
2024,1719,17031260800,Census Tract 2608,1719,260800,26,1.0,15096,0.113871224,WEST GARFIELD PARK,36.09284881
2024,45,17031050700,Census Tract 507,1470,50700,5,1.0,36014,0.04081746,NORTH CENTER,57.05416784
2024,118,17031050900,Census Tract 509,1456,50900,5,1.0,36014,0.040428722,NORTH CENTER,57.05416784
2024,122,17031051000,Census Tract 510,1641,51000,5,1.0,36014,0.045565613,NORTH CENTER,57.05416784
2024,29,17031051100,Census Tract 511,1851,51100,5,1.0,36014,0.051396679,NORTH CENTER,57.05416784
2024,55,17031051200,Census Tract 512,1536,51200,5,1.0,36014,0.042650081,NORTH CENTER,57.05416784
2024,108,17031170900,Census Tract 1709,1854,170900,17,1.0,41233,0.044963985,DUNNING,103.5950012
2024,83,17031171000,Census Tract 1710,6178,171000,17,1.0,41233,0.149831446,DUNNING,103.5950012
2024,168,17031171100,Census Tract 1711,3876,171100,17,1.0,41233,0.094002377,DUNNING,103.5950012
2024,578,17031180100,Census Tract 1801,7040,180100,18,1.0,14280,0.492997199,MONTCLARE,27.57639363
2024,120,17031190100,Census Tract 1901,2423,190100,19,1.0,72088,0.033611697,BELMONT CRAGIN,109.0994147
2024,52,17031222200,Census Tract 2222,2151,222200,22,1.0,71160,0.030227656,LOGAN SQUARE,100.0575667
2024,52,17031222500,Census Tract 2225,1241,222500,22,1.0,71160,0.017439573,LOGAN SQUARE,100.0575667
2024,93,17031222600,Census Tract 2226,1465,222600,22,1.0,71160,0.020587409,LOGAN SQUARE,100.0575667
2024,3263,17031251500,Census Tract 2515,4489,251500,25,1.0,97452,0.046063703,AUSTIN,199.2542034
2024,2307,17031251600,Census Tract 2516,3983,251600,25,1.0,97452,0.040871403,AUSTIN,199.2542034
2024,925,17031251700,Census Tract 2517,1368,251700,25,1.0,97452,0.01403768,AUSTIN,199.2542034
2024,4195,17031251800,Census Tract 2518,4532,251800,25,1.0,97452,0.046504946,AUSTIN,199.2542034
2024,4844,17031251900,Census Tract 2519,5519,251900,25,1.0,97452,0.056633009,AUSTIN,199.2542034
2024,4692,17031252000,Census Tract 2520,5643,252000,25,1.0,97452,0.05790543,AUSTIN,199.2542034
2024,240,17031130300,Census Tract 1303,4944,130300,13,1.0,18356,0.269339725,NORTH PARK,70.28870642
2024,547,17031190200,Census Tract 1902,5766,190200,19,1.0,72088,0.079985573,BELMONT CRAGIN,109.0994147
2024,300,17031190300,Census Tract 1903,5728,190300,19,1.0,72088,0.07945844,BELMONT CRAGIN,109.0994147
2024,375,17031190800,Census Tract 1908,6018,190800,19,1.0,72088,0.083481301,BELMONT CRAGIN,109.0994147
2024,1030,17031260100,Census Tract 2601,1106,260100,26,1.0,15096,0.073264441,WEST GARFIELD PARK,36.09284881
2024,1022,17031260200,Census Tract 2602,1209,260200,26,1.0,15096,0.08008744,WEST GARFIELD PARK,36.09284881
2024,537,17031530100,Census Tract 5301,1678,530100,53,1.0,24549,0.06835309,WEST PULLMAN,99.36519806
2024,58,17031061800,Census Tract 618,1152,61800,6,1.0,102827,0.011203283,LAKE VIEW,87.21479926
2024,320,17031410200,Census Tract 4102,1133,410200,41,1.0,30599,0.037027354,HYDE PARK,45.10538016
2024,192,17031222900,Census Tract 2229,1171,222900,22,1.0,71160,0.016455874,LOGAN SQUARE,100.0575667
2024,333,17031241000,Census Tract 2410,1948,241000,24,1.0,88197,0.022086919,WEST TOWN,127.5629046
2024,111,17031190900,Census Tract 1909,1818,190900,19,1.0,72088,0.025219177,BELMONT CRAGIN,109.0994147
2024,131,17031191200,Census Tract 1912,3836,191200,19,1.0,72088,0.05321274,BELMONT CRAGIN,109.0994147
2024,120,17031200100,Census Tract 2001,4004,200100,20,1.0,22576,0.177356485,HERMOSA,32.6020594
2024,140,17031200200,Census Tract 2002,4601,200200,20,1.0,22576,0.203800496,HERMOSA,32.6020594
2024,188,17031200300,Census Tract 2003,1858,200300,20,1.0,22576,0.082299787,HERMOSA,32.6020594
2024,267,17031222700,Census Tract 2227,2035,222700,22,1.0,71160,0.028597527,LOGAN SQUARE,100.0575667
2024,327,17031230100,Census Tract 2301,1516,230100,23,1.0,56153,0.026997667,HUMBOLDT PARK,100.4808765
2024,297,17031230200,Census Tract 2302,1936,230200,23,1.0,56153,0.034477232,HUMBOLDT PARK,100.4808765
2024,195,17031230300,Census Tract 2303,967,230300,23,1.0,56153,0.017220807,HUMBOLDT PARK,100.4808765
2024,354,17031230400,Census Tract 2304,2122,230400,23,1.0,56153,0.037789611,HUMBOLDT PARK,100.4808765
2024,915,17031230500,Census Tract 2305,3673,230500,23,1.0,56153,0.065410575,HUMBOLDT PARK,100.4808765
2024,1901,17031351100,Census Tract 3511,2000,351100,35,1.0,21088,0.094840668,DOUGLAS,46.00462115
2024,309,17031611700,Census Tract 6117,1703,611700,61,1.0,40140,0.042426507,NEW CITY,134.6369632
2024,157,17031300500,Census Tract 3005,3355,300500,30,1.0,69884,0.048008128,SOUTH LAWNDALE,127.9982978
2024,607,17031381500,Census Tract 3815,669,381500,38,1.0,25181,0.02656765,GRAND BOULEVARD,48.49250315
2024,1577,17031420500,Census Tract 4205,1751,420500,42,1.0,24355,0.071894888,WOODLAWN,57.8151795
2024,256,17031081500,Census Tract 815,5237,81500,8,1.0,107331,0.048792986,NEAR NORTH SIDE,76.67589596
2024,316,17031081600,Census Tract 816,4553,81600,8,1.0,107331,0.042420177,NEAR NORTH SIDE,76.67589596
2024,267,17031081700,Census Tract 817,5161,81700,8,1.0,107331,0.048084896,NEAR NORTH SIDE,76.67589596
2024,565,17031081800,Census Tract 818,13521,81800,8,1.0,107331,0.125974788,NEAR NORTH SIDE,76.67589596
2024,129,17031081900,Census Tract 819,1326,81900,8,1.0,107331,0.012354306,NEAR NORTH SIDE,76.67589596
2024,114,17031222800,Census Tract 2228,945,222800,22,1.0,71160,0.013279933,LOGAN SQUARE,100.0575667
2024,211,17031050800,Census Tract 508,1448,50800,5,1.0,36014,0.040206586,NORTH CENTER,57.05416784
2024,198,17031210100,Census Tract 2101,4206,210100,21,1.0,35533,0.11836884,AVONDALE,55.29059546
2024,525,17031210400,Census Tract 2104,3095,210400,21,1.0,35533,0.08710213,AVONDALE,55.29059546
2024,983,17031230700,Census Tract 2307,5345,230700,23,1.0,56153,0.095186366,HUMBOLDT PARK,100.4808765
2024,50,17031230800,Census Tract 2308,993,230800,23,1.0,56153,0.017683828,HUMBOLDT PARK,100.4808765
2024,309,17031230900,Census Tract 2309,4792,230900,23,1.0,56153,0.085338272,HUMBOLDT PARK,100.4808765
2024,59,17031550200,Census Tract 5502,2692,550200,55,1.0,8853,0.304077714,HEGEWISCH,145.9657414
2024,635,17031670500,Census Tract 6705,1294,670500,67,1.0,28144,0.045977828,WEST ENGLEWOOD,87.94769193
2024,63,17031580800,Census Tract 5808,2018,580800,58,1.0,42994,0.046936782,BRIGHTON PARK,75.8927903
2024,2317,17031230600,Census Tract 2306,8582,230600,23,1.0,56153,0.15283244,HUMBOLDT PARK,100.4808765
2024,116,17031242300,Census Tract 2423,3208,242300,24,1.0,88197,0.036373119,WEST TOWN,127.5629046
2024,315,17031242200,Census Tract 2422,4182,242200,24,1.0,88197,0.047416579,WEST TOWN,127.5629046
2024,1232,17031032100,Census Tract 321,7442,32100,3,1.0,56344,0.132081499,UPTOWN,65.09564272
2024,0,17031300800,Census Tract 3008,3764,300800,30,1.0,69884,0.053860683,SOUTH LAWNDALE,127.9982978
2024,539,17031060900,Census Tract 609,7283,60900,6,1.0,102827,0.070827701,LAKE VIEW,87.21479926
2024,199,17031061000,Census Tract 610,2284,61000,6,1.0,102827,0.022212065,LAKE VIEW,87.21479926
2024,143,17031210700,Census Tract 2107,3769,210700,21,1.0,35533,0.106070413,AVONDALE,55.29059546
2024,173,17031291600,Census Tract 2916,1506,291600,29,1.0,33958,0.044348902,NORTH LAWNDALE,89.48742201
2024,1794,17031400400,Census Tract 4004,2059,400400,40,1.0,12313,0.167221636,WASHINGTON PARK,42.37388148
2024,285,17031191100,Census Tract 1911,6279,191100,19,1.0,72088,0.087101875,BELMONT CRAGIN,109.0994147
2024,31,17031120100,Census Tract 1201,4284,120100,12,1.0,19901,0.215265565,FOREST GLEN,89.13089362
2024,686,17031611200,Census Tract 6112,2586,611200,61,1.0,40140,0.064424514,NEW CITY,134.6369632
2024,1,17031300900,Census Tract 3009,4267,300900,30,1.0,69884,0.061058325,SOUTH LAWNDALE,127.9982978
2024,46,17031061100,Census Tract 611,1368,61100,6,1.0,102827,0.013303899,LAKE VIEW,87.21479926
2024,89,17031061500,Census Tract 615,1811,61500,6,1.0,102827,0.017612106,LAKE VIEW,87.21479926
2024,81,17031062000,Census Tract 620,3021,62000,6,1.0,102827,0.029379443,LAKE VIEW,87.21479926
2024,50,17031062100,Census Tract 621,3841,62100,6,1.0,102827,0.037354002,LAKE VIEW,87.21479926
2024,94,17031062200,Census Tract 622,3119,62200,6,1.0,102827,0.0303325,LAKE VIEW,87.21479926
2024,246,17031090200,Census Tract 902,6618,90200,9,1.0,11558,0.572590414,EDISON PARK,31.63631378
2024,41,17031090100,Census Tract 901,3567,90100,9,1.0,11558,0.308617408,EDISON PARK,31.63631378
2024,1280,17031260400,Census Tract 2604,1511,260400,26,1.0,15096,0.10009274,WEST GARFIELD PARK,36.09284881
2024,698,17031351500,Census Tract 3515,973,351500,35,1.0,21088,0.046139985,DOUGLAS,46.00462115
2024,83,17031210800,Census Tract 2108,1073,210800,21,1.0,35533,0.030197281,AVONDALE,55.29059546
2024,271,17031210900,Census Tract 2109,3060,210900,21,1.0,35533,0.086117131,AVONDALE,55.29059546
2024,228,17031081100,Census Tract 811,3984,81100,8,1.0,107331,0.037118819,NEAR NORTH SIDE,76.67589596
2024,162,17031241200,Census Tract 2412,1692,241200,24,1.0,88197,0.019184326,WEST TOWN,127.5629046
2024,2581,17031031200,Census Tract 312,5298,31200,3,1.0,56344,0.094029533,UPTOWN,65.09564272
2024,12,17031062500,Census Tract 625,1435,62500,6,1.0,102827,0.013955479,LAKE VIEW,87.21479926
2024,30,17031062600,Census Tract 626,2317,62600,6,1.0,102827,0.022532992,LAKE VIEW,87.21479926
2024,130,17031062700,Census Tract 627,3152,62700,6,1.0,102827,0.030653428,LAKE VIEW,87.21479926
2024,66,17031062800,Census Tract 628,3925,62800,6,1.0,102827,0.038170908,LAKE VIEW,87.21479926
2024,172,17031062900,Census Tract 629,4232,62900,6,1.0,102827,0.041156506,LAKE VIEW,87.21479926
2024,129,17031063000,Census Tract 630,3062,63000,6,1.0,102827,0.029778171,LAKE VIEW,87.21479926
2024,56,17031062400,Census Tract 624,1803,62400,6,1.0,102827,0.017534305,LAKE VIEW,87.21479926
2024,100,17031063100,Census Tract 631,2336,63100,6,1.0,102827,0.022717769,LAKE VIEW,87.21479926
2024,694,17031063200,Census Tract 632,6806,63200,6,1.0,102827,0.066188841,LAKE VIEW,87.21479926
2024,140,17031063400,Census Tract 634,2244,63400,6,1.0,102827,0.021823062,LAKE VIEW,87.21479926
2024,0,17031090300,Census Tract 903,1373,90300,9,1.0,11558,0.118792179,EDISON PARK,31.63631378
2024,60,17031100100,Census Tract 1001,5850,100100,10,1.0,39530,0.147988869,NORWOOD PARK,121.9591054
2024,50,17031100300,Census Tract 1003,6495,100300,10,1.0,39530,0.164305591,NORWOOD PARK,121.9591054
2024,344,17031140100,Census Tract 1401,3610,140100,14,1.0,45538,0.079274452,ALBANY PARK,53.54223081
2024,696,17031140200,Census Tract 1402,6048,140200,14,1.0,45538,0.132812157,ALBANY PARK,53.54223081
2024,77,17031140400,Census Tract 1404,5850,140400,14,1.0,45538,0.12846414,ALBANY PARK,53.54223081
2024,96,17031140500,Census Tract 1405,3315,140500,14,1.0,45538,0.072796346,ALBANY PARK,53.54223081
2024,473,17031242700,Census Tract 2427,1880,242700,24,1.0,88197,0.021315918,WEST TOWN,127.5629046
2024,179,17031070200,Census Tract 702,4035,70200,7,1.0,67987,0.059349582,LINCOLN PARK,88.31640046
2024,170,17031070300,Census Tract 703,3711,70300,7,1.0,67987,0.054583965,LINCOLN PARK,88.31640046
2024,43,17031070400,Census Tract 704,3433,70400,7,1.0,67987,0.050494948,LINCOLN PARK,88.31640046
2024,194,17031070500,Census Tract 705,3238,70500,7,1.0,67987,0.047626752,LINCOLN PARK,88.31640046
2024,20,17031070600,Census Tract 706,3477,70600,7,1.0,67987,0.05114213,LINCOLN PARK,88.31640046
2024,300,17031070700,Census Tract 707,3787,70700,7,1.0,67987,0.055701825,LINCOLN PARK,88.31640046
2024,3,17031100400,Census Tract 1004,3350,100400,10,1.0,39530,0.084745763,NORWOOD PARK,121.9591054
2024,148,17031100600,Census Tract 1006,4806,100600,10,1.0,39530,0.121578548,NORWOOD PARK,121.9591054
2024,177,17031100700,Census Tract 1007,5335,100700,10,1.0,39530,0.134960789,NORWOOD PARK,121.9591054
2024,273,17031110200,Census Tract 1102,2871,110200,11,1.0,26649,0.107733874,JEFFERSON PARK,64.86816167
2024,514,17031150200,Census Tract 1502,7406,150200,15,1.0,63031,0.117497739,PORTAGE PARK,110.1960971
2024,178,17031150300,Census Tract 1503,7180,150300,15,1.0,63031,0.113912202,PORTAGE PARK,110.1960971
2024,44,17031140800,Census Tract 1408,5924,140800,14,1.0,45538,0.130089156,ALBANY PARK,53.54223081
2024,4076,17031231200,Census Tract 2312,6098,231200,23,1.0,56153,0.108596157,HUMBOLDT PARK,100.4808765
2024,750,17031231100,Census Tract 2311,1248,231100,23,1.0,56153,0.022224992,HUMBOLDT PARK,100.4808765
2024,49,17031242400,Census Tract 2424,3084,242400,24,1.0,88197,0.034967176,WEST TOWN,127.5629046
2024,286,17031242500,Census Tract 2425,3394,242500,24,1.0,88197,0.038482035,WEST TOWN,127.5629046
2024,51,17031120200,Census Tract 1202,4600,120200,12,1.0,19901,0.231144164,FOREST GLEN,89.13089362
2024,22,17031120300,Census Tract 1203,7025,120300,12,1.0,19901,0.352997337,FOREST GLEN,89.13089362
2024,268,17031120400,Census Tract 1204,3992,120400,12,1.0,19901,0.200592935,FOREST GLEN,89.13089362
2024,2844,17031231500,Census Tract 2315,6045,231500,23,1.0,56153,0.107652307,HUMBOLDT PARK,100.4808765
2024,154,17031071100,Census Tract 711,2979,71100,7,1.0,67987,0.0438172,LINCOLN PARK,88.31640046
2024,246,17031071000,Census Tract 710,4159,71000,7,1.0,67987,0.06117346,LINCOLN PARK,88.31640046
2024,48,17031071200,Census Tract 712,2775,71200,7,1.0,67987,0.040816627,LINCOLN PARK,88.31640046
2024,2,17031071300,Census Tract 713,4123,71300,7,1.0,67987,0.060643947,LINCOLN PARK,88.31640046
2024,21,17031110300,Census Tract 1103,5183,110300,11,1.0,26649,0.194491351,JEFFERSON PARK,64.86816167
2024,109,17031220300,Census Tract 2203,2142,220300,22,1.0,71160,0.03010118,LOGAN SQUARE,100.0575667
2024,198,17031220400,Census Tract 2204,2530,220400,22,1.0,71160,0.035553682,LOGAN SQUARE,100.0575667
2024,188,17031220500,Census Tract 2205,2897,220500,22,1.0,71160,0.040711074,LOGAN SQUARE,100.0575667
2024,26,17031240300,Census Tract 2403,1299,240300,24,1.0,88197,0.014728392,WEST TOWN,127.5629046
2024,13,17031240500,Census Tract 2405,2329,240500,24,1.0,88197,0.026406794,WEST TOWN,127.5629046
2024,38,17031060400,Census Tract 604,3533,60400,6,1.0,102827,0.03435868,LAKE VIEW,87.21479926
2024,109,17031060500,Census Tract 605,1329,60500,6,1.0,102827,0.012924621,LAKE VIEW,87.21479926
2024,254,17031240800,Census Tract 2408,1583,240800,24,1.0,88197,0.017948456,WEST TOWN,127.5629046
2024,46,17031240600,Census Tract 2406,1739,240600,24,1.0,88197,0.019717224,WEST TOWN,127.5629046
2024,383,17031240700,Census Tract 2407,1509,240700,24,1.0,88197,0.017109425,WEST TOWN,127.5629046
2024,282,17031240900,Census Tract 2409,1247,240900,24,1.0,88197,0.014138803,WEST TOWN,127.5629046
2024,1207,17031242600,Census Tract 2426,5888,242600,24,1.0,88197,0.06675964,WEST TOWN,127.5629046
2024,200,17031310600,Census Tract 3106,5872,310600,31,1.0,33446,0.175566585,LOWER WEST SIDE,81.55072362
2024,145,17031310700,Census Tract 3107,1583,310700,31,1.0,33446,0.047330025,LOWER WEST SIDE,81.55072362
2024,0,17031310800,Census Tract 3108,4013,310800,31,1.0,33446,0.119984453,LOWER WEST SIDE,81.55072362
2024,540,17031020602,Census Tract 206.02,4790,20602,2,1.0,78373,0.061117987,WEST RIDGE,98.42909484
2024,361,17031310900,Census Tract 3109,4998,310900,31,1.0,33446,0.14943491,LOWER WEST SIDE,81.55072362
2024,196,17031510100,Census Tract 5101,3129,510100,51,1.0,12854,0.243426171,SOUTH DEERING,303.7970596
2024,2173,17031510200,Census Tract 5102,2985,510200,51,1.0,12854,0.232223432,SOUTH DEERING,303.7970596
2024,59,17031561100,Census Tract 5611,5564,561100,56,1.0,36732,0.151475553,GARFIELD RIDGE,117.8907784
2024,147,17031190701,Census Tract 1907.01,2684,190701,19,1.0,72088,0.037232272,BELMONT CRAGIN,109.0994147
2024,1850,17031020901,Census Tract 209.01,6256,20901,2,1.0,78373,0.079823409,WEST RIDGE,98.42909484
2024,697,17031010202,Census Tract 102.02,2482,10202,1,1.0,54173,0.045816181,ROGERS PARK,51.25990244
2024,0,17031570100,Census Tract 5701,1299,570100,57,1.0,13414,0.096839123,ARCHER HEIGHTS,55.92250571
2024,56,17031570200,Census Tract 5702,2111,570200,57,1.0,13414,0.157372894,ARCHER HEIGHTS,55.92250571
2024,1,17031570300,Census Tract 5703,5801,570300,57,1.0,13414,0.432458625,ARCHER HEIGHTS,55.92250571
2024,14,17031570400,Census Tract 5704,1668,570400,57,1.0,13414,0.124347696,ARCHER HEIGHTS,55.92250571
2024,248,17031570500,Census Tract 5705,2535,570500,57,1.0,13414,0.188981661,ARCHER HEIGHTS,55.92250571
2024,2928,17031690400,Census Tract 6904,3319,690400,69,1.0,29143,0.113886697,GREATER GRAND CROSSING,98.85316769
2024,2015,17031691300,Census Tract 6913,2106,691300,69,1.0,29143,0.072264352,GREATER GRAND CROSSING,98.85316769
2024,3255,17031691400,Census Tract 6914,3323,691400,69,1.0,29143,0.114023951,GREATER GRAND CROSSING,98.85316769
2024,1666,17031691500,Census Tract 6915,1667,691500,69,1.0,29143,0.0572007,GREATER GRAND CROSSING,98.85316769
2024,678,17031320400,Census Tract 3204,3530,320400,32,1.0,42550,0.082961222,LOOP,46.33556545
2024,103,17031580100,Census Tract 5801,2167,580100,58,1.0,42994,0.050402382,BRIGHTON PARK,75.8927903
2024,157,17031580200,Census Tract 5802,3049,580200,58,1.0,42994,0.070916872,BRIGHTON PARK,75.8927903
2024,35,17031580300,Census Tract 5803,2311,580300,58,1.0,42994,0.053751686,BRIGHTON PARK,75.8927903
2024,213,17031580400,Census Tract 5804,4236,580400,58,1.0,42994,0.098525376,BRIGHTON PARK,75.8927903
2024,132,17031580600,Census Tract 5806,5948,580600,58,1.0,42994,0.138344885,BRIGHTON PARK,75.8927903
2024,627,17031580700,Census Tract 5807,5822,580700,58,1.0,42994,0.135414244,BRIGHTON PARK,75.8927903
2024,1972,17031681300,Census Tract 6813,2014,681300,68,1.0,23195,0.086829058,ENGLEWOOD,85.65232307
2024,1807,17031681400,Census Tract 6814,1811,681400,68,1.0,23195,0.078077172,ENGLEWOOD,85.65232307
2024,1424,17031690300,Census Tract 6903,1709,690300,69,1.0,29143,0.058641869,GREATER GRAND CROSSING,98.85316769
2024,671,17031690500,Census Tract 6905,704,690500,69,1.0,29143,0.024156744,GREATER GRAND CROSSING,98.85316769
2024,3724,17031690900,Census Tract 6909,3923,690900,69,1.0,29143,0.134612085,GREATER GRAND CROSSING,98.85316769
2024,2426,17031691000,Census Tract 6910,2572,691000,69,1.0,29143,0.088254469,GREATER GRAND CROSSING,98.85316769
2024,1844,17031700100,Census Tract 7001,3380,700100,70,1.0,42007,0.08046278,ASHBURN,135.4603372
2024,1011,17031700200,Census Tract 7002,6981,700200,70,1.0,42007,0.166186588,ASHBURN,135.4603372
2024,958,17031320600,Census Tract 3206,6262,320600,32,1.0,42550,0.147168038,LOOP,46.33556545
2024,1250,17031330200,Census Tract 3302,3981,330200,33,1.0,30482,0.130601667,NEAR SOUTH SIDE,49.76963944
2024,179,17031590500,Census Tract 5905,1630,590500,59,1.0,14854,0.109734752,MCKINLEY PARK,39.43179964
2024,200,17031590600,Census Tract 5906,3706,590600,59,1.0,14854,0.249495085,MCKINLEY PARK,39.43179964
2024,371,17031671200,Census Tract 6712,664,671200,67,1.0,28144,0.023592951,WEST ENGLEWOOD,87.94769193
2024,949,17031671100,Census Tract 6711,1037,671100,67,1.0,28144,0.036846219,WEST ENGLEWOOD,87.94769193
2024,1280,17031671300,Census Tract 6713,1714,671300,67,1.0,28144,0.06090108,WEST ENGLEWOOD,87.94769193
2024,1577,17031671500,Census Tract 6715,2451,671500,67,1.0,28144,0.087087834,WEST ENGLEWOOD,87.94769193
2024,1693,17031671600,Census Tract 6716,1829,671600,67,1.0,28144,0.064987209,WEST ENGLEWOOD,87.94769193
2024,1073,17031671800,Census Tract 6718,1329,671800,67,1.0,28144,0.047221433,WEST ENGLEWOOD,87.94769193
2024,1172,17031671900,Census Tract 6719,1541,671900,67,1.0,28144,0.054754122,WEST ENGLEWOOD,87.94769193
2024,852,17031710100,Census Tract 7101,940,710100,71,1.0,43779,0.021471482,AUBURN GRESHAM,105.0653536
2024,3676,17031710200,Census Tract 7102,3676,710200,71,1.0,43779,0.083967199,AUBURN GRESHAM,105.0653536
2024,5126,17031710400,Census Tract 7104,5212,710400,71,1.0,43779,0.119052514,AUBURN GRESHAM,105.0653536
2024,4091,17031710500,Census Tract 7105,4305,710500,71,1.0,43779,0.098334818,AUBURN GRESHAM,105.0653536
2024,1452,17031710600,Census Tract 7106,1658,710600,71,1.0,43779,0.037872039,AUBURN GRESHAM,105.0653536
2024,4761,17031710800,Census Tract 7108,4867,710800,71,1.0,43779,0.111172023,AUBURN GRESHAM,105.0653536
2024,0,17031340300,Census Tract 3403,1720,340300,34,1.0,13848,0.124205661,ARMOUR SQUARE,27.76619609
2024,112,17031340500,Census Tract 3405,1672,340500,34,1.0,13848,0.120739457,ARMOUR SQUARE,27.76619609
2024,1113,17031340600,Census Tract 3406,1430,340600,34,1.0,13848,0.103264009,ARMOUR SQUARE,27.76619609
2024,5392,17031430200,Census Tract 4302,5792,430200,43,1.0,53034,0.109212958,SOUTH SHORE,81.81271638
2024,2520,17031430300,Census Tract 4303,2708,430300,43,1.0,53034,0.051061583,SOUTH SHORE,81.81271638
2024,566,17031030604,Census Tract 306.04,3109,30604,77,1.0,56563,0.05496526,EDGEWATER,48.44999083
2024,1833,17031031502,Census Tract 315.02,4463,31502,3,1.0,56344,0.079209854,UPTOWN,65.09564272
2024,574,17031081402,Census Tract 814.02,6687,81402,8,1.0,107331,0.062302597,NEAR NORTH SIDE,76.67589596
2024,11,17031080201,Census Tract 802.01,3446,80201,8,1.0,107331,0.032106288,NEAR NORTH SIDE,76.67589596
2024,27,17031760802,Census Tract 7608.02,2280,760802,76,1.0,14145,0.161187699,OHARE,371.8356076
2024,191,17031140601,Census Tract 1406.01,2468,140601,14,1.0,45538,0.054196495,ALBANY PARK,53.54223081
2024,113,17031070102,Census Tract 701.02,2960,70102,7,1.0,67987,0.043537735,LINCOLN PARK,88.31640046
2024,413,17031210502,Census Tract 2105.02,4300,210502,21,1.0,35533,0.121014268,AVONDALE,55.29059546
2024,3349,17031540102,Census Tract 5401.02,3403,540102,54,1.0,7518,0.452646981,RIVERDALE,98.3894974
2024,1979,17031700402,Census Tract 7004.02,3297,700402,70,1.0,42007,0.078486919,ASHBURN,135.4603372
2024,380,17031030800,Census Tract 308,4610,30800,77,1.0,56563,0.081502042,EDGEWATER,48.44999083
2024,567,17031031100,Census Tract 311,5018,31100,3,1.0,56344,0.08906006,UPTOWN,65.09564272
2024,564,17031031300,Census Tract 313,6136,31300,3,1.0,56344,0.108902456,UPTOWN,65.09564272
2024,184,17031031900,Census Tract 319,2489,31900,3,1.0,56344,0.044175067,UPTOWN,65.09564272
2024,457,17031160501,Census Tract 1605.01,3524,160501,16,1.0,53332,0.066076652,IRVING PARK,89.61138229
2024,494,17031040100,Census Tract 401,3987,40100,4,1.0,41651,0.095723992,LINCOLN SQUARE,71.35232823
2024,140,17031040300,Census Tract 403,2991,40300,4,1.0,41651,0.071811001,LINCOLN SQUARE,71.35232823
2024,770,17031611600,Census Tract 6116,1464,611600,61,1.0,40140,0.036472347,NEW CITY,134.6369632
2024,145,17031340400,Census Tract 3404,1702,340400,34,1.0,13848,0.122905835,ARMOUR SQUARE,27.76619609
2024,1673,17031430700,Census Tract 4307,1983,430700,43,1.0,53034,0.037391108,SOUTH SHORE,81.81271638
2024,26,17031191000,Census Tract 1910,2315,191000,19,1.0,72088,0.032113528,BELMONT CRAGIN,109.0994147
2024,0,17031560400,Census Tract 5604,1438,560400,56,1.0,36732,0.039148426,GARFIELD RIDGE,117.8907784
2024,2926,17031710700,Census Tract 7107,2948,710700,71,1.0,43779,0.067338222,AUBURN GRESHAM,105.0653536
2024,1463,17031550100,Census Tract 5501,6161,550100,55,1.0,8853,0.695922286,HEGEWISCH,145.9657414
2024,654,17031283200,Census Tract 2832,1687,283200,28,1.0,68165,0.024748771,NEAR WEST SIDE,158.4924665
2024,99,17031100500,Census Tract 1005,5952,100500,10,1.0,39530,0.150569188,NORWOOD PARK,121.9591054
