year,namelsad,tractpop,geoid,tractce,community_area,weight,comm_pop,pop_share,community,commarea_km2
2020,Census Tract 5103,4805.0,17031510300,510300,51,1.0,15144.0,0.3172873745377707,SOUTH DEERING,303.79705960132867
2020,Census Tract 5201,2219.0,17031520100,520100,52,1.0,22999.0,0.096482455758946,EAST SIDE,83.24172803329057
2020,Census Tract 5907,3064.0,17031590700,590700,59,1.0,15246.0,0.2009707464252919,MCKINLEY PARK,39.431799640295466
2020,Census Tract 6004,3736.0,17031600400,600400,60,1.0,32901.0,0.1135527795507735,BRIDGEPORT,58.29151926539481
2020,Census Tract 8306,4923.0,17031830600,830600,1,1.0,55643.0,0.0884747407580468,ROGERS PARK,51.25990244057384
2020,Census Tract 8308,2638.0,17031830800,830800,4,1.0,41350.0,0.0637968561064087,LINCOLN SQUARE,71.35232822594875
2020,Census Tract 8307,4148.0,17031830700,830700,3,1.0,59453.0,0.0697693976754747,UPTOWN,65.09564271609112
2020,Census Tract 8309,2754.0,17031830900,830900,22,1.0,71247.0,0.0386542591267,LOGAN SQUARE,100.05756668057336
2020,Census Tract 8352,1922.0,17031835200,835200,56,1.0,36049.0,0.0533163194540763,GARFIELD RIDGE,117.89077840626808
2020,Census Tract 8399,4471.0,17031839900,839900,60,1.0,32901.0,0.1358925260630376,BRIDGEPORT,58.29151926539481
2020,Census Tract 8397,4752.0,17031839700,839700,60,1.0,32901.0,0.1444332998996991,BRIDGEPORT,58.29151926539481
2020,Census Tract 8398,2667.0,17031839800,839800,60,1.0,32901.0,0.0810613659159296,BRIDGEPORT,58.29151926539481
2020,Census Tract 8348,1692.0,17031834800,834800,68,1.0,22019.0,0.0768427267360007,ENGLEWOOD,85.65232306609218
2020,Census Tract 8347,1130.0,17031834700,834700,68,1.0,22019.0,0.0513193151369271,ENGLEWOOD,85.65232306609218
2020,Census Tract 8320,1698.0,17031832000,832000,6,1.0,101428.0,0.016740939385574,LAKE VIEW,87.21479925558447
2020,Census Tract 8325,3192.0,17031832500,832500,7,1.0,69568.0,0.045883164673413,LINCOLN PARK,88.31640045539218
2020,Census Tract 8323,1950.0,17031832300,832300,22,1.0,71247.0,0.0273695734557244,LOGAN SQUARE,100.05756668057336
2020,Census Tract 8383,1869.0,17031838300,838300,8,1.0,95405.0,0.0195901682301766,NEAR NORTH SIDE,76.67589595801923
2020,Census Tract 8318,6252.0,17031831800,831800,13,1.0,18806.0,0.3324470913538232,NORTH PARK,70.28870642060181
2020,Census Tract 8317,2238.0,17031831700,831700,15,1.0,63919.0,0.0350130634083762,PORTAGE PARK,110.19609711747748
2020,Census Tract 8351,4903.0,17031835100,835100,63,1.0,35300.0,0.1388951841359773,GAGE PARK,61.28489610145672
2020,Census Tract 8350,5496.0,17031835000,835000,66,1.0,51243.0,0.1072536736725016,CHICAGO LAWN,98.27946509626284
2020,Census Tract 8437,2376.0,17031843700,843700,5,1.0,36142.0,0.0657406895025178,NORTH CENTER,57.05416783863191
2020,Census Tract 2207.02,4155.0,17031220702,220702,22,1.0,71247.0,0.0583182449787359,LOGAN SQUARE,100.05756668057336
2020,Census Tract 8421,7608.0,17031842100,842100,23,1.0,54401.0,0.1398503703976029,HUMBOLDT PARK,100.48087648273764
2020,Census Tract 8433,1713.0,17031843300,843300,29,1.0,31310.0,0.0547109549664643,NORTH LAWNDALE,89.48742200680012
2020,Census Tract 8311,7780.0,17031831100,831100,21,1.0,37360.0,0.2082441113490364,AVONDALE,55.29059546222403
2020,Census Tract 8315,3838.0,17031831500,831500,19,1.0,78788.0,0.0487130019799969,BELMONT CRAGIN,109.09941466771691
2020,Census Tract 8316,8052.0,17031831600,831600,18,1.0,14382.0,0.5598664997914059,MONTCLARE,27.57639362717424
2020,Census Tract 8312,4810.0,17031831200,831200,20,1.0,23163.0,0.2076587661356473,HERMOSA,32.60205939915233
2020,Census Tract 8310,1058.0,17031831000,831000,22,0.5,71247.0,0.0148497480595674,LOGAN SQUARE,100.05756668057336
2020,Census Tract 8310,1058.0,17031831000,831000,24,0.5,84564.0,0.0125112340948867,WEST TOWN,127.56290457232984
2020,Census Tract 8430,2494.0,17031843000,843000,29,1.0,31310.0,0.0796550622804215,NORTH LAWNDALE,89.48742200680012
2020,Census Tract 8431,1449.0,17031843100,843100,29,1.0,31310.0,0.0462791440434366,NORTH LAWNDALE,89.48742200680012
2020,Census Tract 8429,2711.0,17031842900,842900,28,1.0,62816.0,0.0431577941925624,NEAR WEST SIDE,158.49246652347665
2020,Census Tract 8435,10673.0,17031843500,843500,30,1.0,70235.0,0.1519612728696519,SOUTH LAWNDALE,127.99829784190968
2020,Census Tract 8420,3145.0,17031842000,842000,35,1.0,21450.0,0.1466200466200466,DOUGLAS,46.004621149279
2020,Census Tract 8324,3206.0,17031832400,832400,22,1.0,71247.0,0.04499838589695,LOGAN SQUARE,100.05756668057336
2020,Census Tract 8329,1926.0,17031832900,832900,28,1.0,62816.0,0.0306609780947529,NEAR WEST SIDE,158.49246652347665
2020,Census Tract 8403,3618.0,17031840300,840300,59,1.0,15246.0,0.2373081463990554,MCKINLEY PARK,39.431799640295466
2020,Census Tract 8386,1735.0,17031838600,838600,29,1.0,31310.0,0.0554136058767167,NORTH LAWNDALE,89.48742200680012
2020,Census Tract 8396,1688.0,17031839600,839600,35,1.0,21450.0,0.0786946386946386,DOUGLAS,46.004621149279
2020,Census Tract 8349,1348.0,17031834900,834900,67,1.0,26158.0,0.0515329918189464,WEST ENGLEWOOD,87.94769193108257
2020,Census Tract 306.03,2355.0,17031030603,30603,77,1.0,58693.0,0.0401240352341846,EDGEWATER,48.449990830225794
2020,Census Tract 8322,3031.0,17031832200,832200,22,1.0,71247.0,0.0425421421252824,LOGAN SQUARE,100.05756668057336
2020,Census Tract 8367,2337.0,17031836700,836700,23,1.0,54401.0,0.0429587691402731,HUMBOLDT PARK,100.48087648273764
2020,Census Tract 8368,2149.0,17031836800,836800,27,1.0,18075.0,0.118893499308437,EAST GARFIELD PARK,53.88322083574582
2020,Census Tract 8366,2044.0,17031836600,836600,23,1.0,54401.0,0.037572838734582,HUMBOLDT PARK,100.48087648273764
2020,Census Tract 8330,4686.0,17031833000,833000,28,1.0,62816.0,0.0745988283239939,NEAR WEST SIDE,158.49246652347665
2020,Census Tract 8425,2145.0,17031842500,842500,69,1.0,29429.0,0.0728872880492031,GREATER GRAND CROSSING,98.85316769023828
2020,Census Tract 8418,2502.0,17031841800,841800,69,1.0,29429.0,0.0850181793469027,GREATER GRAND CROSSING,98.85316769023828
2020,Census Tract 9801,0.0,17031980100,980100,56,0.5,36049.0,0.0,GARFIELD RIDGE,117.89077840626808
2020,Census Tract 9801,0.0,17031980100,980100,64,0.5,24382.0,0.0,CLEARING,71.14519236904174
2020,Census Tract 8428,6916.0,17031842800,842800,58,1.0,42728.0,0.1618610747051114,BRIGHTON PARK,75.89279029683405
2020,Census Tract 8438,1475.0,17031843800,843800,61,1.0,39055.0,0.0377672513122519,NEW CITY,134.6369632279751
2020,Census Tract 8410,1025.0,17031841000,841000,33,1.0,26376.0,0.0388610858356081,NEAR SOUTH SIDE,49.769639444136615
2020,Census Tract 8365,1791.0,17031836500,836500,36,1.0,6973.0,0.2568478416750323,OAKLAND,16.913961037490527
2020,Census Tract 8439,1717.0,17031843900,843900,42,0.5,23251.0,0.0738462861812395,WOODLAWN,57.81517950095547
2020,Census Tract 8439,1717.0,17031843900,843900,43,0.5,51992.0,0.033024311432528,SOUTH SHORE,81.81271638009841
2020,Census Tract 8342,4674.0,17031834200,834200,43,1.0,51992.0,0.0898984459147561,SOUTH SHORE,81.81271638009841
2020,Census Tract 8422,3619.0,17031842200,842200,8,1.0,95405.0,0.037933022378282,NEAR NORTH SIDE,76.67589595801923
2020,Census Tract 8380,2201.0,17031838000,838000,28,1.0,62816.0,0.0350388436067244,NEAR WEST SIDE,158.49246652347665
2020,Census Tract 107.02,5209.0,17031010702,10702,1,1.0,55643.0,0.0936146505400499,ROGERS PARK,51.25990244057384
2020,Census Tract 105.03,1973.0,17031010503,10503,1,1.0,55643.0,0.0354581888108117,ROGERS PARK,51.25990244057384
2020,Census Tract 105.02,2960.0,17031010502,10502,1,1.0,55643.0,0.0531962690724799,ROGERS PARK,51.25990244057384
2020,Census Tract 107.01,3562.0,17031010701,10701,1,1.0,55643.0,0.0640152400122207,ROGERS PARK,51.25990244057384
2020,Census Tract 209.02,4445.0,17031020902,20902,2,1.0,78763.0,0.056435128169318,WEST RIDGE,98.4290948429624
2020,Census Tract 203.02,5116.0,17031020302,20302,2,1.0,78763.0,0.0649543567411094,WEST RIDGE,98.4290948429624
2020,Census Tract 206.01,6112.0,17031020601,20601,2,1.0,78763.0,0.0775998882724121,WEST RIDGE,98.4290948429624
2020,Census Tract 203.01,5447.0,17031020301,20301,2,1.0,78763.0,0.0691568376014118,WEST RIDGE,98.4290948429624
2020,Census Tract 7608.03,5930.0,17031760803,760803,76,1.0,13285.0,0.4463680843056078,OHARE,371.8356076134321
2020,Census Tract 5305.01,5073.0,17031530501,530501,53,1.0,26484.0,0.1915496148618033,WEST PULLMAN,99.36519806341394
2020,Census Tract 5305.03,5192.0,17031530503,530503,53,1.0,26484.0,0.1960428938226854,WEST PULLMAN,99.36519806341394
2020,Census Tract 6503.01,4527.0,17031650301,650301,65,1.0,32162.0,0.1407561718798582,WEST LAWN,82.3153016672832
2020,Census Tract 6503.02,4766.0,17031650302,650302,65,1.0,32162.0,0.1481873017847148,WEST LAWN,82.3153016672832
2020,Census Tract 5305.02,1609.0,17031530502,530502,53,1.0,26484.0,0.0607536625887328,WEST PULLMAN,99.36519806341394
2020,Census Tract 8313,908.0,17031831300,831300,25,1.0,95073.0,0.0095505558886329,AUSTIN,199.25420338818205
2020,Census Tract 8314,2820.0,17031831400,831400,25,1.0,95073.0,0.0296614180682212,AUSTIN,199.25420338818205
2020,Census Tract 8370,1672.0,17031837000,837000,27,1.0,18075.0,0.0925034578146611,EAST GARFIELD PARK,53.88322083574582
2020,Census Tract 8424,3098.0,17031842400,842400,44,1.0,31363.0,0.0987788158020597,CHATHAM,82.32067029535114
2020,Census Tract 8321,3590.0,17031832100,832100,6,1.0,101428.0,0.0353945656031865,LAKE VIEW,87.21479925558447
2020,Census Tract 208.02,8536.0,17031020802,20802,2,1.0,78763.0,0.1083757601919683,WEST RIDGE,98.4290948429624
2020,Census Tract 207.02,8674.0,17031020702,20702,2,1.0,78763.0,0.1101278519101608,WEST RIDGE,98.4290948429624
2020,Census Tract 208.01,5859.0,17031020801,20801,2,1.0,78763.0,0.0743877201223924,WEST RIDGE,98.4290948429624
2020,Census Tract 402.02,7427.0,17031040202,40202,4,1.0,41350.0,0.1796130592503023,LINCOLN SQUARE,71.35232822594875
2020,Census Tract 402.01,6875.0,17031040201,40201,4,1.0,41350.0,0.1662636033857315,LINCOLN SQUARE,71.35232822594875
2020,Census Tract 404.02,4796.0,17031040402,40402,4,1.0,41350.0,0.1159854897218863,LINCOLN SQUARE,71.35232822594875
2020,Census Tract 315.01,4794.0,17031031501,31501,3,1.0,59453.0,0.0806351235429667,UPTOWN,65.09564271609112
2020,Census Tract 812.01,4688.0,17031081201,81201,8,1.0,95405.0,0.049137885855039,NEAR NORTH SIDE,76.67589595801923
2020,Census Tract 633.01,2925.0,17031063301,63301,6,1.0,101428.0,0.0288381906376937,LAKE VIEW,87.21479925558447
2020,Census Tract 4909.01,2928.0,17031490901,490901,49,1.0,39623.0,0.0738964742699947,ROSELAND,134.31370670490057
2020,Census Tract 4909.02,4565.0,17031490902,490902,49,1.0,39623.0,0.1152108623779118,ROSELAND,134.31370670490057
2020,Census Tract 3018.01,4437.0,17031301801,301801,30,1.0,70235.0,0.0631736313803659,SOUTH LAWNDALE,127.99829784190968
2020,Census Tract 7003.01,6359.0,17031700301,700301,70,1.0,42902.0,0.1482215281338865,ASHBURN,135.46033718240324
2020,Census Tract 3017.02,3961.0,17031301702,301702,30,1.0,70235.0,0.0563963835694454,SOUTH LAWNDALE,127.99829784190968
2020,Census Tract 7004.01,6455.0,17031700401,700401,70,1.0,42902.0,0.1504591860519323,ASHBURN,135.46033718240324
2020,Census Tract 8371,1349.0,17031837100,837100,27,1.0,18075.0,0.0746334716459197,EAST GARFIELD PARK,53.88322083574582
2020,Census Tract 8374,2199.0,17031837400,837400,27,1.0,18075.0,0.1216597510373444,EAST GARFIELD PARK,53.88322083574582
2020,Census Tract 8378,2409.0,17031837800,837800,28,1.0,62816.0,0.0383501018848701,NEAR WEST SIDE,158.49246652347665
2020,Census Tract 8373,2688.0,17031837300,837300,27,1.0,18075.0,0.1487136929460581,EAST GARFIELD PARK,53.88322083574582
2020,Census Tract 8415,2369.0,17031841500,841500,29,1.0,31310.0,0.0756627275630788,NORTH LAWNDALE,89.48742200680012
2020,Census Tract 8387,3932.0,17031838700,838700,29,1.0,31310.0,0.125582880868732,NORTH LAWNDALE,89.48742200680012
2020,Census Tract 1505.01,3793.0,17031150501,150501,15,1.0,63919.0,0.0593407281090129,PORTAGE PARK,110.19609711747748
2020,Census Tract 1504.01,4700.0,17031150401,150401,15,1.0,63919.0,0.0735305621176801,PORTAGE PARK,110.19609711747748
2020,Census Tract 1505.02,3734.0,17031150502,150502,15,1.0,63919.0,0.0584176848824293,PORTAGE PARK,110.19609711747748
2020,Census Tract 1105.02,3540.0,17031110502,110502,11,1.0,27194.0,0.130175774067809,JEFFERSON PARK,64.86816166921948
2020,Census Tract 1504.02,3540.0,17031150402,150402,15,1.0,63919.0,0.0553825935950186,PORTAGE PARK,110.19609711747748
2020,Census Tract 1403.02,3842.0,17031140302,140302,14,1.0,49280.0,0.0779626623376623,ALBANY PARK,53.54223080864773
2020,Census Tract 1403.01,2824.0,17031140301,140301,14,1.0,49280.0,0.0573051948051948,ALBANY PARK,53.54223080864773
2020,Census Tract 7003.02,5851.0,17031700302,700302,70,1.0,42902.0,0.1363805883175609,ASHBURN,135.46033718240324
2020,Census Tract 5805.01,4580.0,17031580501,580501,58,1.0,42728.0,0.1071896648567684,BRIGHTON PARK,75.89279029683405
2020,Census Tract 5805.02,5064.0,17031580502,580502,58,1.0,42728.0,0.1185171316232915,BRIGHTON PARK,75.89279029683405
2020,Census Tract 7302.01,5069.0,17031730201,730201,73,1.0,26940.0,0.1881588715664439,WASHINGTON HEIGHTS,79.63575286171745
2020,Census Tract 3018.02,2746.0,17031301802,301802,30,1.0,70235.0,0.0390973161529152,SOUTH LAWNDALE,127.99829784190968
2020,Census Tract 4401.01,4154.0,17031440101,440101,44,1.0,31363.0,0.1324490641839109,CHATHAM,82.32067029535114
2020,Census Tract 3017.01,4099.0,17031301701,301701,30,1.0,70235.0,0.0583612159179896,SOUTH LAWNDALE,127.99829784190968
2020,Census Tract 8391,7916.0,17031839100,839100,32,1.0,39327.0,0.2012866478500775,LOOP,46.3355654497116
2020,Census Tract 8331,7573.0,17031833100,833100,28,1.0,62816.0,0.120558456444218,NEAR WEST SIDE,158.49246652347665
2020,Census Tract 8381,1589.0,17031838100,838100,28,1.0,62816.0,0.0252961029037188,NEAR WEST SIDE,158.49246652347665
2020,Census Tract 8333,2850.0,17031833300,833300,28,1.0,62816.0,0.045370606214977,NEAR WEST SIDE,158.49246652347665
2020,Census Tract 8382,2200.0,17031838200,838200,28,1.0,62816.0,0.0350229240957717,NEAR WEST SIDE,158.49246652347665
2020,Census Tract 1407.02,6083.0,17031140702,140702,14,1.0,49280.0,0.1234375,ALBANY PARK,53.54223080864773
2020,Census Tract 1406.02,5124.0,17031140602,140602,14,1.0,49280.0,0.1039772727272727,ALBANY PARK,53.54223080864773
2020,Census Tract 1407.01,2999.0,17031140701,140701,14,1.0,49280.0,0.0608563311688311,ALBANY PARK,53.54223080864773
2020,Census Tract 1605.02,3838.0,17031160502,160502,16,1.0,53604.0,0.0715991343929557,IRVING PARK,89.61138229311392
2020,Census Tract 1606.02,3703.0,17031160602,160602,16,1.0,53604.0,0.0690806656219685,IRVING PARK,89.61138229311392
2020,Census Tract 1510.02,5333.0,17031151002,151002,15,1.0,63919.0,0.0834337208028911,PORTAGE PARK,110.19609711747748
2020,Census Tract 1510.01,2666.0,17031151001,151001,15,1.0,63919.0,0.0417090380012202,PORTAGE PARK,110.19609711747748
2020,Census Tract 1904.02,5238.0,17031190402,190402,19,1.0,78788.0,0.0664822054119916,BELMONT CRAGIN,109.09941466771691
2020,Census Tract 4313.01,3720.0,17031431301,431301,43,1.0,51992.0,0.0715494691490998,SOUTH SHORE,81.81271638009841
2020,Census Tract 4313.02,3538.0,17031431302,431302,43,1.0,51992.0,0.0680489306047084,SOUTH SHORE,81.81271638009841
2020,Census Tract 4603.02,3593.0,17031460302,460302,46,1.0,29977.0,0.1198585582279747,SOUTH CHICAGO,93.2721849914544
2020,Census Tract 4603.01,3486.0,17031460301,460301,46,1.0,29977.0,0.1162891550188477,SOUTH CHICAGO,93.2721849914544
2020,Census Tract 7005.01,6485.0,17031700501,700501,70,1.0,42902.0,0.1511584541513216,ASHBURN,135.46033718240324
2020,Census Tract 7005.02,3676.0,17031700502,700502,70,1.0,42902.0,0.0856836511118362,ASHBURN,135.46033718240324
2020,Census Tract 2106.01,3145.0,17031210601,210601,21,1.0,37360.0,0.0841809421841541,AVONDALE,55.29059546222403
2020,Census Tract 8411,7165.0,17031841100,841100,34,1.0,13401.0,0.5346615924184762,ARMOUR SQUARE,27.766196090094883
2020,Census Tract 8402,2190.0,17031840200,840200,60,1.0,32901.0,0.0665633263426643,BRIDGEPORT,58.29151926539481
2020,Census Tract 8413,4299.0,17031841300,841300,31,1.0,32672.0,0.1315805582761998,LOWER WEST SIDE,81.55072362189355
2020,Census Tract 8407,3508.0,17031840700,840700,30,1.0,70235.0,0.0499466078166156,SOUTH LAWNDALE,127.99829784190968
2020,Census Tract 8417,1444.0,17031841700,841700,30,1.0,70235.0,0.020559550081868,SOUTH LAWNDALE,127.99829784190968
2020,Census Tract 1906.02,5532.0,17031190602,190602,19,1.0,78788.0,0.0702137381327105,BELMONT CRAGIN,109.09941466771691
2020,Census Tract 1904.01,4408.0,17031190401,190401,19,1.0,78788.0,0.0559476062344519,BELMONT CRAGIN,109.09941466771691
2020,Census Tract 1907.02,4644.0,17031190702,190702,19,1.0,78788.0,0.0589429862415596,BELMONT CRAGIN,109.09941466771691
2020,Census Tract 1913.02,4942.0,17031191302,191302,19,1.0,78788.0,0.0627252881149413,BELMONT CRAGIN,109.09941466771691
2020,Census Tract 1906.01,4802.0,17031190601,190601,19,1.0,78788.0,0.0609483677717418,BELMONT CRAGIN,109.09941466771691
2020,Census Tract 1913.01,5729.0,17031191301,191301,19,1.0,78788.0,0.0727141189013555,BELMONT CRAGIN,109.09941466771691
2020,Census Tract 2004.02,4806.0,17031200402,200402,20,1.0,23163.0,0.2074860769330397,HERMOSA,32.60205939915233
2020,Census Tract 2004.01,3201.0,17031200401,200401,20,1.0,23163.0,0.1381945343867374,HERMOSA,32.60205939915233
2020,Census Tract 2209.02,3049.0,17031220902,220902,22,1.0,71247.0,0.0427947843417968,LOGAN SQUARE,100.05756668057336
2020,Census Tract 2105.01,3001.0,17031210501,210501,21,1.0,37360.0,0.0803265524625267,AVONDALE,55.29059546222403
2020,Census Tract 1606.01,3191.0,17031160601,160601,16,1.0,53604.0,0.0595291396164465,IRVING PARK,89.61138229311392
2020,Census Tract 619.01,3384.0,17031061901,61901,6,1.0,101428.0,0.0333635682454549,LAKE VIEW,87.21479925558447
2020,Census Tract 8408,3243.0,17031840800,840800,30,1.0,70235.0,0.046173560190788,SOUTH LAWNDALE,127.99829784190968
2020,Census Tract 307.03,3035.0,17031030703,30703,77,1.0,58693.0,0.0517097439217623,EDGEWATER,48.449990830225794
2020,Census Tract 814.03,9069.0,17031081403,81403,8,1.0,95405.0,0.0950579110109533,NEAR NORTH SIDE,76.67589595801923
2020,Census Tract 307.02,2352.0,17031030702,30702,77,1.0,58693.0,0.0400729218135041,EDGEWATER,48.449990830225794
2020,Census Tract 4401.02,3359.0,17031440102,440102,44,1.0,31363.0,0.1071007237828013,CHATHAM,82.32067029535114
2020,Census Tract 4402.02,2674.0,17031440202,440202,44,1.0,31363.0,0.0852597009214679,CHATHAM,82.32067029535114
2020,Census Tract 8305,3910.0,17031830500,830500,30,1.0,70235.0,0.0556702498754182,SOUTH LAWNDALE,127.99829784190968
2020,Census Tract 8401,3303.0,17031840100,840100,60,1.0,32901.0,0.1003920853469499,BRIDGEPORT,58.29151926539481
2020,Census Tract 8404,3153.0,17031840400,840400,59,1.0,15246.0,0.2068083431719795,MCKINLEY PARK,39.431799640295466
2020,Census Tract 8392,2434.0,17031839200,839200,35,1.0,21450.0,0.1134731934731934,DOUGLAS,46.004621149279
2020,Census Tract 8355,1356.0,17031835500,835500,37,1.0,2149.0,0.6309911586784551,FULLER PARK,19.916704865338488
2020,Census Tract 701.01,3848.0,17031070101,70101,7,1.0,69568.0,0.0553127874885004,LINCOLN PARK,88.31640045539218
2020,Census Tract 1105.01,5076.0,17031110501,110501,11,1.0,27194.0,0.1866588217989262,JEFFERSON PARK,64.86816166921948
2020,Census Tract 301.04,3425.0,17031030104,30104,77,1.0,58693.0,0.058354488610226,EDGEWATER,48.449990830225794
2020,Census Tract 814.01,2039.0,17031081401,81401,8,1.0,95405.0,0.0213720454902782,NEAR NORTH SIDE,76.67589595801923
2020,Census Tract 4301.02,3627.0,17031430102,430102,43,1.0,51992.0,0.0697607324203723,SOUTH SHORE,81.81271638009841
2020,Census Tract 4301.01,2826.0,17031430101,430101,43,1.0,51992.0,0.0543545160793968,SOUTH SHORE,81.81271638009841
2020,Census Tract 2521.01,1289.0,17031252101,252101,25,1.0,95073.0,0.01355800279785,AUSTIN,199.25420338818205
2020,Census Tract 105.01,4039.0,17031010501,10501,1,1.0,55643.0,0.0725877468864008,ROGERS PARK,51.25990244057384
2020,Census Tract 207.01,1764.0,17031020701,20701,2,1.0,78763.0,0.0223963028325482,WEST RIDGE,98.4290948429624
2020,Census Tract 102.01,7488.0,17031010201,10201,1,1.0,55643.0,0.1345721833833546,ROGERS PARK,51.25990244057384
2020,Census Tract 7608.01,5012.0,17031760801,760801,76,1.0,13285.0,0.377267595031991,OHARE,371.8356076134321
2020,Census Tract 8390,10026.0,17031839000,839000,32,1.0,39327.0,0.2549393546418491,LOOP,46.3355654497116
2020,Census Tract 4402.01,5918.0,17031440201,440201,44,1.0,31363.0,0.1886936836399579,CHATHAM,82.32067029535114
2020,Census Tract 5401.01,4219.0,17031540101,540101,54,1.0,7414.0,0.5690585379012679,RIVERDALE,98.38949739579031
2020,Census Tract 8340,3187.0,17031834000,834000,49,1.0,39623.0,0.0804330817959266,ROSELAND,134.31370670490057
2020,Census Tract 8339,2696.0,17031833900,833900,46,1.0,29977.0,0.0899356173066017,SOUTH CHICAGO,93.2721849914544
2020,Census Tract 2210,2754.0,17031221000,221000,22,1.0,71247.0,0.0386542591267,LOGAN SQUARE,100.05756668057336
2020,Census Tract 2211,4484.0,17031221100,221100,22,1.0,71247.0,0.062935983269471,LOGAN SQUARE,100.05756668057336
2020,Census Tract 2428,1637.0,17031242800,242800,24,1.0,84564.0,0.0193581192942623,WEST TOWN,127.56290457232984
2020,Census Tract 2429,1836.0,17031242900,242900,24,1.0,84564.0,0.0217113665389527,WEST TOWN,127.56290457232984
2020,Census Tract 2430,2134.0,17031243000,243000,24,1.0,84564.0,0.025235324724469,WEST TOWN,127.56290457232984
2020,Census Tract 2431,2230.0,17031243100,243100,24,1.0,84564.0,0.0263705595761789,WEST TOWN,127.56290457232984
2020,Census Tract 2432,2191.0,17031243200,243200,24,1.0,84564.0,0.0259093704176718,WEST TOWN,127.56290457232984
2020,Census Tract 2433,2261.0,17031243300,243300,24,1.0,84564.0,0.0267371458303769,WEST TOWN,127.56290457232984
2020,Census Tract 2434,2982.0,17031243400,243400,24,1.0,84564.0,0.0352632325812402,WEST TOWN,127.56290457232984
2020,Census Tract 714,4998.0,17031071400,71400,7,1.0,69568.0,0.0718433762649494,LINCOLN PARK,88.31640045539218
2020,Census Tract 1104,4480.0,17031110400,110400,11,1.0,27194.0,0.1647422225490917,JEFFERSON PARK,64.86816166921948
2020,Census Tract 1506,4384.0,17031150600,150600,15,1.0,63919.0,0.0685868051752999,PORTAGE PARK,110.19609711747748
2020,Census Tract 1507,4088.0,17031150700,150700,15,1.0,63919.0,0.0639559442419312,PORTAGE PARK,110.19609711747748
2020,Census Tract 1508,4871.0,17031150800,150800,15,1.0,63919.0,0.0762058229947277,PORTAGE PARK,110.19609711747748
2020,Census Tract 1511,5347.0,17031151100,151100,15,1.0,63919.0,0.0836527480091991,PORTAGE PARK,110.19609711747748
2020,Census Tract 1512,3890.0,17031151200,151200,15,1.0,63919.0,0.0608582737527182,PORTAGE PARK,110.19609711747748
2020,Census Tract 2415,2981.0,17031241500,241500,24,1.0,84564.0,0.0352514072182016,WEST TOWN,127.56290457232984
2020,Census Tract 2411,3441.0,17031241100,241100,24,1.0,84564.0,0.0406910742159784,WEST TOWN,127.56290457232984
2020,Census Tract 2416,3325.0,17031241600,241600,24,1.0,84564.0,0.0393193321034955,WEST TOWN,127.56290457232984
2020,Census Tract 2413,1982.0,17031241300,241300,24,1.0,84564.0,0.0234378695425949,WEST TOWN,127.56290457232984
2020,Census Tract 2414,5503.0,17031241400,241400,24,1.0,84564.0,0.065074972801665,WEST TOWN,127.56290457232984
2020,Census Tract 2435,4031.0,17031243500,243500,24,1.0,84564.0,0.0476680384087791,WEST TOWN,127.56290457232984
2020,Census Tract 2502,2922.0,17031250200,250200,25,1.0,95073.0,0.0307342778706888,AUSTIN,199.25420338818205
2020,Census Tract 2503,5433.0,17031250300,250300,25,1.0,95073.0,0.0571455618314347,AUSTIN,199.25420338818205
2020,Census Tract 2504,5471.0,17031250400,250400,25,1.0,95073.0,0.0575452546990207,AUSTIN,199.25420338818205
2020,Census Tract 2505,7141.0,17031250500,250500,25,1.0,95073.0,0.0751107044060879,AUSTIN,199.25420338818205
2020,Census Tract 715,6157.0,17031071500,71500,7,1.0,69568.0,0.0885033348666053,LINCOLN PARK,88.31640045539218
2020,Census Tract 718,2579.0,17031071800,71800,7,1.0,69568.0,0.0370716421343146,LINCOLN PARK,88.31640045539218
2020,Census Tract 801,6944.0,17031080100,80100,8,1.0,95405.0,0.0727844452596824,NEAR NORTH SIDE,76.67589595801923
2020,Census Tract 803,4697.0,17031080300,80300,8,1.0,95405.0,0.049232220533515,NEAR NORTH SIDE,76.67589595801923
2020,Census Tract 804,4440.0,17031080400,80400,8,1.0,95405.0,0.0465384413814789,NEAR NORTH SIDE,76.67589595801923
2020,Census Tract 1601,2534.0,17031160100,160100,16,1.0,53604.0,0.0472725915976419,IRVING PARK,89.61138229311392
2020,Census Tract 1602,3138.0,17031160200,160200,16,1.0,53604.0,0.0585404074322811,IRVING PARK,89.61138229311392
2020,Census Tract 1603,3672.0,17031160300,160300,16,1.0,53604.0,0.0685023505708529,IRVING PARK,89.61138229311392
2020,Census Tract 1604,4799.0,17031160400,160400,16,1.0,53604.0,0.0895269009775389,IRVING PARK,89.61138229311392
2020,Census Tract 1607,5860.0,17031160700,160700,16,1.0,53604.0,0.1093201999850757,IRVING PARK,89.61138229311392
2020,Census Tract 2213,2925.0,17031221300,221300,22,1.0,71247.0,0.0410543601835866,LOGAN SQUARE,100.05756668057336
2020,Census Tract 2215,2805.0,17031221500,221500,22,1.0,71247.0,0.0393700787401574,LOGAN SQUARE,100.05756668057336
2020,Census Tract 2214,3169.0,17031221400,221400,22,1.0,71247.0,0.044479065785226,LOGAN SQUARE,100.05756668057336
2020,Census Tract 2506,4383.0,17031250600,250600,25,1.0,95073.0,0.0461014168060332,AUSTIN,199.25420338818205
2020,Census Tract 2507,5430.0,17031250700,250700,25,1.0,95073.0,0.0571140071313622,AUSTIN,199.25420338818205
2020,Census Tract 2508,2607.0,17031250800,250800,25,1.0,95073.0,0.0274210343630683,AUSTIN,199.25420338818205
2020,Census Tract 2510,997.0,17031251000,251000,25,1.0,95073.0,0.0104866786574526,AUSTIN,199.25420338818205
2020,Census Tract 2511,4763.0,17031251100,251100,25,1.0,95073.0,0.0500983454818928,AUSTIN,199.25420338818205
2020,Census Tract 514,2220.0,17031051400,51400,5,1.0,36142.0,0.0614243816058878,NORTH CENTER,57.05416783863191
2020,Census Tract 601,3109.0,17031060100,60100,6,1.0,101428.0,0.0306522853649879,LAKE VIEW,87.21479925558447
2020,Census Tract 603,2918.0,17031060300,60300,6,1.0,101428.0,0.0287691761643727,LAKE VIEW,87.21479925558447
2020,Census Tract 608,5225.0,17031060800,60800,6,1.0,101428.0,0.0515143747288717,LAKE VIEW,87.21479925558447
2020,Census Tract 1608,5640.0,17031160800,160800,16,1.0,53604.0,0.105216028654578,IRVING PARK,89.61138229311392
2020,Census Tract 3201.01,8886.0,17031320101,320101,32,1.0,39327.0,0.225951636280418,LOOP,46.3355654497116
2020,Census Tract 3301.03,6969.0,17031330103,330103,33,1.0,26376.0,0.2642174704276615,NEAR SOUTH SIDE,49.769639444136615
2020,Census Tract 3806,3764.0,17031380600,380600,38,1.0,23669.0,0.1590265748447336,GRAND BOULEVARD,48.49250314605212
2020,Census Tract 3301.02,9396.0,17031330102,330102,33,1.0,26376.0,0.3562329390354868,NEAR SOUTH SIDE,49.769639444136615
2020,Census Tract 3301.01,5082.0,17031330101,330101,33,1.0,26376.0,0.1926751592356688,NEAR SOUTH SIDE,49.769639444136615
2020,Census Tract 4608,4230.0,17031460800,460800,46,1.0,29977.0,0.1411081829402542,SOUTH CHICAGO,93.2721849914544
2020,Census Tract 6306,2768.0,17031630600,630600,63,1.0,35300.0,0.078413597733711,GAGE PARK,61.28489610145672
2020,Census Tract 4902,3114.0,17031490200,490200,49,1.0,39623.0,0.0785907175125558,ROSELAND,134.31370670490057
2020,Census Tract 6122,3678.0,17031612200,612200,61,1.0,39055.0,0.0941748815772628,NEW CITY,134.6369632279751
2020,Census Tract 8447,1453.0,17031844700,844700,29,1.0,31310.0,0.0464068987543915,NORTH LAWNDALE,89.48742200680012
2020,Census Tract 8446,2188.0,17031844600,844600,38,1.0,23669.0,0.0924415902657484,GRAND BOULEVARD,48.49250314605212
2020,Census Tract 3201.02,4356.0,17031320102,320102,32,1.0,39327.0,0.1107635975284156,LOOP,46.3355654497116
2020,Census Tract 2207.01,3283.0,17031220701,220701,22,1.0,71247.0,0.0460791331564837,LOGAN SQUARE,100.05756668057336
2020,Census Tract 633.02,3867.0,17031063302,63302,6,1.0,101428.0,0.0381255669046022,LAKE VIEW,87.21479925558447
2020,Census Tract 2522.01,2672.0,17031252201,252201,25,1.0,95073.0,0.0281047195313075,AUSTIN,199.25420338818205
2020,Census Tract 6603.02,4550.0,17031660302,660302,66,1.0,51243.0,0.0887926155767617,CHICAGO LAWN,98.27946509626284
2020,Census Tract 6603.01,1585.0,17031660301,660301,66,1.0,51243.0,0.0309310539976191,CHICAGO LAWN,98.27946509626284
2020,Census Tract 7302.02,3055.0,17031730202,730202,73,1.0,26940.0,0.1134001484780994,WASHINGTON HEIGHTS,79.63575286171745
2020,Census Tract 8356,793.0,17031835600,835600,37,1.0,2149.0,0.3690088413215449,FULLER PARK,19.916704865338488
2020,Census Tract 8400,2502.0,17031840000,840000,60,1.0,32901.0,0.0760463207805233,BRIDGEPORT,58.29151926539481
2020,Census Tract 8364,3726.0,17031836400,836400,36,1.0,6973.0,0.5343467660978058,OAKLAND,16.913961037490527
2020,Census Tract 8361,1834.0,17031836100,836100,40,1.0,10427.0,0.1758895175985422,WASHINGTON PARK,42.37388147613499
2020,Census Tract 8346,1683.0,17031834600,834600,68,1.0,22019.0,0.0764339888278305,ENGLEWOOD,85.65232306609218
2020,Census Tract 8436,2993.0,17031843600,843600,38,1.0,23669.0,0.1264523216020955,GRAND BOULEVARD,48.49250314605212
2020,Census Tract 619.02,4607.0,17031061902,61902,6,1.0,101428.0,0.0454213826556769,LAKE VIEW,87.21479925558447
2020,Census Tract 301.02,3192.0,17031030102,30102,77,1.0,58693.0,0.0543846796040413,EDGEWATER,48.449990830225794
2020,Census Tract 301.03,2490.0,17031030103,30103,77,1.0,58693.0,0.0424241391648067,EDGEWATER,48.449990830225794
2020,Census Tract 307.06,2774.0,17031030706,30706,77,1.0,58693.0,0.0472628763225597,EDGEWATER,48.449990830225794
2020,Census Tract 306.01,3981.0,17031030601,30601,77,1.0,58693.0,0.0678275092430102,EDGEWATER,48.449990830225794
2020,Census Tract 812.02,3011.0,17031081202,81202,8,1.0,95405.0,0.0315601907656831,NEAR NORTH SIDE,76.67589595801923
2020,Census Tract 633.03,1160.0,17031063303,63303,6,1.0,101428.0,0.0114366841503332,LAKE VIEW,87.21479925558447
2020,Census Tract 2209.01,2894.0,17031220901,220901,22,1.0,71247.0,0.0406192541440341,LOGAN SQUARE,100.05756668057336
2020,Census Tract 2106.02,4022.0,17031210602,210602,21,1.0,37360.0,0.1076552462526766,AVONDALE,55.29059546222403
2020,Census Tract 2206.02,4715.0,17031220602,220602,22,1.0,71247.0,0.0661782250480722,LOGAN SQUARE,100.05756668057336
2020,Census Tract 2206.01,1488.0,17031220601,220601,22,1.0,71247.0,0.020885089898522,LOGAN SQUARE,100.05756668057336
2020,Census Tract 404.01,3442.0,17031040401,40401,4,1.0,41350.0,0.0832406287787182,LINCOLN SQUARE,71.35232822594875
2020,Census Tract 2522.02,4385.0,17031252202,252202,25,1.0,95073.0,0.0461224532727483,AUSTIN,199.25420338818205
2020,Census Tract 2521.02,6452.0,17031252102,252102,25,1.0,95073.0,0.067863641622753,AUSTIN,199.25420338818205
2020,Census Tract 8363,1478.0,17031836300,836300,41,1.0,27722.0,0.0533150566337205,HYDE PARK,45.10538016450888
2020,Census Tract 8345,1079.0,17031834500,834500,40,1.0,10427.0,0.1034813465042677,WASHINGTON PARK,42.37388147613499
2020,Census Tract 8360,2950.0,17031836000,836000,38,1.0,23669.0,0.1246355993071105,GRAND BOULEVARD,48.49250314605212
2020,Census Tract 8362,1517.0,17031836200,836200,41,1.0,27722.0,0.0547218815381285,HYDE PARK,45.10538016450888
2020,Census Tract 8344,4570.0,17031834400,834400,42,1.0,23251.0,0.1965506859920003,WOODLAWN,57.81517950095547
2020,Census Tract 8343,6294.0,17031834300,834300,45,1.0,9629.0,0.6536504309897185,AVALON PARK,34.852737729948345
2020,Census Tract 7103,1541.0,17031710300,710300,71,1.0,46698.0,0.0329992719174268,AUBURN GRESHAM,105.06535358129682
2020,Census Tract 1609,2653.0,17031160900,160900,16,1.0,53604.0,0.0494925751809566,IRVING PARK,89.61138229311392
2020,Census Tract 1610,2228.0,17031161000,161000,16,1.0,53604.0,0.0415640623834042,IRVING PARK,89.61138229311392
2020,Census Tract 1611,2040.0,17031161100,161100,16,1.0,53604.0,0.0380568614282516,IRVING PARK,89.61138229311392
2020,Census Tract 1612,3116.0,17031161200,161200,16,1.0,53604.0,0.0581299902992314,IRVING PARK,89.61138229311392
2020,Census Tract 1613,3561.0,17031161300,161300,16,1.0,53604.0,0.0664316095813745,IRVING PARK,89.61138229311392
2020,Census Tract 1701,2038.0,17031170100,170100,17,1.0,43587.0,0.0467570605914607,DUNNING,103.5950011545707
2020,Census Tract 2216,3190.0,17031221600,221600,22,1.0,71247.0,0.0447738150378261,LOGAN SQUARE,100.05756668057336
2020,Census Tract 2421,3813.0,17031242100,242100,24,1.0,84564.0,0.0450901092663544,WEST TOWN,127.56290457232984
2020,Census Tract 2420,4755.0,17031242000,242000,24,1.0,84564.0,0.0562296012487583,WEST TOWN,127.56290457232984
2020,Census Tract 2512,4527.0,17031251200,251200,25,1.0,95073.0,0.0476160424095169,AUSTIN,199.25420338818205
2020,Census Tract 2513,3920.0,17031251300,251300,25,1.0,95073.0,0.041231474761499,AUSTIN,199.25420338818205
2020,Census Tract 513,2933.0,17031051300,51300,5,1.0,36142.0,0.0811521221847158,NORTH CENTER,57.05416783863191
2020,Census Tract 6007,2786.0,17031600700,600700,60,1.0,32901.0,0.0846782772560104,BRIDGEPORT,58.29151926539481
2020,Census Tract 6009,3496.0,17031600900,600900,60,1.0,32901.0,0.1062581684447281,BRIDGEPORT,58.29151926539481
2020,Census Tract 6720,3584.0,17031672000,672000,67,1.0,26158.0,0.1370135331447358,WEST ENGLEWOOD,87.94769193108257
2020,Census Tract 7109,2011.0,17031710900,710900,71,1.0,46698.0,0.0430639427812754,AUBURN GRESHAM,105.06535358129682
2020,Census Tract 7110,3635.0,17031711000,711000,71,1.0,46698.0,0.0778405927448713,AUBURN GRESHAM,105.06535358129682
2020,Census Tract 7111,2429.0,17031711100,711100,71,1.0,46698.0,0.0520150755921024,AUBURN GRESHAM,105.06535358129682
2020,Census Tract 7112,4657.0,17031711200,711200,71,1.0,46698.0,0.09972589832541,AUBURN GRESHAM,105.06535358129682
2020,Census Tract 7115,2728.0,17031711500,711500,71,1.0,46698.0,0.0584179193969763,AUBURN GRESHAM,105.06535358129682
2020,Census Tract 7113,1612.0,17031711300,711300,71,1.0,46698.0,0.0345196796436678,AUBURN GRESHAM,105.06535358129682
2020,Census Tract 7114,2586.0,17031711400,711400,71,1.0,46698.0,0.0553771039444944,AUBURN GRESHAM,105.06535358129682
2020,Census Tract 2705,1285.0,17031270500,270500,27,1.0,18075.0,0.0710926694329183,EAST GARFIELD PARK,53.88322083574582
2020,Census Tract 2712,1273.0,17031271200,271200,27,1.0,18075.0,0.0704287690179806,EAST GARFIELD PARK,53.88322083574582
2020,Census Tract 2713,1122.0,17031271300,271300,27,1.0,18075.0,0.0620746887966804,EAST GARFIELD PARK,53.88322083574582
2020,Census Tract 2714,1228.0,17031271400,271400,27,1.0,18075.0,0.067939142461964,EAST GARFIELD PARK,53.88322083574582
2020,Census Tract 3501,2562.0,17031350100,350100,35,1.0,21450.0,0.1194405594405594,DOUGLAS,46.004621149279
2020,Census Tract 3504,2018.0,17031350400,350400,35,1.0,21450.0,0.094079254079254,DOUGLAS,46.004621149279
2020,Census Tract 3510,3197.0,17031351000,351000,35,1.0,21450.0,0.149044289044289,DOUGLAS,46.004621149279
2020,Census Tract 3514,1778.0,17031351400,351400,35,1.0,21450.0,0.0828904428904429,DOUGLAS,46.004621149279
2020,Census Tract 3602,1456.0,17031360200,360200,36,1.0,6973.0,0.2088053922271619,OAKLAND,16.913961037490527
2020,Census Tract 4304,2893.0,17031430400,430400,43,1.0,51992.0,0.0556431758732112,SOUTH SHORE,81.81271638009841
2020,Census Tract 4306,2222.0,17031430600,430600,43,1.0,51992.0,0.042737344206801,SOUTH SHORE,81.81271638009841
2020,Census Tract 4308,1888.0,17031430800,430800,43,1.0,51992.0,0.0363132789659947,SOUTH SHORE,81.81271638009841
2020,Census Tract 4305,3427.0,17031430500,430500,43,1.0,51992.0,0.0659139867671949,SOUTH SHORE,81.81271638009841
2020,Census Tract 4309,1526.0,17031430900,430900,43,1.0,51992.0,0.0293506693337436,SOUTH SHORE,81.81271638009841
2020,Census Tract 6103,5803.0,17031610300,610300,61,1.0,39055.0,0.1485853283830495,NEW CITY,134.6369632279751
2020,Census Tract 6810,2307.0,17031681000,681000,68,1.0,22019.0,0.1047731504609655,ENGLEWOOD,85.65232306609218
2020,Census Tract 6811,2381.0,17031681100,681100,68,1.0,22019.0,0.1081338843725873,ENGLEWOOD,85.65232306609218
2020,Census Tract 6805,1050.0,17031680500,680500,68,1.0,22019.0,0.0476860892865252,ENGLEWOOD,85.65232306609218
2020,Census Tract 6809,3317.0,17031680900,680900,68,1.0,22019.0,0.1506426268222898,ENGLEWOOD,85.65232306609218
2020,Census Tract 7201,3357.0,17031720100,720100,72,1.0,19817.0,0.1694000100923449,BEVERLY,88.7793639211539
2020,Census Tract 7202,3938.0,17031720200,720200,72,1.0,19817.0,0.1987182721905434,BEVERLY,88.7793639211539
2020,Census Tract 7203,3930.0,17031720300,720300,72,1.0,19817.0,0.1983145783922894,BEVERLY,88.7793639211539
2020,Census Tract 7204,1819.0,17031720400,720400,72,1.0,19817.0,0.0917898773780087,BEVERLY,88.7793639211539
2020,Census Tract 7205,1846.0,17031720500,720500,72,1.0,19817.0,0.0931523439471161,BEVERLY,88.7793639211539
2020,Census Tract 7206,1819.0,17031720600,720600,72,1.0,19817.0,0.0917898773780087,BEVERLY,88.7793639211539
2020,Census Tract 7207,3108.0,17031720700,720700,72,1.0,19817.0,0.1568350406216884,BEVERLY,88.7793639211539
2020,Census Tract 406,2635.0,17031040600,40600,4,1.0,41350.0,0.0637243047158403,LINCOLN SQUARE,71.35232822594875
2020,Census Tract 407,3320.0,17031040700,40700,4,1.0,41350.0,0.0802902055622732,LINCOLN SQUARE,71.35232822594875
2020,Census Tract 408,1629.0,17031040800,40800,4,1.0,41350.0,0.0393954050785973,LINCOLN SQUARE,71.35232822594875
2020,Census Tract 3801,1913.0,17031380100,380100,38,1.0,23669.0,0.0808230174489839,GRAND BOULEVARD,48.49250314605212
2020,Census Tract 3802,1642.0,17031380200,380200,38,1.0,23669.0,0.0693734420550086,GRAND BOULEVARD,48.49250314605212
2020,Census Tract 4312,2589.0,17031431200,431200,43,1.0,51992.0,0.0497961224803815,SOUTH SHORE,81.81271638009841
2020,Census Tract 4314,7068.0,17031431400,431400,43,1.0,51992.0,0.1359439913832897,SOUTH SHORE,81.81271638009841
2020,Census Tract 501,2832.0,17031050100,50100,5,1.0,36142.0,0.0783575895080515,NORTH CENTER,57.05416783863191
2020,Census Tract 6108,1533.0,17031610800,610800,61,1.0,39055.0,0.0392523364485981,NEW CITY,134.6369632279751
2020,Census Tract 6113,2832.0,17031611300,611300,61,1.0,39055.0,0.0725131225195237,NEW CITY,134.6369632279751
2020,Census Tract 6114,2936.0,17031611400,611400,61,1.0,39055.0,0.0751760337984893,NEW CITY,134.6369632279751
2020,Census Tract 6115,3104.0,17031611500,611500,61,1.0,39055.0,0.0794776597106644,NEW CITY,134.6369632279751
2020,Census Tract 6119,1545.0,17031611900,611900,61,1.0,39055.0,0.0395595954423249,NEW CITY,134.6369632279751
2020,Census Tract 6812,2254.0,17031681200,681200,68,1.0,22019.0,0.1023661383350742,ENGLEWOOD,85.65232306609218
2020,Census Tract 6912,2483.0,17031691200,691200,69,1.0,29429.0,0.0843725576811988,GREATER GRAND CROSSING,98.85316769023828
2020,Census Tract 6911,2477.0,17031691100,691100,69,1.0,29429.0,0.084168677155187,GREATER GRAND CROSSING,98.85316769023828
2020,Census Tract 7301,2775.0,17031730100,730100,73,1.0,26940.0,0.1030066815144766,WASHINGTON HEIGHTS,79.63575286171745
2020,Census Tract 7303,983.0,17031730300,730300,73,1.0,26940.0,0.0364884929472902,WASHINGTON HEIGHTS,79.63575286171745
2020,Census Tract 7304,4284.0,17031730400,730400,73,1.0,26940.0,0.1590200445434298,WASHINGTON HEIGHTS,79.63575286171745
2020,Census Tract 7305,4367.0,17031730500,730500,73,1.0,26940.0,0.1621009651076466,WASHINGTON HEIGHTS,79.63575286171745
2020,Census Tract 7306,4013.0,17031730600,730600,73,1.0,26940.0,0.1489606533036377,WASHINGTON HEIGHTS,79.63575286171745
2020,Census Tract 3812,1980.0,17031381200,381200,38,1.0,23669.0,0.0836537242807047,GRAND BOULEVARD,48.49250314605212
2020,Census Tract 3814,1559.0,17031381400,381400,38,1.0,23669.0,0.0658667455321306,GRAND BOULEVARD,48.49250314605212
2020,Census Tract 3817,0.0,17031381700,381700,38,1.0,23669.0,0.0,GRAND BOULEVARD,48.49250314605212
2020,Census Tract 4403,4572.0,17031440300,440300,44,1.0,31363.0,0.1457768708350604,CHATHAM,82.32067029535114
2020,Census Tract 6120,1190.0,17031612000,612000,61,1.0,39055.0,0.0304698502112405,NEW CITY,134.6369632279751
2020,Census Tract 6121,999.0,17031612100,612100,61,1.0,39055.0,0.0255793112277557,NEW CITY,134.6369632279751
2020,Census Tract 6201,4532.0,17031620100,620100,62,1.0,18523.0,0.244668790152783,WEST ELSDON,32.71109141959873
2020,Census Tract 6202,1982.0,17031620200,620200,62,1.0,18523.0,0.1070021054904713,WEST ELSDON,32.71109141959873
2020,Census Tract 6203,7322.0,17031620300,620300,62,1.0,18523.0,0.3952923392539005,WEST ELSDON,32.71109141959873
2020,Census Tract 6204,4687.0,17031620400,620400,62,1.0,18523.0,0.2530367651028451,WEST ELSDON,32.71109141959873
2020,Census Tract 7307,2394.0,17031730700,730700,73,1.0,26940.0,0.0888641425389755,WASHINGTON HEIGHTS,79.63575286171745
2020,Census Tract 7401,2962.0,17031740100,740100,74,1.0,18840.0,0.1572186836518046,MOUNT GREENWOOD,75.58429000631087
2020,Census Tract 7402,6573.0,17031740200,740200,74,1.0,18840.0,0.3488853503184713,MOUNT GREENWOOD,75.58429000631087
2020,Census Tract 7403,4865.0,17031740300,740300,74,1.0,18840.0,0.2582271762208068,MOUNT GREENWOOD,75.58429000631087
2020,Census Tract 7404,4440.0,17031740400,740400,74,1.0,18840.0,0.2356687898089172,MOUNT GREENWOOD,75.58429000631087
2020,Census Tract 3818,1149.0,17031381800,381800,38,1.0,23669.0,0.0485445096962271,GRAND BOULEVARD,48.49250314605212
2020,Census Tract 3819,1300.0,17031381900,381900,38,1.0,23669.0,0.0549241624065233,GRAND BOULEVARD,48.49250314605212
2020,Census Tract 3901,1587.0,17031390100,390100,39,1.0,17972.0,0.0883040284887602,KENWOOD,29.071741922715727
2020,Census Tract 3902,2174.0,17031390200,390200,39,1.0,17972.0,0.1209659470287113,KENWOOD,29.071741922715727
2020,Census Tract 3903,3002.0,17031390300,390300,39,1.0,17972.0,0.1670376140663254,KENWOOD,29.071741922715727
2020,Census Tract 3904,2324.0,17031390400,390400,39,1.0,17972.0,0.1293122635210327,KENWOOD,29.071741922715727
2020,Census Tract 3905,1616.0,17031390500,390500,39,1.0,17972.0,0.0899176496772757,KENWOOD,29.071741922715727
2020,Census Tract 3906,1714.0,17031390600,390600,39,1.0,17972.0,0.095370576452259,KENWOOD,29.071741922715727
2020,Census Tract 3907,5555.0,17031390700,390700,39,1.0,17972.0,0.3090919207656354,KENWOOD,29.071741922715727
2020,Census Tract 4406,1759.0,17031440600,440600,44,1.0,31363.0,0.0560851959315116,CHATHAM,82.32067029535114
2020,Census Tract 4409,2510.0,17031440900,440900,44,1.0,31363.0,0.0800306093167107,CHATHAM,82.32067029535114
2020,Census Tract 4407,1392.0,17031440700,440700,44,1.0,31363.0,0.044383509230622,CHATHAM,82.32067029535114
2020,Census Tract 4408,1927.0,17031440800,440800,44,1.0,31363.0,0.061441826355897,CHATHAM,82.32067029535114
2020,Census Tract 6303,5178.0,17031630300,630300,63,1.0,35300.0,0.146685552407932,GAGE PARK,61.28489610145672
2020,Census Tract 6305,5879.0,17031630500,630500,63,1.0,35300.0,0.1665439093484419,GAGE PARK,61.28489610145672
2020,Census Tract 6308,6302.0,17031630800,630800,63,1.0,35300.0,0.1785269121813031,GAGE PARK,61.28489610145672
2020,Census Tract 6309,4401.0,17031630900,630900,63,1.0,35300.0,0.1246742209631728,GAGE PARK,61.28489610145672
2020,Census Tract 6401,1502.0,17031640100,640100,64,1.0,24382.0,0.0616028217537527,CLEARING,71.14519236904174
2020,Census Tract 6403,6575.0,17031640300,640300,64,1.0,24382.0,0.2696661471577393,CLEARING,71.14519236904174
2020,Census Tract 7501,3680.0,17031750100,750100,75,1.0,20526.0,0.1792848095098899,MORGAN PARK,91.877340681314
2020,Census Tract 7502,2700.0,17031750200,750200,75,1.0,20526.0,0.1315404852382344,MORGAN PARK,91.877340681314
2020,Census Tract 7503,2523.0,17031750300,750300,75,1.0,20526.0,0.1229172756503946,MORGAN PARK,91.877340681314
2020,Census Tract 7504,2883.0,17031750400,750400,75,1.0,20526.0,0.1404560070154925,MORGAN PARK,91.877340681314
2020,Census Tract 7505,5355.0,17031750500,750500,75,1.0,20526.0,0.2608886290558316,MORGAN PARK,91.877340681314
2020,Census Tract 2827,2042.0,17031282700,282700,28,1.0,62816.0,0.0325076413652572,NEAR WEST SIDE,158.49246652347665
2020,Census Tract 2828,1627.0,17031282800,282800,28,1.0,62816.0,0.0259010443199184,NEAR WEST SIDE,158.49246652347665
2020,Census Tract 4003,1274.0,17031400300,400300,40,1.0,10427.0,0.1221827946676896,WASHINGTON PARK,42.37388147613499
2020,Census Tract 4005,2110.0,17031400500,400500,40,1.0,10427.0,0.2023592596144624,WASHINGTON PARK,42.37388147613499
2020,Census Tract 4008,2166.0,17031400800,400800,40,1.0,10427.0,0.2077299319075477,WASHINGTON PARK,42.37388147613499
2020,Census Tract 4101,2148.0,17031410100,410100,41,1.0,27722.0,0.0774835870427819,HYDE PARK,45.10538016450888
2020,Census Tract 4105,2728.0,17031410500,410500,41,1.0,27722.0,0.0984055984416708,HYDE PARK,45.10538016450888
2020,Census Tract 4106,2483.0,17031410600,410600,41,1.0,27722.0,0.0895678522473126,HYDE PARK,45.10538016450888
2020,Census Tract 4601,2784.0,17031460100,460100,46,1.0,29977.0,0.0928712012542949,SOUTH CHICAGO,93.2721849914544
2020,Census Tract 4503,3335.0,17031450300,450300,45,1.0,9629.0,0.3463495690102814,AVALON PARK,34.852737729948345
2020,Census Tract 4602,2242.0,17031460200,460200,46,1.0,29977.0,0.0747906728491843,SOUTH CHICAGO,93.2721849914544
2020,Census Tract 6404,3361.0,17031640400,640400,64,1.0,24382.0,0.1378475924862603,CLEARING,71.14519236904174
2020,Census Tract 6405,3864.0,17031640500,640500,64,1.0,24382.0,0.1584775654171109,CLEARING,71.14519236904174
2020,Census Tract 6406,4123.0,17031640600,640600,64,1.0,24382.0,0.1691001558526782,CLEARING,71.14519236904174
2020,Census Tract 6407,3275.0,17031640700,640700,64,1.0,24382.0,0.1343204002952998,CLEARING,71.14519236904174
2020,Census Tract 6408,1682.0,17031640800,640800,64,1.0,24382.0,0.0689853170371585,CLEARING,71.14519236904174
2020,Census Tract 6501,4375.0,17031650100,650100,65,1.0,32162.0,0.1360300976307443,WEST LAWN,82.3153016672832
2020,Census Tract 6502,7290.0,17031650200,650200,65,1.0,32162.0,0.2266650083950003,WEST LAWN,82.3153016672832
2020,Census Tract 7506,3385.0,17031750600,750600,75,1.0,20526.0,0.1649127935301568,MORGAN PARK,91.877340681314
2020,Census Tract 2831,3091.0,17031283100,283100,28,1.0,62816.0,0.0492072083545593,NEAR WEST SIDE,158.49246652347665
2020,Census Tract 2838,3670.0,17031283800,283800,28,1.0,62816.0,0.0584246051961283,NEAR WEST SIDE,158.49246652347665
2020,Census Tract 4107,2227.0,17031410700,410700,41,1.0,27722.0,0.0803333092850443,HYDE PARK,45.10538016450888
2020,Census Tract 4108,2920.0,17031410800,410800,41,1.0,27722.0,0.105331505663372,HYDE PARK,45.10538016450888
2020,Census Tract 4109,3395.0,17031410900,410900,41,1.0,27722.0,0.1224659115503931,HYDE PARK,45.10538016450888
2020,Census Tract 4110,3428.0,17031411000,411000,41,1.0,27722.0,0.123656301854123,HYDE PARK,45.10538016450888
2020,Census Tract 4111,2254.0,17031411100,411100,41,1.0,27722.0,0.0813072649880961,HYDE PARK,45.10538016450888
2020,Census Tract 4112,1678.0,17031411200,411200,41,1.0,27722.0,0.0605295433229925,HYDE PARK,45.10538016450888
2020,Census Tract 4604,3492.0,17031460400,460400,46,1.0,29977.0,0.1164893084698268,SOUTH CHICAGO,93.2721849914544
2020,Census Tract 4605,6093.0,17031460500,460500,46,1.0,29977.0,0.2032558294692597,SOUTH CHICAGO,93.2721849914544
2020,Census Tract 4610,1361.0,17031461000,461000,46,1.0,29977.0,0.0454014744637555,SOUTH CHICAGO,93.2721849914544
2020,Census Tract 4201,1526.0,17031420100,420100,42,1.0,23251.0,0.0656315857382478,WOODLAWN,57.81517950095547
2020,Census Tract 4202,1626.0,17031420200,420200,42,1.0,23251.0,0.0699324760225366,WOODLAWN,57.81517950095547
2020,Census Tract 4204,1084.0,17031420400,420400,42,1.0,23251.0,0.0466216506816911,WOODLAWN,57.81517950095547
2020,Census Tract 4207,2452.0,17031420700,420700,42,1.0,23251.0,0.1054578297707625,WOODLAWN,57.81517950095547
2020,Census Tract 4208,2681.0,17031420800,420800,42,1.0,23251.0,0.115306868521784,WOODLAWN,57.81517950095547
2020,Census Tract 4701,2180.0,17031470100,470100,47,1.0,2180.0,1.0,BURNSIDE,16.995983270423185
2020,Census Tract 4801,2064.0,17031480100,480100,48,1.0,12343.0,0.167220286802236,CALUMET HEIGHTS,48.82624155505823
2020,Census Tract 4802,930.0,17031480200,480200,48,1.0,12343.0,0.0753463501579842,CALUMET HEIGHTS,48.82624155505823
2020,Census Tract 4803,1133.0,17031480300,480300,48,1.0,12343.0,0.0917929190634367,CALUMET HEIGHTS,48.82624155505823
2020,Census Tract 4804,5309.0,17031480400,480400,48,1.0,12343.0,0.4301223365470307,CALUMET HEIGHTS,48.82624155505823
2020,Census Tract 6504,6657.0,17031650400,650400,65,1.0,32162.0,0.2069833965549406,WEST LAWN,82.3153016672832
2020,Census Tract 6505,4547.0,17031650500,650500,65,1.0,32162.0,0.1413780237547416,WEST LAWN,82.3153016672832
2020,Census Tract 6604,5270.0,17031660400,660400,66,1.0,51243.0,0.102843315184513,CHICAGO LAWN,98.27946509626284
2020,Census Tract 2909,3611.0,17031290900,290900,29,1.0,31310.0,0.1153305653145959,NORTH LAWNDALE,89.48742200680012
2020,Census Tract 2912,1959.0,17031291200,291200,29,1.0,31310.0,0.0625678696901948,NORTH LAWNDALE,89.48742200680012
2020,Census Tract 4212,1133.0,17031421200,421200,42,1.0,23251.0,0.0487290869209926,WOODLAWN,57.81517950095547
2020,Census Tract 2715,1531.0,17031271500,271500,27,1.0,18075.0,0.0847026279391424,EAST GARFIELD PARK,53.88322083574582
2020,Census Tract 2922,2527.0,17031292200,292200,29,1.0,31310.0,0.0807090386458,NORTH LAWNDALE,89.48742200680012
2020,Census Tract 2924,2189.0,17031292400,292400,29,1.0,31310.0,0.0699137655701054,NORTH LAWNDALE,89.48742200680012
2020,Census Tract 2925,3588.0,17031292500,292500,29,1.0,31310.0,0.1145959757266049,NORTH LAWNDALE,89.48742200680012
2020,Census Tract 2718,459.0,17031271800,271800,27,1.0,18075.0,0.0253941908713692,EAST GARFIELD PARK,53.88322083574582
2020,Census Tract 2801,6725.0,17031280100,280100,28,1.0,62816.0,0.1070587111563932,NEAR WEST SIDE,158.49246652347665
2020,Census Tract 2804,1371.0,17031280400,280400,28,1.0,62816.0,0.0218256495160468,NEAR WEST SIDE,158.49246652347665
2020,Census Tract 3006,2757.0,17031300600,300600,30,1.0,70235.0,0.0392539332241759,SOUTH LAWNDALE,127.99829784190968
2020,Census Tract 3007,4572.0,17031300700,300700,30,1.0,70235.0,0.0650957499822026,SOUTH LAWNDALE,127.99829784190968
2020,Census Tract 3011,2148.0,17031301100,301100,30,1.0,70235.0,0.0305830426425571,SOUTH LAWNDALE,127.99829784190968
2020,Census Tract 3012,4654.0,17031301200,301200,30,1.0,70235.0,0.0662632590588737,SOUTH LAWNDALE,127.99829784190968
2020,Census Tract 4805,2907.0,17031480500,480500,48,1.0,12343.0,0.2355181074293121,CALUMET HEIGHTS,48.82624155505823
2020,Census Tract 4905,2025.0,17031490500,490500,49,1.0,39623.0,0.0511066804633672,ROSELAND,134.31370670490057
2020,Census Tract 5202,3039.0,17031520200,520200,52,1.0,22999.0,0.1321361798339058,EAST SIDE,83.24172803329057
2020,Census Tract 5203,5528.0,17031520300,520300,52,1.0,22999.0,0.240358276446802,EAST SIDE,83.24172803329057
2020,Census Tract 5204,4278.0,17031520400,520400,52,1.0,22999.0,0.1860080873081438,EAST SIDE,83.24172803329057
2020,Census Tract 5205,5208.0,17031520500,520500,52,1.0,22999.0,0.2264446280273055,EAST SIDE,83.24172803329057
2020,Census Tract 5206,2727.0,17031520600,520600,52,1.0,22999.0,0.1185703726248967,EAST SIDE,83.24172803329057
2020,Census Tract 6605,4481.0,17031660500,660500,66,1.0,51243.0,0.0874460901976855,CHICAGO LAWN,98.27946509626284
2020,Census Tract 6606,5377.0,17031660600,660600,66,1.0,51243.0,0.1049314052651093,CHICAGO LAWN,98.27946509626284
2020,Census Tract 6607,1525.0,17031660700,660700,66,1.0,51243.0,0.0297601623636399,CHICAGO LAWN,98.27946509626284
2020,Census Tract 6608,5503.0,17031660800,660800,66,1.0,51243.0,0.1073902776964658,CHICAGO LAWN,98.27946509626284
2020,Census Tract 6609,4883.0,17031660900,660900,66,1.0,51243.0,0.0952910641453466,CHICAGO LAWN,98.27946509626284
2020,Census Tract 6610,5692.0,17031661000,661000,66,1.0,51243.0,0.1110785863435005,CHICAGO LAWN,98.27946509626284
2020,Census Tract 2809,782.0,17031280900,280900,28,1.0,62816.0,0.0124490575649516,NEAR WEST SIDE,158.49246652347665
2020,Census Tract 3016,3754.0,17031301600,301600,30,1.0,70235.0,0.0534491350466291,SOUTH LAWNDALE,127.99829784190968
2020,Census Tract 4906,1482.0,17031490600,490600,49,1.0,39623.0,0.0374025187391161,ROSELAND,134.31370670490057
2020,Census Tract 4907,2785.0,17031490700,490700,49,1.0,39623.0,0.0702874593039396,ROSELAND,134.31370670490057
2020,Census Tract 4908,3947.0,17031490800,490800,49,1.0,39623.0,0.099613860636499,ROSELAND,134.31370670490057
2020,Census Tract 4910,3562.0,17031491000,491000,49,1.0,39623.0,0.0898972818817353,ROSELAND,134.31370670490057
2020,Census Tract 4911,4175.0,17031491100,491100,49,1.0,39623.0,0.1053680942886707,ROSELAND,134.31370670490057
2020,Census Tract 5302,4185.0,17031530200,530200,53,1.0,26484.0,0.1580199365654735,WEST PULLMAN,99.36519806341394
2020,Census Tract 5303,3794.0,17031530300,530300,53,1.0,26484.0,0.1432563056940039,WEST PULLMAN,99.36519806341394
2020,Census Tract 5304,2174.0,17031530400,530400,53,1.0,26484.0,0.08208729799124,WEST PULLMAN,99.36519806341394
2020,Census Tract 5306,2368.0,17031530600,530600,53,1.0,26484.0,0.0894124754568796,WEST PULLMAN,99.36519806341394
2020,Census Tract 5601,1314.0,17031560100,560100,56,1.0,36049.0,0.0364503869732863,GARFIELD RIDGE,117.89077840626808
2020,Census Tract 6702,970.0,17031670200,670200,67,1.0,26158.0,0.0370823457450875,WEST ENGLEWOOD,87.94769193108257
2020,Census Tract 6703,1209.0,17031670300,670300,67,1.0,26158.0,0.0462191299028977,WEST ENGLEWOOD,87.94769193108257
2020,Census Tract 6704,1693.0,17031670400,670400,67,1.0,26158.0,0.0647220735530239,WEST ENGLEWOOD,87.94769193108257
2020,Census Tract 6611,6881.0,17031661100,661100,66,1.0,51243.0,0.1342817555568565,CHICAGO LAWN,98.27946509626284
2020,Census Tract 6701,978.0,17031670100,670100,67,1.0,26158.0,0.0373881795244284,WEST ENGLEWOOD,87.94769193108257
2020,Census Tract 6706,972.0,17031670600,670600,67,1.0,26158.0,0.0371588041899227,WEST ENGLEWOOD,87.94769193108257
2020,Census Tract 6707,1130.0,17031670700,670700,67,1.0,26158.0,0.0431990213319061,WEST ENGLEWOOD,87.94769193108257
2020,Census Tract 6708,1012.0,17031670800,670800,67,1.0,26158.0,0.0386879730866274,WEST ENGLEWOOD,87.94769193108257
2020,Census Tract 6709,1337.0,17031670900,670900,67,1.0,26158.0,0.0511124703723526,WEST ENGLEWOOD,87.94769193108257
2020,Census Tract 2609,1419.0,17031260900,260900,26,1.0,16489.0,0.086057371581054,WEST GARFIELD PARK,36.09284880796031
2020,Census Tract 2610,2271.0,17031261000,261000,26,1.0,16489.0,0.1377281824246467,WEST GARFIELD PARK,36.09284880796031
2020,Census Tract 2819,6487.0,17031281900,281900,28,1.0,62816.0,0.1032698675496688,NEAR WEST SIDE,158.49246652347665
2020,Census Tract 3102,1697.0,17031310200,310200,31,1.0,32672.0,0.051940499510284,LOWER WEST SIDE,81.55072362189355
2020,Census Tract 3103,1891.0,17031310300,310300,31,1.0,32672.0,0.0578783055827619,LOWER WEST SIDE,81.55072362189355
2020,Census Tract 3104,1061.0,17031310400,310400,31,1.0,32672.0,0.0324742899118511,LOWER WEST SIDE,81.55072362189355
2020,Census Tract 3105,1434.0,17031310500,310500,31,1.0,32672.0,0.0438907933398628,LOWER WEST SIDE,81.55072362189355
2020,Census Tract 4912,1962.0,17031491200,491200,49,1.0,39623.0,0.0495166948489513,ROSELAND,134.31370670490057
2020,Census Tract 4913,2436.0,17031491300,491300,49,1.0,39623.0,0.0614794437574136,ROSELAND,134.31370670490057
2020,Census Tract 4914,3455.0,17031491400,491400,49,1.0,39623.0,0.0871968301239179,ROSELAND,134.31370670490057
2020,Census Tract 5001,3282.0,17031500100,500100,50,1.0,7131.0,0.4602440050483803,PULLMAN,59.00155559069487
2020,Census Tract 5002,2140.0,17031500200,500200,50,1.0,7131.0,0.3000981629504978,PULLMAN,59.00155559069487
2020,Census Tract 5003,1709.0,17031500300,500300,50,1.0,7131.0,0.2396578320011218,PULLMAN,59.00155559069487
2020,Census Tract 5602,1560.0,17031560200,560200,56,1.0,36049.0,0.0432744320230797,GARFIELD RIDGE,117.89077840626808
2020,Census Tract 5603,3102.0,17031560300,560300,56,1.0,36049.0,0.0860495436766623,GARFIELD RIDGE,117.89077840626808
2020,Census Tract 5607,3656.0,17031560700,560700,56,1.0,36049.0,0.1014175150489611,GARFIELD RIDGE,117.89077840626808
2020,Census Tract 5608,5873.0,17031560800,560800,56,1.0,36049.0,0.162917140558684,GARFIELD RIDGE,117.89077840626808
2020,Census Tract 5609,5299.0,17031560900,560900,56,1.0,36049.0,0.1469943687758328,GARFIELD RIDGE,117.89077840626808
2020,Census Tract 5610,5999.0,17031561000,561000,56,1.0,36049.0,0.1664123831451635,GARFIELD RIDGE,117.89077840626808
2020,Census Tract 301.01,3791.0,17031030101,30101,77,1.0,58693.0,0.0645903259332458,EDGEWATER,48.449990830225794
2020,Census Tract 307.01,1528.0,17031030701,30701,77,1.0,58693.0,0.0260337689332629,EDGEWATER,48.449990830225794
2020,Census Tract 701.03,1469.0,17031070103,70103,7,1.0,69568.0,0.0211160303587856,LINCOLN PARK,88.31640045539218
2020,Census Tract 8319,3384.0,17031831900,831900,6,1.0,101428.0,0.0333635682454549,LAKE VIEW,87.21479925558447
2020,Census Tract 8326,4022.0,17031832600,832600,7,1.0,69568.0,0.0578139374425023,LINCOLN PARK,88.31640045539218
2020,Census Tract 8369,1120.0,17031836900,836900,27,1.0,18075.0,0.0619640387275242,EAST GARFIELD PARK,53.88322083574582
2020,Census Tract 8412,4682.0,17031841200,841200,31,1.0,32672.0,0.1433031341821743,LOWER WEST SIDE,81.55072362189355
2020,Census Tract 8395,1588.0,17031839500,839500,35,1.0,21450.0,0.074032634032634,DOUGLAS,46.004621149279
2020,Census Tract 8358,1798.0,17031835800,835800,38,1.0,23669.0,0.0759643415437914,GRAND BOULEVARD,48.49250314605212
2020,Census Tract 8388,3033.0,17031838800,838800,51,1.0,15144.0,0.2002773375594294,SOUTH DEERING,303.79705960132867
2020,Census Tract 8423,3123.0,17031842300,842300,24,1.0,84564.0,0.0369306087696892,WEST TOWN,127.56290457232984
2020,Census Tract 8419,6391.0,17031841900,841900,28,1.0,62816.0,0.101741594498217,NEAR WEST SIDE,158.49246652347665
2020,Census Tract 8432,2251.0,17031843200,843200,31,1.0,32672.0,0.0688969147894221,LOWER WEST SIDE,81.55072362189355
2020,Census Tract 8434,1379.0,17031843400,843400,29,1.0,31310.0,0.0440434366017246,NORTH LAWNDALE,89.48742200680012
2020,Census Tract 8426,4155.0,17031842600,842600,61,1.0,39055.0,0.1063884265779029,NEW CITY,134.6369632279751
2020,Census Tract 3018.03,3547.0,17031301803,301803,30,1.0,70235.0,0.0505018865238129,SOUTH LAWNDALE,127.99829784190968
2020,Census Tract 103,6135.0,17031010300,10300,1,1.0,55643.0,0.1102564563377244,ROGERS PARK,51.25990244057384
2020,Census Tract 104,5193.0,17031010400,10400,1,1.0,55643.0,0.0933271031396581,ROGERS PARK,51.25990244057384
2020,Census Tract 106,6363.0,17031010600,10600,1,1.0,55643.0,0.1143540067933073,ROGERS PARK,51.25990244057384
2020,Census Tract 201,3742.0,17031020100,20100,2,1.0,78763.0,0.0475096174599748,WEST RIDGE,98.4290948429624
2020,Census Tract 2808,809.0,17031280800,280800,28,1.0,62816.0,0.0128788843606724,NEAR WEST SIDE,158.49246652347665
2020,Census Tract 4203,2665.0,17031420300,420300,42,1.0,23251.0,0.1146187260762977,WOODLAWN,57.81517950095547
2020,Census Tract 1002,6755.0,17031100200,100200,10,1.0,38088.0,0.1773524469649233,NORWOOD PARK,121.95910544621267
2020,Census Tract 202,6980.0,17031020200,20200,2,1.0,78763.0,0.0886202912535073,WEST RIDGE,98.4290948429624
2020,Census Tract 1302,1658.0,17031130200,130200,13,1.0,18806.0,0.0881633521216633,NORTH PARK,70.28870642060181
2020,Census Tract 204,4011.0,17031020400,20400,2,1.0,78763.0,0.0509249266787704,WEST RIDGE,98.4290948429624
2020,Census Tract 802.02,3321.0,17031080202,80202,8,1.0,95405.0,0.0348094963576332,NEAR NORTH SIDE,76.67589595801923
2020,Census Tract 2402,1713.0,17031240200,240200,24,1.0,84564.0,0.0202568468851993,WEST TOWN,127.56290457232984
2020,Census Tract 6118,2247.0,17031611800,611800,61,1.0,39055.0,0.0575342465753424,NEW CITY,134.6369632279751
2020,Census Tract 602,2191.0,17031060200,60200,6,1.0,101428.0,0.0216015301494656,LAKE VIEW,87.21479925558447
2020,Census Tract 2212,3148.0,17031221200,221200,22,1.0,71247.0,0.0441843165326259,LOGAN SQUARE,100.05756668057336
2020,Census Tract 612,2161.0,17031061200,61200,6,1.0,101428.0,0.0213057538352328,LAKE VIEW,87.21479925558447
2020,Census Tract 302,5863.0,17031030200,30200,77,1.0,58693.0,0.0998926618165709,EDGEWATER,48.449990830225794
2020,Census Tract 303,3722.0,17031030300,30300,77,1.0,58693.0,0.0634147172575946,EDGEWATER,48.449990830225794
2020,Census Tract 304,2606.0,17031030400,30400,77,1.0,58693.0,0.0444005247644523,EDGEWATER,48.449990830225794
2020,Census Tract 309,3053.0,17031030900,30900,77,1.0,58693.0,0.0520164244458453,EDGEWATER,48.449990830225794
2020,Census Tract 310,3847.0,17031031000,31000,3,1.0,59453.0,0.0647065749415504,UPTOWN,65.09564271609112
2020,Census Tract 6006,2998.0,17031600600,600600,60,1.0,32901.0,0.0911218503996839,BRIDGEPORT,58.29151926539481
2020,Census Tract 4206,1988.0,17031420600,420600,42,1.0,23251.0,0.0855016988516623,WOODLAWN,57.81517950095547
2020,Census Tract 1101,5686.0,17031110100,110100,11,1.0,27194.0,0.2090902404942266,JEFFERSON PARK,64.86816166921948
2020,Census Tract 314,4840.0,17031031400,31400,3,1.0,59453.0,0.0814088439607757,UPTOWN,65.09564271609112
2020,Census Tract 409,1810.0,17031040900,40900,4,1.0,41350.0,0.0437726723095526,LINCOLN SQUARE,71.35232822594875
2020,Census Tract 502,5594.0,17031050200,50200,5,1.0,36142.0,0.1547783741906922,NORTH CENTER,57.05416783863191
2020,Census Tract 503,2550.0,17031050300,50300,5,1.0,36142.0,0.070555032925682,NORTH CENTER,57.05416783863191
2020,Census Tract 717,1622.0,17031071700,71700,7,1.0,69568.0,0.0233153173873045,LINCOLN PARK,88.31640045539218
2020,Census Tract 318,1976.0,17031031800,31800,3,1.0,59453.0,0.0332363379476224,UPTOWN,65.09564271609112
2020,Census Tract 317,6809.0,17031031700,31700,3,1.0,59453.0,0.1145274418448186,UPTOWN,65.09564271609112
2020,Census Tract 6104,1812.0,17031610400,610400,61,1.0,39055.0,0.0463961080527461,NEW CITY,134.6369632279751
2020,Census Tract 506,2178.0,17031050600,50600,5,1.0,36142.0,0.0602622987106413,NORTH CENTER,57.05416783863191
2020,Census Tract 505,5911.0,17031050500,50500,5,1.0,36142.0,0.1635493331857672,NORTH CENTER,57.05416783863191
2020,Census Tract 716,1975.0,17031071600,71600,7,1.0,69568.0,0.0283894894204231,LINCOLN PARK,88.31640045539218
2020,Census Tract 6714,1177.0,17031671400,671400,67,1.0,26158.0,0.044995794785534,WEST ENGLEWOOD,87.94769193108257
2020,Census Tract 623,1616.0,17031062300,62300,6,1.0,101428.0,0.0159324841266711,LAKE VIEW,87.21479925558447
2020,Census Tract 6304,5869.0,17031630400,630400,63,1.0,35300.0,0.1662606232294617,GAGE PARK,61.28489610145672
2020,Census Tract 101,4644.0,17031010100,10100,1,1.0,55643.0,0.0834606329637151,ROGERS PARK,51.25990244057384
2020,Census Tract 6806,1254.0,17031680600,680600,68,1.0,22019.0,0.0569508152050501,ENGLEWOOD,85.65232306609218
2020,Census Tract 305,6870.0,17031030500,30500,77,1.0,58693.0,0.1170497333583221,EDGEWATER,48.449990830225794
2020,Census Tract 205,6744.0,17031020500,20500,2,1.0,78763.0,0.0856239604890621,WEST RIDGE,98.4290948429624
2020,Census Tract 813,5726.0,17031081300,81300,8,1.0,95405.0,0.060017818772601,NEAR NORTH SIDE,76.67589595801923
2020,Census Tract 810,8078.0,17031081000,81000,8,1.0,95405.0,0.0846706147476547,NEAR NORTH SIDE,76.67589595801923
2020,Census Tract 1301,5279.0,17031130100,130100,13,1.0,18806.0,0.2807082845900244,NORTH PARK,70.28870642060181
2020,Census Tract 1702,3789.0,17031170200,170200,17,1.0,43587.0,0.0869295890976667,DUNNING,103.5950011545707
2020,Census Tract 1703,5536.0,17031170300,170300,17,1.0,43587.0,0.1270103471218482,DUNNING,103.5950011545707
2020,Census Tract 1704,4061.0,17031170400,170400,17,1.0,43587.0,0.0931699818753298,DUNNING,103.5950011545707
2020,Census Tract 1705,5339.0,17031170500,170500,17,1.0,43587.0,0.1224906508821437,DUNNING,103.5950011545707
2020,Census Tract 1706,2363.0,17031170600,170600,17,1.0,43587.0,0.0542134122559478,DUNNING,103.5950011545707
2020,Census Tract 1707,3309.0,17031170700,170700,17,1.0,43587.0,0.0759171312547319,DUNNING,103.5950011545707
2020,Census Tract 1708,4088.0,17031170800,170800,17,1.0,43587.0,0.0937894326289948,DUNNING,103.5950011545707
2020,Census Tract 2514,3894.0,17031251400,251400,25,1.0,95073.0,0.0409580006942034,AUSTIN,199.25420338818205
2020,Census Tract 2603,1777.0,17031260300,260300,26,1.0,16489.0,0.107768815574019,WEST GARFIELD PARK,36.09284880796031
2020,Census Tract 2605,1733.0,17031260500,260500,26,1.0,16489.0,0.1051003699435987,WEST GARFIELD PARK,36.09284880796031
2020,Census Tract 2606,2097.0,17031260600,260600,26,1.0,16489.0,0.1271756928861665,WEST GARFIELD PARK,36.09284880796031
2020,Census Tract 2607,1633.0,17031260700,260700,26,1.0,16489.0,0.0990357207835526,WEST GARFIELD PARK,36.09284880796031
2020,Census Tract 2608,2328.0,17031260800,260800,26,1.0,16489.0,0.141185032445873,WEST GARFIELD PARK,36.09284880796031
2020,Census Tract 507,1435.0,17031050700,50700,5,1.0,36142.0,0.039704498920923,NORTH CENTER,57.05416783863191
2020,Census Tract 509,1452.0,17031050900,50900,5,1.0,36142.0,0.0401748658070942,NORTH CENTER,57.05416783863191
2020,Census Tract 510,1783.0,17031051000,51000,5,1.0,36142.0,0.0493331857672513,NORTH CENTER,57.05416783863191
2020,Census Tract 511,1820.0,17031051100,51100,5,1.0,36142.0,0.0503569254606828,NORTH CENTER,57.05416783863191
2020,Census Tract 512,1531.0,17031051200,51200,5,1.0,36142.0,0.0423606883957722,NORTH CENTER,57.05416783863191
2020,Census Tract 1709,2000.0,17031170900,170900,17,1.0,43587.0,0.0458852410122284,DUNNING,103.5950011545707
2020,Census Tract 1710,6951.0,17031171000,171000,17,1.0,43587.0,0.1594741551379998,DUNNING,103.5950011545707
2020,Census Tract 1711,4113.0,17031171100,171100,17,1.0,43587.0,0.0943629981416477,DUNNING,103.5950011545707
2020,Census Tract 1801,6330.0,17031180100,180100,18,1.0,14382.0,0.4401335002085941,MONTCLARE,27.57639362717424
2020,Census Tract 1901,2470.0,17031190100,190100,19,1.0,78788.0,0.0313499517693049,BELMONT CRAGIN,109.09941466771691
2020,Census Tract 2222,2203.0,17031222200,222200,22,1.0,71247.0,0.030920600165621,LOGAN SQUARE,100.05756668057336
2020,Census Tract 2225,1699.0,17031222500,222500,22,1.0,71247.0,0.0238466181032183,LOGAN SQUARE,100.05756668057336
2020,Census Tract 2226,1615.0,17031222600,222600,22,1.0,71247.0,0.0226676210928179,LOGAN SQUARE,100.05756668057336
2020,Census Tract 2515,4601.0,17031251500,251500,25,1.0,95073.0,0.0483943916779737,AUSTIN,199.25420338818205
2020,Census Tract 2516,4300.0,17031251600,251600,25,1.0,95073.0,0.0452284034373586,AUSTIN,199.25420338818205
2020,Census Tract 2517,1262.0,17031251700,251700,25,1.0,95073.0,0.0132740104971968,AUSTIN,199.25420338818205
2020,Census Tract 2518,5175.0,17031251800,251800,25,1.0,95073.0,0.0544318576251932,AUSTIN,199.25420338818205
2020,Census Tract 2519,4763.0,17031251900,251900,25,1.0,95073.0,0.0500983454818928,AUSTIN,199.25420338818205
2020,Census Tract 2520,4958.0,17031252000,252000,25,1.0,95073.0,0.0521494009866102,AUSTIN,199.25420338818205
2020,Census Tract 1303,5617.0,17031130300,130300,13,1.0,18806.0,0.298681271934489,NORTH PARK,70.28870642060181
2020,Census Tract 1902,6162.0,17031190200,190200,19,1.0,78788.0,0.0782098796771081,BELMONT CRAGIN,109.09941466771691
2020,Census Tract 1903,5568.0,17031190300,190300,19,1.0,78788.0,0.0706706605066761,BELMONT CRAGIN,109.09941466771691
2020,Census Tract 1908,6949.0,17031190800,190800,19,1.0,78788.0,0.0881987104635223,BELMONT CRAGIN,109.09941466771691
2020,Census Tract 2601,1200.0,17031260100,260100,26,1.0,16489.0,0.0727757899205531,WEST GARFIELD PARK,36.09284880796031
2020,Census Tract 2602,873.0,17031260200,260200,26,1.0,16489.0,0.0529443871672023,WEST GARFIELD PARK,36.09284880796031
2020,Census Tract 5301,2089.0,17031530100,530100,53,1.0,26484.0,0.0788778130191814,WEST PULLMAN,99.36519806341394
2020,Census Tract 618,1409.0,17031061800,61800,6,1.0,101428.0,0.0138916275584651,LAKE VIEW,87.21479925558447
2020,Census Tract 4102,1466.0,17031410200,410200,41,1.0,27722.0,0.0528821874323641,HYDE PARK,45.10538016450888
2020,Census Tract 2229,1045.0,17031222900,222900,22,1.0,71247.0,0.0146672842365292,LOGAN SQUARE,100.05756668057336
2020,Census Tract 2410,1935.0,17031241000,241000,24,1.0,84564.0,0.0228820774797786,WEST TOWN,127.56290457232984
2020,Census Tract 1909,2162.0,17031190900,190900,19,1.0,78788.0,0.0274407270142661,BELMONT CRAGIN,109.09941466771691
2020,Census Tract 1912,4038.0,17031191200,191200,19,1.0,78788.0,0.051251459613139,BELMONT CRAGIN,109.09941466771691
2020,Census Tract 2001,3598.0,17031200100,200100,20,1.0,23163.0,0.1553339377455424,HERMOSA,32.60205939915233
2020,Census Tract 2002,4768.0,17031200200,200200,20,1.0,23163.0,0.2058455295082674,HERMOSA,32.60205939915233
2020,Census Tract 2003,1980.0,17031200300,200300,20,1.0,23163.0,0.0854811552907654,HERMOSA,32.60205939915233
2020,Census Tract 2227,2379.0,17031222700,222700,22,1.0,71247.0,0.0333908796159838,LOGAN SQUARE,100.05756668057336
2020,Census Tract 2301,1750.0,17031230100,230100,23,1.0,54401.0,0.0321685263138545,HUMBOLDT PARK,100.48087648273764
2020,Census Tract 2302,2080.0,17031230200,230200,23,1.0,54401.0,0.0382345912758956,HUMBOLDT PARK,100.48087648273764
2020,Census Tract 2303,878.0,17031230300,230300,23,1.0,54401.0,0.0161394092020367,HUMBOLDT PARK,100.48087648273764
2020,Census Tract 2304,2325.0,17031230400,230400,23,1.0,54401.0,0.0427381849598353,HUMBOLDT PARK,100.48087648273764
2020,Census Tract 2305,3074.0,17031230500,230500,23,1.0,54401.0,0.056506314222165,HUMBOLDT PARK,100.48087648273764
2020,Census Tract 3511,2327.0,17031351100,351100,35,1.0,21450.0,0.1084848484848484,DOUGLAS,46.004621149279
2020,Census Tract 6117,1963.0,17031611700,611700,61,1.0,39055.0,0.0502624503904749,NEW CITY,134.6369632279751
2020,Census Tract 3005,2793.0,17031300500,300500,30,1.0,70235.0,0.0397664981846657,SOUTH LAWNDALE,127.99829784190968
2020,Census Tract 3815,433.0,17031381500,381500,38,1.0,23669.0,0.0182939710169419,GRAND BOULEVARD,48.49250314605212
2020,Census Tract 4205,1809.0,17031420500,420500,42,1.0,23251.0,0.0778031052427852,WOODLAWN,57.81517950095547
2020,Census Tract 815,4645.0,17031081500,81500,8,1.0,95405.0,0.0486871757245427,NEAR NORTH SIDE,76.67589595801923
2020,Census Tract 816,3986.0,17031081600,81600,8,1.0,95405.0,0.0417797809339133,NEAR NORTH SIDE,76.67589595801923
2020,Census Tract 817,4377.0,17031081700,81700,8,1.0,95405.0,0.0458780986321471,NEAR NORTH SIDE,76.67589595801923
2020,Census Tract 818,10974.0,17031081800,81800,8,1.0,95405.0,0.1150254179550338,NEAR NORTH SIDE,76.67589595801923
2020,Census Tract 819,1051.0,17031081900,81900,8,1.0,95405.0,0.011016194119805,NEAR NORTH SIDE,76.67589595801923
2020,Census Tract 2228,972.0,17031222800,222800,22,1.0,71247.0,0.0136426796917764,LOGAN SQUARE,100.05756668057336
2020,Census Tract 508,1527.0,17031050800,50800,5,1.0,36142.0,0.0422500138343201,NORTH CENTER,57.05416783863191
2020,Census Tract 2101,4356.0,17031210100,210100,21,1.0,37360.0,0.1165952890792291,AVONDALE,55.29059546222403
2020,Census Tract 2104,2351.0,17031210400,210400,21,1.0,37360.0,0.0629282655246252,AVONDALE,55.29059546222403
2020,Census Tract 2307,6349.0,17031230700,230700,23,1.0,54401.0,0.1167074134666642,HUMBOLDT PARK,100.48087648273764
2020,Census Tract 2308,1170.0,17031230800,230800,23,1.0,54401.0,0.0215069575926913,HUMBOLDT PARK,100.48087648273764
2020,Census Tract 2309,4483.0,17031230900,230900,23,1.0,54401.0,0.082406573408577,HUMBOLDT PARK,100.48087648273764
2020,Census Tract 5502,2591.0,17031550200,550200,55,1.0,9175.0,0.2823978201634877,HEGEWISCH,145.96574140897752
2020,Census Tract 6705,944.0,17031670500,670500,67,1.0,26158.0,0.0360883859622295,WEST ENGLEWOOD,87.94769193108257
2020,Census Tract 5808,2206.0,17031580800,580800,58,1.0,42728.0,0.0516289084441115,BRIGHTON PARK,75.89279029683405
2020,Census Tract 2306,7302.0,17031230600,230600,23,1.0,54401.0,0.1342254737964375,HUMBOLDT PARK,100.48087648273764
2020,Census Tract 2423,3394.0,17031242300,242300,24,1.0,84564.0,0.0401352821531621,WEST TOWN,127.56290457232984
2020,Census Tract 2422,3802.0,17031242200,242200,24,1.0,84564.0,0.0449600302729293,WEST TOWN,127.56290457232984
2020,Census Tract 321,7166.0,17031032100,32100,3,1.0,59453.0,0.1205321850873799,UPTOWN,65.09564271609112
2020,Census Tract 3008,3973.0,17031300800,300800,30,1.0,70235.0,0.0565672385562753,SOUTH LAWNDALE,127.99829784190968
2020,Census Tract 609,6815.0,17031060900,60900,6,1.0,101428.0,0.0671905193832077,LAKE VIEW,87.21479925558447
2020,Census Tract 610,2224.0,17031061000,61000,6,1.0,101428.0,0.0219268840951216,LAKE VIEW,87.21479925558447
2020,Census Tract 2107,3911.0,17031210700,210700,21,1.0,37360.0,0.1046841541755888,AVONDALE,55.29059546222403
2020,Census Tract 2916,912.0,17031291600,291600,29,1.0,31310.0,0.0291280740977323,NORTH LAWNDALE,89.48742200680012
2020,Census Tract 4004,1964.0,17031400400,400400,40,1.0,10427.0,0.1883571497074901,WASHINGTON PARK,42.37388147613499
2020,Census Tract 1911,6701.0,17031191100,191100,19,1.0,78788.0,0.0850510229984261,BELMONT CRAGIN,109.09941466771691
2020,Census Tract 1201,4515.0,17031120100,120100,12,1.0,19928.0,0.2265656362906463,FOREST GLEN,89.13089361873274
2020,Census Tract 6112,2248.0,17031611200,611200,61,1.0,39055.0,0.0575598514914863,NEW CITY,134.6369632279751
2020,Census Tract 3009,4016.0,17031300900,300900,30,1.0,70235.0,0.0571794689257492,SOUTH LAWNDALE,127.99829784190968
2020,Census Tract 611,1431.0,17031061100,61100,6,1.0,101428.0,0.0141085301889024,LAKE VIEW,87.21479925558447
2020,Census Tract 615,2051.0,17031061500,61500,6,1.0,101428.0,0.0202212406830461,LAKE VIEW,87.21479925558447
2020,Census Tract 620,3057.0,17031062000,62000,6,1.0,101428.0,0.0301396064203178,LAKE VIEW,87.21479925558447
2020,Census Tract 621,3710.0,17031062100,62100,6,1.0,101428.0,0.0365776708601175,LAKE VIEW,87.21479925558447
2020,Census Tract 622,3252.0,17031062200,62200,6,1.0,101428.0,0.0320621524628307,LAKE VIEW,87.21479925558447
2020,Census Tract 902,6166.0,17031090200,90200,9,1.0,11002.0,0.5604435557171423,EDISON PARK,31.63631378020181
2020,Census Tract 901,3486.0,17031090100,90100,9,1.0,11002.0,0.3168514815488093,EDISON PARK,31.63631378020181
2020,Census Tract 2604,1158.0,17031260400,260400,26,1.0,16489.0,0.0702286372733337,WEST GARFIELD PARK,36.09284880796031
2020,Census Tract 3515,713.0,17031351500,351500,35,1.0,21450.0,0.0332400932400932,DOUGLAS,46.004621149279
2020,Census Tract 2108,1131.0,17031210800,210800,21,1.0,37360.0,0.0302730192719486,AVONDALE,55.29059546222403
2020,Census Tract 2109,3127.0,17031210900,210900,21,1.0,37360.0,0.0836991434689507,AVONDALE,55.29059546222403
2020,Census Tract 811,4404.0,17031081100,81100,8,1.0,95405.0,0.046161102667575,NEAR NORTH SIDE,76.67589595801923
2020,Census Tract 2412,1775.0,17031241200,241200,24,1.0,84564.0,0.0209900193935953,WEST TOWN,127.56290457232984
2020,Census Tract 312,6235.0,17031031200,31200,3,1.0,59453.0,0.1048727566312885,UPTOWN,65.09564271609112
2020,Census Tract 625,1580.0,17031062500,62500,6,1.0,101428.0,0.0155775525495918,LAKE VIEW,87.21479925558447
2020,Census Tract 626,2438.0,17031062600,62600,6,1.0,101428.0,0.0240367551366486,LAKE VIEW,87.21479925558447
2020,Census Tract 627,2972.0,17031062700,62700,6,1.0,101428.0,0.0293015735299917,LAKE VIEW,87.21479925558447
2020,Census Tract 628,3443.0,17031062800,62800,6,1.0,101428.0,0.0339452616634459,LAKE VIEW,87.21479925558447
2020,Census Tract 629,3759.0,17031062900,62900,6,1.0,101428.0,0.0370607721733643,LAKE VIEW,87.21479925558447
2020,Census Tract 630,3506.0,17031063000,63000,6,1.0,101428.0,0.0345663919233347,LAKE VIEW,87.21479925558447
2020,Census Tract 624,1510.0,17031062400,62400,6,1.0,101428.0,0.014887407816382,LAKE VIEW,87.21479925558447
2020,Census Tract 631,2309.0,17031063100,63100,6,1.0,101428.0,0.0227649169854478,LAKE VIEW,87.21479925558447
2020,Census Tract 632,6285.0,17031063200,63200,6,1.0,101428.0,0.0619651378317624,LAKE VIEW,87.21479925558447
2020,Census Tract 634,2628.0,17031063400,63400,6,1.0,101428.0,0.0259100051267894,LAKE VIEW,87.21479925558447
2020,Census Tract 903,1350.0,17031090300,90300,9,1.0,11002.0,0.1227049627340483,EDISON PARK,31.63631378020181
2020,Census Tract 1001,5746.0,17031100100,100100,10,1.0,38088.0,0.150861163621088,NORWOOD PARK,121.95910544621267
2020,Census Tract 1003,6343.0,17031100300,100300,10,1.0,38088.0,0.1665353917244276,NORWOOD PARK,121.95910544621267
2020,Census Tract 1401,3332.0,17031140100,140100,14,1.0,49280.0,0.0676136363636363,ALBANY PARK,53.54223080864773
2020,Census Tract 1402,6634.0,17031140200,140200,14,1.0,49280.0,0.1346185064935064,ALBANY PARK,53.54223080864773
2020,Census Tract 1404,5639.0,17031140400,140400,14,1.0,49280.0,0.1144277597402597,ALBANY PARK,53.54223080864773
2020,Census Tract 1405,3782.0,17031140500,140500,14,1.0,49280.0,0.0767451298701298,ALBANY PARK,53.54223080864773
2020,Census Tract 2427,1704.0,17031242700,242700,24,1.0,84564.0,0.0201504186178515,WEST TOWN,127.56290457232984
2020,Census Tract 702,4260.0,17031070200,70200,7,1.0,69568.0,0.061235050597976,LINCOLN PARK,88.31640045539218
2020,Census Tract 703,3729.0,17031070300,70300,7,1.0,69568.0,0.0536022309107635,LINCOLN PARK,88.31640045539218
2020,Census Tract 704,3277.0,17031070400,70400,7,1.0,69568.0,0.0471049908003679,LINCOLN PARK,88.31640045539218
2020,Census Tract 705,3256.0,17031070500,70500,7,1.0,69568.0,0.046803127874885,LINCOLN PARK,88.31640045539218
2020,Census Tract 706,3305.0,17031070600,70600,7,1.0,69568.0,0.0475074747010119,LINCOLN PARK,88.31640045539218
2020,Census Tract 707,3880.0,17031070700,70700,7,1.0,69568.0,0.0557727690892364,LINCOLN PARK,88.31640045539218
2020,Census Tract 1004,3386.0,17031100400,100400,10,1.0,38088.0,0.088899390884268,NORWOOD PARK,121.95910544621267
2020,Census Tract 1006,4821.0,17031100600,100600,10,1.0,38088.0,0.1265752993068683,NORWOOD PARK,121.95910544621267
2020,Census Tract 1007,5417.0,17031100700,100700,10,1.0,38088.0,0.1422232724217601,NORWOOD PARK,121.95910544621267
2020,Census Tract 1102,3107.0,17031110200,110200,11,1.0,27194.0,0.1142531440758991,JEFFERSON PARK,64.86816166921948
2020,Census Tract 1502,7856.0,17031150200,150200,15,1.0,63919.0,0.1229055523396799,PORTAGE PARK,110.19609711747748
2020,Census Tract 1503,7479.0,17031150300,150300,15,1.0,63919.0,0.1170074625698149,PORTAGE PARK,110.19609711747748
2020,Census Tract 1408,6218.0,17031140800,140800,14,1.0,49280.0,0.126176948051948,ALBANY PARK,53.54223080864773
2020,Census Tract 2312,6021.0,17031231200,231200,23,1.0,54401.0,0.110678112534696,HUMBOLDT PARK,100.48087648273764
2020,Census Tract 2311,1281.0,17031231100,231100,23,1.0,54401.0,0.0235473612617415,HUMBOLDT PARK,100.48087648273764
2020,Census Tract 2424,3004.0,17031242400,242400,24,1.0,84564.0,0.0355233905680904,WEST TOWN,127.56290457232984
2020,Census Tract 2425,3245.0,17031242500,242500,24,1.0,84564.0,0.0383733030604039,WEST TOWN,127.56290457232984
2020,Census Tract 1202,4771.0,17031120200,120200,12,1.0,19928.0,0.2394118827780008,FOREST GLEN,89.13089361873274
2020,Census Tract 1203,6826.0,17031120300,120300,12,1.0,19928.0,0.3425331192292252,FOREST GLEN,89.13089361873274
2020,Census Tract 1204,3816.0,17031120400,120400,12,1.0,19928.0,0.1914893617021276,FOREST GLEN,89.13089361873274
2020,Census Tract 2315,5699.0,17031231500,231500,23,1.0,54401.0,0.1047591036929468,HUMBOLDT PARK,100.48087648273764
2020,Census Tract 711,3397.0,17031071100,71100,7,1.0,69568.0,0.0488299218031278,LINCOLN PARK,88.31640045539218
2020,Census Tract 710,4836.0,17031071000,71000,7,1.0,69568.0,0.0695147194112235,LINCOLN PARK,88.31640045539218
2020,Census Tract 712,1994.0,17031071200,71200,7,1.0,69568.0,0.0286626034958601,LINCOLN PARK,88.31640045539218
2020,Census Tract 713,4378.0,17031071300,71300,7,1.0,69568.0,0.0629312327506899,LINCOLN PARK,88.31640045539218
2020,Census Tract 1103,5305.0,17031110300,110300,11,1.0,27194.0,0.1950797970140472,JEFFERSON PARK,64.86816166921948
2020,Census Tract 2203,2072.0,17031220300,220300,22,1.0,71247.0,0.0290819262565441,LOGAN SQUARE,100.05756668057336
2020,Census Tract 2204,2712.0,17031220400,220400,22,1.0,71247.0,0.0380647606214998,LOGAN SQUARE,100.05756668057336
2020,Census Tract 2205,2492.0,17031220500,220500,22,1.0,71247.0,0.0349769113085463,LOGAN SQUARE,100.05756668057336
2020,Census Tract 2403,1282.0,17031240300,240300,24,1.0,84564.0,0.0151601154155432,WEST TOWN,127.56290457232984
2020,Census Tract 2405,2443.0,17031240500,240500,24,1.0,84564.0,0.0288893619034104,WEST TOWN,127.56290457232984
2020,Census Tract 604,3981.0,17031060400,60400,6,1.0,101428.0,0.0392495168986867,LAKE VIEW,87.21479925558447
2020,Census Tract 605,1233.0,17031060500,60500,6,1.0,101428.0,0.0121564065149662,LAKE VIEW,87.21479925558447
2020,Census Tract 2408,1373.0,17031240800,240800,24,1.0,84564.0,0.0162362234520599,WEST TOWN,127.56290457232984
2020,Census Tract 2406,1677.0,17031240600,240600,24,1.0,84564.0,0.0198311338158081,WEST TOWN,127.56290457232984
2020,Census Tract 2407,1872.0,17031240700,240700,24,1.0,84564.0,0.0221370796083439,WEST TOWN,127.56290457232984
2020,Census Tract 2409,983.0,17031240900,240900,24,1.0,84564.0,0.0116243318669883,WEST TOWN,127.56290457232984
2020,Census Tract 2426,5079.0,17031242600,242600,24,1.0,84564.0,0.0600610188732794,WEST TOWN,127.56290457232984
2020,Census Tract 3106,4780.0,17031310600,310600,31,1.0,32672.0,0.1463026444662096,LOWER WEST SIDE,81.55072362189355
2020,Census Tract 3107,1322.0,17031310700,310700,31,1.0,32672.0,0.0404627815866797,LOWER WEST SIDE,81.55072362189355
2020,Census Tract 3108,4272.0,17031310800,310800,31,1.0,32672.0,0.1307541625857003,LOWER WEST SIDE,81.55072362189355
2020,Census Tract 206.02,5239.0,17031020602,20602,2,1.0,78763.0,0.0665160037073245,WEST RIDGE,98.4290948429624
2020,Census Tract 3109,4983.0,17031310900,310900,31,1.0,32672.0,0.152515915768854,LOWER WEST SIDE,81.55072362189355
2020,Census Tract 5101,3597.0,17031510100,510100,51,1.0,15144.0,0.2375198098256735,SOUTH DEERING,303.79705960132867
2020,Census Tract 5102,3709.0,17031510200,510200,51,1.0,15144.0,0.2449154780771262,SOUTH DEERING,303.79705960132867
2020,Census Tract 5611,5684.0,17031561100,561100,56,1.0,36049.0,0.1576742766789647,GARFIELD RIDGE,117.89077840626808
2020,Census Tract 1907.01,2870.0,17031190701,190701,19,1.0,78788.0,0.0364268670355891,BELMONT CRAGIN,109.09941466771691
2020,Census Tract 209.01,6094.0,17031020901,20901,2,1.0,78763.0,0.0773713545700392,WEST RIDGE,98.4290948429624
2020,Census Tract 102.02,3154.0,17031010202,10202,1,1.0,55643.0,0.0566827813022302,ROGERS PARK,51.25990244057384
2020,Census Tract 5701,1309.0,17031570100,570100,57,1.0,13533.0,0.0967265203576442,ARCHER HEIGHTS,55.92250571042751
2020,Census Tract 5702,2252.0,17031570200,570200,57,1.0,13533.0,0.1664080396068868,ARCHER HEIGHTS,55.92250571042751
2020,Census Tract 5703,5790.0,17031570300,570300,57,1.0,13533.0,0.4278430503214365,ARCHER HEIGHTS,55.92250571042751
2020,Census Tract 5704,1685.0,17031570400,570400,57,1.0,13533.0,0.1245104559225596,ARCHER HEIGHTS,55.92250571042751
2020,Census Tract 5705,2497.0,17031570500,570500,57,1.0,13533.0,0.1845119337914727,ARCHER HEIGHTS,55.92250571042751
2020,Census Tract 6904,2958.0,17031690400,690400,69,1.0,29429.0,0.1005130993237962,GREATER GRAND CROSSING,98.85316769023828
2020,Census Tract 6913,2352.0,17031691300,691300,69,1.0,29429.0,0.0799211661966087,GREATER GRAND CROSSING,98.85316769023828
2020,Census Tract 6914,3080.0,17031691400,691400,69,1.0,29429.0,0.1046586700193686,GREATER GRAND CROSSING,98.85316769023828
2020,Census Tract 6915,2072.0,17031691500,691500,69,1.0,29429.0,0.0704067416493934,GREATER GRAND CROSSING,98.85316769023828
2020,Census Tract 3204,3049.0,17031320400,320400,32,1.0,39327.0,0.0775294327052661,LOOP,46.3355654497116
2020,Census Tract 5801,2663.0,17031580100,580100,58,1.0,42728.0,0.0623244710728328,BRIGHTON PARK,75.89279029683405
2020,Census Tract 5802,3377.0,17031580200,580200,58,1.0,42728.0,0.0790348249391499,BRIGHTON PARK,75.89279029683405
2020,Census Tract 5803,2524.0,17031580300,580300,58,1.0,42728.0,0.0590713349560007,BRIGHTON PARK,75.89279029683405
2020,Census Tract 5804,4739.0,17031580400,580400,58,1.0,42728.0,0.1109108781127129,BRIGHTON PARK,75.89279029683405
2020,Census Tract 5806,4691.0,17031580600,580600,58,1.0,42728.0,0.1097874929788429,BRIGHTON PARK,75.89279029683405
2020,Census Tract 5807,5968.0,17031580700,580700,58,1.0,42728.0,0.1396742183111776,BRIGHTON PARK,75.89279029683405
2020,Census Tract 6813,2532.0,17031681300,681300,68,1.0,22019.0,0.1149915981652209,ENGLEWOOD,85.65232306609218
2020,Census Tract 6814,2419.0,17031681400,681400,68,1.0,22019.0,0.1098596666515282,ENGLEWOOD,85.65232306609218
2020,Census Tract 6903,2284.0,17031690300,690300,69,1.0,29429.0,0.0776105202351422,GREATER GRAND CROSSING,98.85316769023828
2020,Census Tract 6905,744.0,17031690500,690500,69,1.0,29429.0,0.0252811852254578,GREATER GRAND CROSSING,98.85316769023828
2020,Census Tract 6909,4230.0,17031690900,690900,69,1.0,29429.0,0.1437357708382887,GREATER GRAND CROSSING,98.85316769023828
2020,Census Tract 6910,2102.0,17031691000,691000,69,1.0,29429.0,0.0714261442794522,GREATER GRAND CROSSING,98.85316769023828
2020,Census Tract 7001,3769.0,17031700100,700100,70,1.0,42902.0,0.0878513822199431,ASHBURN,135.46033718240324
2020,Census Tract 7002,6506.0,17031700200,700200,70,1.0,42902.0,0.1516479418208941,ASHBURN,135.46033718240324
2020,Census Tract 3206,5094.0,17031320600,320600,32,1.0,39327.0,0.1295293309939736,LOOP,46.3355654497116
2020,Census Tract 3302,3904.0,17031330200,330200,33,1.0,26376.0,0.1480133454655747,NEAR SOUTH SIDE,49.769639444136615
2020,Census Tract 5905,1861.0,17031590500,590500,59,1.0,15246.0,0.1220648038829857,MCKINLEY PARK,39.431799640295466
2020,Census Tract 5906,3550.0,17031590600,590600,59,1.0,15246.0,0.2328479601206874,MCKINLEY PARK,39.431799640295466
2020,Census Tract 6712,1031.0,17031671200,671200,67,1.0,26158.0,0.0394143283125621,WEST ENGLEWOOD,87.94769193108257
2020,Census Tract 6711,604.0,17031671100,671100,67,1.0,26158.0,0.02309045034024,WEST ENGLEWOOD,87.94769193108257
2020,Census Tract 6713,1745.0,17031671300,671300,67,1.0,26158.0,0.0667099931187399,WEST ENGLEWOOD,87.94769193108257
2020,Census Tract 6715,2360.0,17031671500,671500,67,1.0,26158.0,0.0902209649055738,WEST ENGLEWOOD,87.94769193108257
2020,Census Tract 6716,1693.0,17031671600,671600,67,1.0,26158.0,0.0647220735530239,WEST ENGLEWOOD,87.94769193108257
2020,Census Tract 6718,1235.0,17031671800,671800,67,1.0,26158.0,0.0472130896857557,WEST ENGLEWOOD,87.94769193108257
2020,Census Tract 6719,1136.0,17031671900,671900,67,1.0,26158.0,0.0434283966664118,WEST ENGLEWOOD,87.94769193108257
2020,Census Tract 7101,1085.0,17031710100,710100,71,1.0,46698.0,0.023234399760161,AUBURN GRESHAM,105.06535358129682
2020,Census Tract 7102,4324.0,17031710200,710200,71,1.0,46698.0,0.0925949719474067,AUBURN GRESHAM,105.06535358129682
2020,Census Tract 7104,5743.0,17031710400,710400,71,1.0,46698.0,0.1229817122788984,AUBURN GRESHAM,105.06535358129682
2020,Census Tract 7105,4329.0,17031710500,710500,71,1.0,46698.0,0.0927020429140434,AUBURN GRESHAM,105.06535358129682
2020,Census Tract 7106,1805.0,17031710600,710600,71,1.0,46698.0,0.0386526189558439,AUBURN GRESHAM,105.06535358129682
2020,Census Tract 7108,4788.0,17031710800,710800,71,1.0,46698.0,0.1025311576512912,AUBURN GRESHAM,105.06535358129682
2020,Census Tract 3403,1915.0,17031340300,340300,34,1.0,13401.0,0.1428997835982389,ARMOUR SQUARE,27.766196090094883
2020,Census Tract 3405,1535.0,17031340500,340500,34,1.0,13401.0,0.1145436907693455,ARMOUR SQUARE,27.766196090094883
2020,Census Tract 3406,1036.0,17031340600,340600,34,1.0,13401.0,0.0773076636071934,ARMOUR SQUARE,27.766196090094883
2020,Census Tract 4302,5220.0,17031430200,430200,43,1.0,51992.0,0.1004000615479304,SOUTH SHORE,81.81271638009841
2020,Census Tract 4303,2371.0,17031430300,430300,43,1.0,51992.0,0.0456031697184182,SOUTH SHORE,81.81271638009841
2020,Census Tract 306.04,3267.0,17031030604,30604,77,1.0,58693.0,0.0556625151210536,EDGEWATER,48.449990830225794
2020,Census Tract 315.02,4693.0,17031031502,31502,3,1.0,59453.0,0.0789363026256034,UPTOWN,65.09564271609112
2020,Census Tract 814.02,5429.0,17031081402,81402,8,1.0,95405.0,0.0569047743828939,NEAR NORTH SIDE,76.67589595801923
2020,Census Tract 802.01,3038.0,17031080201,80201,8,1.0,95405.0,0.031843194801111,NEAR NORTH SIDE,76.67589595801923
2020,Census Tract 7608.02,2343.0,17031760802,760802,76,1.0,13285.0,0.1763643206624012,OHARE,371.8356076134321
2020,Census Tract 1406.01,2803.0,17031140601,140601,14,1.0,49280.0,0.0568790584415584,ALBANY PARK,53.54223080864773
2020,Census Tract 701.02,3394.0,17031070102,70102,7,1.0,69568.0,0.0487867985280588,LINCOLN PARK,88.31640045539218
2020,Census Tract 2105.02,4536.0,17031210502,210502,21,1.0,37360.0,0.1214132762312633,AVONDALE,55.29059546222403
2020,Census Tract 5401.02,3195.0,17031540102,540102,54,1.0,7414.0,0.4309414620987321,RIVERDALE,98.38949739579031
2020,Census Tract 7004.02,3801.0,17031700402,700402,70,1.0,42902.0,0.088597268192625,ASHBURN,135.46033718240324
2020,Census Tract 308,4389.0,17031030800,30800,77,1.0,58693.0,0.0747789344555568,EDGEWATER,48.449990830225794
2020,Census Tract 311,4596.0,17031031100,31100,3,1.0,59453.0,0.0773047617445713,UPTOWN,65.09564271609112
2020,Census Tract 313,7796.0,17031031300,31300,3,1.0,59453.0,0.131128790809547,UPTOWN,65.09564271609112
2020,Census Tract 319,2553.0,17031031900,31900,3,1.0,59453.0,0.0429414831884009,UPTOWN,65.09564271609112
2020,Census Tract 1605.01,3631.0,17031160501,160501,16,1.0,53604.0,0.0677374822774419,IRVING PARK,89.61138229311392
2020,Census Tract 401,3934.0,17031040100,40100,4,1.0,41350.0,0.0951390568319226,LINCOLN SQUARE,71.35232822594875
2020,Census Tract 403,2844.0,17031040300,40300,4,1.0,41350.0,0.0687787182587666,LINCOLN SQUARE,71.35232822594875
2020,Census Tract 6116,1535.0,17031611600,611600,61,1.0,39055.0,0.0393035462808859,NEW CITY,134.6369632279751
2020,Census Tract 3404,1750.0,17031340400,340400,34,1.0,13401.0,0.1305872696067457,ARMOUR SQUARE,27.766196090094883
2020,Census Tract 4307,2686.0,17031430700,430700,43,1.0,51992.0,0.0516617941221726,SOUTH SHORE,81.81271638009841
2020,Census Tract 1910,2735.0,17031191000,191000,19,1.0,78788.0,0.0347134081332182,BELMONT CRAGIN,109.09941466771691
2020,Census Tract 5604,1640.0,17031560400,560400,56,1.0,36049.0,0.0454936336652889,GARFIELD RIDGE,117.89077840626808
2020,Census Tract 7107,3425.0,17031710700,710700,71,1.0,46698.0,0.0733436121461304,AUBURN GRESHAM,105.06535358129682
2020,Census Tract 5501,6584.0,17031550100,550100,55,1.0,9175.0,0.7176021798365123,HEGEWISCH,145.96574140897752
2020,Census Tract 2832,1676.0,17031283200,283200,28,1.0,62816.0,0.026681100356597,NEAR WEST SIDE,158.49246652347665
2020,Census Tract 1005,5620.0,17031100500,100500,10,1.0,38088.0,0.1475530350766645,NORWOOD PARK,121.95910544621267
2021,Census Tract 5103,4345.0,17031510300,510300,51,1.0,15198.0,0.2858928806421897,SOUTH DEERING,303.79705960132867
2021,Census Tract 5201,2269.0,17031520100,520100,52,1.0,24429.0,0.0928814114372262,EAST SIDE,83.24172803329057
2021,Census Tract 5907,3016.0,17031590700,590700,59,1.0,15558.0,0.19385525131765,MCKINLEY PARK,39.431799640295466
2021,Census Tract 6004,4117.0,17031600400,600400,60,1.0,34427.0,0.1195863711621692,BRIDGEPORT,58.29151926539481
2021,Census Tract 8306,4959.0,17031830600,830600,1,1.0,55789.0,0.0888884905626557,ROGERS PARK,51.25990244057384
2021,Census Tract 8308,2612.0,17031830800,830800,4,1.0,42338.0,0.0616939864896783,LINCOLN SQUARE,71.35232822594875
2021,Census Tract 8307,4081.0,17031830700,830700,3,1.0,59119.0,0.069030260999002,UPTOWN,65.09564271609112
2021,Census Tract 8309,2953.0,17031830900,830900,22,1.0,71408.0,0.0413539099260587,LOGAN SQUARE,100.05756668057336
2021,Census Tract 8352,2157.0,17031835200,835200,56,1.0,36704.0,0.0587674367916303,GARFIELD RIDGE,117.89077840626808
2021,Census Tract 8399,4759.0,17031839900,839900,60,1.0,34427.0,0.1382345252272925,BRIDGEPORT,58.29151926539481
2021,Census Tract 8397,5024.0,17031839700,839700,60,1.0,34427.0,0.1459319719987219,BRIDGEPORT,58.29151926539481
2021,Census Tract 8398,2703.0,17031839800,839800,60,1.0,34427.0,0.0785139570685798,BRIDGEPORT,58.29151926539481
2021,Census Tract 8348,1737.0,17031834800,834800,68,1.0,21054.0,0.0825021373610715,ENGLEWOOD,85.65232306609218
2021,Census Tract 8347,1094.0,17031834700,834700,68,1.0,21054.0,0.0519616224945378,ENGLEWOOD,85.65232306609218
2021,Census Tract 8320,1774.0,17031832000,832000,6,1.0,102611.0,0.0172885947900322,LAKE VIEW,87.21479925558447
2021,Census Tract 8325,3180.0,17031832500,832500,7,1.0,69641.0,0.0456627561350354,LINCOLN PARK,88.31640045539218
2021,Census Tract 8323,1910.0,17031832300,832300,22,1.0,71408.0,0.0267477033385615,LOGAN SQUARE,100.05756668057336
2021,Census Tract 8383,2080.0,17031838300,838300,8,1.0,98505.0,0.0211156794071366,NEAR NORTH SIDE,76.67589595801923
2021,Census Tract 8318,6981.0,17031831800,831800,13,1.0,18847.0,0.3704037777895686,NORTH PARK,70.28870642060181
2021,Census Tract 8317,2182.0,17031831700,831700,15,1.0,65563.0,0.0332809663987309,PORTAGE PARK,110.19609711747748
2021,Census Tract 8351,4934.0,17031835100,835100,63,1.0,35621.0,0.1385137980404817,GAGE PARK,61.28489610145672
2021,Census Tract 8350,5429.0,17031835000,835000,66,1.0,51169.0,0.1060993961187437,CHICAGO LAWN,98.27946509626284
2021,Census Tract 8437,2482.0,17031843700,843700,5,1.0,37094.0,0.0669110907424381,NORTH CENTER,57.05416783863191
2021,Census Tract 2207.02,4129.0,17031220702,220702,22,1.0,71408.0,0.0578226529240421,LOGAN SQUARE,100.05756668057336
2021,Census Tract 8421,6797.0,17031842100,842100,23,1.0,55785.0,0.1218427892802724,HUMBOLDT PARK,100.48087648273764
2021,Census Tract 8433,1558.0,17031843300,843300,29,1.0,32106.0,0.0485267551236529,NORTH LAWNDALE,89.48742200680012
2021,Census Tract 8311,7706.0,17031831100,831100,21,1.0,36820.0,0.2092884302009777,AVONDALE,55.29059546222403
2021,Census Tract 8315,3885.0,17031831500,831500,19,1.0,78610.0,0.0494211932324131,BELMONT CRAGIN,109.09941466771691
2021,Census Tract 8316,7313.0,17031831600,831600,18,1.0,13776.0,0.5308507549361208,MONTCLARE,27.57639362717424
2021,Census Tract 8312,4855.0,17031831200,831200,20,1.0,23201.0,0.2092582216283781,HERMOSA,32.60205939915233
2021,Census Tract 8310,1116.0,17031831000,831000,22,0.5,71408.0,0.0156285010082903,LOGAN SQUARE,100.05756668057336
2021,Census Tract 8310,1116.0,17031831000,831000,24,0.5,86881.0,0.0128451560180016,WEST TOWN,127.56290457232984
2021,Census Tract 8430,2509.0,17031843000,843000,29,1.0,32106.0,0.0781473867812869,NORTH LAWNDALE,89.48742200680012
2021,Census Tract 8431,1545.0,17031843100,843100,29,1.0,32106.0,0.0481218463838534,NORTH LAWNDALE,89.48742200680012
2021,Census Tract 8429,2949.0,17031842900,842900,28,1.0,65019.0,0.0453559728694689,NEAR WEST SIDE,158.49246652347665
2021,Census Tract 8435,10528.0,17031843500,843500,30,1.0,70281.0,0.1497986653576357,SOUTH LAWNDALE,127.99829784190968
2021,Census Tract 8420,3058.0,17031842000,842000,35,1.0,21278.0,0.1437165147100291,DOUGLAS,46.004621149279
2021,Census Tract 8324,3280.0,17031832400,832400,22,1.0,71408.0,0.0459332287698857,LOGAN SQUARE,100.05756668057336
2021,Census Tract 8329,1914.0,17031832900,832900,28,1.0,65019.0,0.0294375490241314,NEAR WEST SIDE,158.49246652347665
2021,Census Tract 8403,3668.0,17031840300,840300,59,1.0,15558.0,0.2357629515361871,MCKINLEY PARK,39.431799640295466
2021,Census Tract 8386,1658.0,17031838600,838600,29,1.0,32106.0,0.0516414377374945,NORTH LAWNDALE,89.48742200680012
2021,Census Tract 8396,1845.0,17031839600,839600,35,1.0,21278.0,0.0867092771877056,DOUGLAS,46.004621149279
2021,Census Tract 8349,1012.0,17031834900,834900,67,1.0,26282.0,0.0385054409862263,WEST ENGLEWOOD,87.94769193108257
2021,Census Tract 306.03,2361.0,17031030603,30603,77,1.0,58084.0,0.0406480269953859,EDGEWATER,48.449990830225794
2021,Census Tract 8322,2838.0,17031832200,832200,22,1.0,71408.0,0.0397434461124803,LOGAN SQUARE,100.05756668057336
2021,Census Tract 8367,2259.0,17031836700,836700,23,1.0,55785.0,0.0404947566550147,HUMBOLDT PARK,100.48087648273764
2021,Census Tract 8368,2634.0,17031836800,836800,27,1.0,19908.0,0.1323086196503918,EAST GARFIELD PARK,53.88322083574582
2021,Census Tract 8366,2329.0,17031836600,836600,23,1.0,55785.0,0.0417495742583131,HUMBOLDT PARK,100.48087648273764
2021,Census Tract 8330,5101.0,17031833000,833000,28,1.0,65019.0,0.078453990372045,NEAR WEST SIDE,158.49246652347665
2021,Census Tract 8425,2329.0,17031842500,842500,69,1.0,29309.0,0.0794636459790508,GREATER GRAND CROSSING,98.85316769023828
2021,Census Tract 8418,2486.0,17031841800,841800,69,1.0,29309.0,0.084820362346037,GREATER GRAND CROSSING,98.85316769023828
2021,Census Tract 9801,0.0,17031980100,980100,56,0.5,36704.0,0.0,GARFIELD RIDGE,117.89077840626808
2021,Census Tract 9801,0.0,17031980100,980100,64,0.5,25507.0,0.0,CLEARING,71.14519236904174
2021,Census Tract 8428,6620.0,17031842800,842800,58,1.0,43197.0,0.1532513831979072,BRIGHTON PARK,75.89279029683405
2021,Census Tract 8438,1425.0,17031843800,843800,61,1.0,39573.0,0.0360094003487226,NEW CITY,134.6369632279751
2021,Census Tract 8410,1089.0,17031841000,841000,33,1.0,26816.0,0.0406100835322195,NEAR SOUTH SIDE,49.769639444136615
2021,Census Tract 8365,1730.0,17031836500,836500,36,1.0,7413.0,0.2333738027789019,OAKLAND,16.913961037490527
2021,Census Tract 8439,1644.0,17031843900,843900,42,0.5,23966.0,0.0685971793373946,WOODLAWN,57.81517950095547
2021,Census Tract 8439,1644.0,17031843900,843900,43,0.5,54209.0,0.0303270674611226,SOUTH SHORE,81.81271638009841
2021,Census Tract 8342,4988.0,17031834200,834200,43,1.0,54209.0,0.0920142411776642,SOUTH SHORE,81.81271638009841
2021,Census Tract 8422,3670.0,17031842200,842200,8,1.0,98505.0,0.0372569920308613,NEAR NORTH SIDE,76.67589595801923
2021,Census Tract 8380,2612.0,17031838000,838000,28,1.0,65019.0,0.0401728725449484,NEAR WEST SIDE,158.49246652347665
2021,Census Tract 107.02,5014.0,17031010702,10702,1,1.0,55789.0,0.089874347989747,ROGERS PARK,51.25990244057384
2021,Census Tract 105.03,2182.0,17031010503,10503,1,1.0,55789.0,0.0391116528347882,ROGERS PARK,51.25990244057384
2021,Census Tract 105.02,2816.0,17031010502,10502,1,1.0,55789.0,0.0504759002670777,ROGERS PARK,51.25990244057384
2021,Census Tract 107.01,3646.0,17031010701,10701,1,1.0,55789.0,0.065353385075911,ROGERS PARK,51.25990244057384
2021,Census Tract 209.02,4517.0,17031020902,20902,2,1.0,79897.0,0.0565352891848254,WEST RIDGE,98.4290948429624
2021,Census Tract 203.02,5348.0,17031020302,20302,2,1.0,79897.0,0.0669361803321776,WEST RIDGE,98.4290948429624
2021,Census Tract 206.01,5937.0,17031020601,20601,2,1.0,79897.0,0.0743081717711553,WEST RIDGE,98.4290948429624
2021,Census Tract 203.01,5303.0,17031020301,20301,2,1.0,79897.0,0.0663729551797939,WEST RIDGE,98.4290948429624
2021,Census Tract 7608.03,6253.0,17031760803,760803,76,1.0,13418.0,0.4660157996720823,OHARE,371.8356076134321
2021,Census Tract 5305.01,5007.0,17031530501,530501,53,1.0,26951.0,0.1857816036510704,WEST PULLMAN,99.36519806341394
2021,Census Tract 5305.03,5574.0,17031530503,530503,53,1.0,26951.0,0.2068197840525397,WEST PULLMAN,99.36519806341394
2021,Census Tract 6503.01,4772.0,17031650301,650301,65,1.0,32398.0,0.1472930427804185,WEST LAWN,82.3153016672832
2021,Census Tract 6503.02,4782.0,17031650302,650302,65,1.0,32398.0,0.1476017038088771,WEST LAWN,82.3153016672832
2021,Census Tract 5305.02,1494.0,17031530502,530502,53,1.0,26951.0,0.0554339356610144,WEST PULLMAN,99.36519806341394
2021,Census Tract 8313,1080.0,17031831300,831300,25,1.0,97313.0,0.0110982088724014,AUSTIN,199.25420338818205
2021,Census Tract 8314,2805.0,17031831400,831400,25,1.0,97313.0,0.0288245147102648,AUSTIN,199.25420338818205
2021,Census Tract 8370,1865.0,17031837000,837000,27,1.0,19908.0,0.0936809322885272,EAST GARFIELD PARK,53.88322083574582
2021,Census Tract 8424,3008.0,17031842400,842400,44,1.0,32486.0,0.0925937326848488,CHATHAM,82.32067029535114
2021,Census Tract 8321,3581.0,17031832100,832100,6,1.0,102611.0,0.0348987925271169,LAKE VIEW,87.21479925558447
2021,Census Tract 208.02,8514.0,17031020802,20802,2,1.0,79897.0,0.1065621988309949,WEST RIDGE,98.4290948429624
2021,Census Tract 207.02,8659.0,17031020702,20702,2,1.0,79897.0,0.1083770354331201,WEST RIDGE,98.4290948429624
2021,Census Tract 208.01,6025.0,17031020801,20801,2,1.0,79897.0,0.0754095898469279,WEST RIDGE,98.4290948429624
2021,Census Tract 402.02,7726.0,17031040202,40202,4,1.0,42338.0,0.1824838206811847,LINCOLN SQUARE,71.35232822594875
2021,Census Tract 402.01,6980.0,17031040201,40201,4,1.0,42338.0,0.1648637158108555,LINCOLN SQUARE,71.35232822594875
2021,Census Tract 404.02,4621.0,17031040402,40402,4,1.0,42338.0,0.1091454485332325,LINCOLN SQUARE,71.35232822594875
2021,Census Tract 315.01,4684.0,17031031501,31501,3,1.0,59119.0,0.0792300275715083,UPTOWN,65.09564271609112
2021,Census Tract 812.01,4684.0,17031081201,81201,8,1.0,98505.0,0.0475508857418405,NEAR NORTH SIDE,76.67589595801923
2021,Census Tract 633.01,3008.0,17031063301,63301,6,1.0,102611.0,0.0293145959010242,LAKE VIEW,87.21479925558447
2021,Census Tract 4909.01,3093.0,17031490901,490901,49,1.0,39128.0,0.0790482518912287,ROSELAND,134.31370670490057
2021,Census Tract 4909.02,4573.0,17031490902,490902,49,1.0,39128.0,0.1168728276426088,ROSELAND,134.31370670490057
2021,Census Tract 3018.01,4120.0,17031301801,301801,30,1.0,70281.0,0.0586218181300778,SOUTH LAWNDALE,127.99829784190968
2021,Census Tract 7003.01,6693.0,17031700301,700301,70,1.0,44215.0,0.1513739681103698,ASHBURN,135.46033718240324
2021,Census Tract 3017.02,3617.0,17031301702,301702,30,1.0,70281.0,0.0514648340234202,SOUTH LAWNDALE,127.99829784190968
2021,Census Tract 7004.01,6744.0,17031700401,700401,70,1.0,44215.0,0.1525274228203098,ASHBURN,135.46033718240324
2021,Census Tract 8371,1654.0,17031837100,837100,27,1.0,19908.0,0.0830821780188868,EAST GARFIELD PARK,53.88322083574582
2021,Census Tract 8374,2204.0,17031837400,837400,27,1.0,19908.0,0.1107092626079967,EAST GARFIELD PARK,53.88322083574582
2021,Census Tract 8378,2529.0,17031837800,837800,28,1.0,65019.0,0.0388963226133899,NEAR WEST SIDE,158.49246652347665
2021,Census Tract 8373,2710.0,17031837300,837300,27,1.0,19908.0,0.1361261804299779,EAST GARFIELD PARK,53.88322083574582
2021,Census Tract 8415,2255.0,17031841500,841500,29,1.0,32106.0,0.0702360929421292,NORTH LAWNDALE,89.48742200680012
2021,Census Tract 8387,4056.0,17031838700,838700,29,1.0,32106.0,0.1263315268174173,NORTH LAWNDALE,89.48742200680012
2021,Census Tract 1505.01,3803.0,17031150501,150501,15,1.0,65563.0,0.0580052773668074,PORTAGE PARK,110.19609711747748
2021,Census Tract 1504.01,4925.0,17031150401,150401,15,1.0,65563.0,0.0751185882281164,PORTAGE PARK,110.19609711747748
2021,Census Tract 1505.02,4222.0,17031150502,150502,15,1.0,65563.0,0.0643960770556563,PORTAGE PARK,110.19609711747748
2021,Census Tract 1105.02,3363.0,17031110502,110502,11,1.0,27172.0,0.1237671132047696,JEFFERSON PARK,64.86816166921948
2021,Census Tract 1504.02,3795.0,17031150402,150402,15,1.0,65563.0,0.0578832573250156,PORTAGE PARK,110.19609711747748
2021,Census Tract 1403.02,3685.0,17031140302,140302,14,1.0,48647.0,0.0757497892984151,ALBANY PARK,53.54223080864773
2021,Census Tract 1403.01,2983.0,17031140301,140301,14,1.0,48647.0,0.0613193002651756,ALBANY PARK,53.54223080864773
2021,Census Tract 7003.02,6050.0,17031700302,700302,70,1.0,44215.0,0.1368313920615176,ASHBURN,135.46033718240324
2021,Census Tract 5805.01,4773.0,17031580501,580501,58,1.0,43197.0,0.1104937842905757,BRIGHTON PARK,75.89279029683405
2021,Census Tract 5805.02,4832.0,17031580502,580502,58,1.0,43197.0,0.1118596198810102,BRIGHTON PARK,75.89279029683405
2021,Census Tract 7302.01,5075.0,17031730201,730201,73,1.0,26676.0,0.1902459139301244,WASHINGTON HEIGHTS,79.63575286171745
2021,Census Tract 3018.02,2769.0,17031301802,301802,30,1.0,70281.0,0.0393989840782003,SOUTH LAWNDALE,127.99829784190968
2021,Census Tract 4401.01,4680.0,17031440101,440101,44,1.0,32486.0,0.144062057501693,CHATHAM,82.32067029535114
2021,Census Tract 3017.01,3637.0,17031301701,301701,30,1.0,70281.0,0.0517494059560905,SOUTH LAWNDALE,127.99829784190968
2021,Census Tract 8391,8363.0,17031839100,839100,32,1.0,39834.0,0.2099462770497565,LOOP,46.3355654497116
2021,Census Tract 8331,7994.0,17031833100,833100,28,1.0,65019.0,0.1229486765407034,NEAR WEST SIDE,158.49246652347665
2021,Census Tract 8381,1571.0,17031838100,838100,28,1.0,65019.0,0.0241621679816669,NEAR WEST SIDE,158.49246652347665
2021,Census Tract 8333,2843.0,17031833300,833300,28,1.0,65019.0,0.0437256801857918,NEAR WEST SIDE,158.49246652347665
2021,Census Tract 8382,2000.0,17031838200,838200,28,1.0,65019.0,0.0307602393146618,NEAR WEST SIDE,158.49246652347665
2021,Census Tract 1407.02,5806.0,17031140702,140702,14,1.0,48647.0,0.119349600180895,ALBANY PARK,53.54223080864773
2021,Census Tract 1406.02,4972.0,17031140602,140602,14,1.0,48647.0,0.1022056858593541,ALBANY PARK,53.54223080864773
2021,Census Tract 1407.01,3046.0,17031140701,140701,14,1.0,48647.0,0.062614344152774,ALBANY PARK,53.54223080864773
2021,Census Tract 1605.02,3919.0,17031160502,160502,16,1.0,54280.0,0.0721997052321297,IRVING PARK,89.61138229311392
2021,Census Tract 1606.02,3743.0,17031160602,160602,16,1.0,54280.0,0.0689572586588061,IRVING PARK,89.61138229311392
2021,Census Tract 1510.02,5363.0,17031151002,151002,15,1.0,65563.0,0.081799185516221,PORTAGE PARK,110.19609711747748
2021,Census Tract 1510.01,2870.0,17031151001,151001,15,1.0,65563.0,0.0437746899928313,PORTAGE PARK,110.19609711747748
2021,Census Tract 1904.02,5306.0,17031190402,190402,19,1.0,78610.0,0.0674977738201246,BELMONT CRAGIN,109.09941466771691
2021,Census Tract 4313.01,3558.0,17031431301,431301,43,1.0,54209.0,0.0656348576804589,SOUTH SHORE,81.81271638009841
2021,Census Tract 4313.02,3260.0,17031431302,431302,43,1.0,54209.0,0.0601376155250973,SOUTH SHORE,81.81271638009841
2021,Census Tract 4603.02,3796.0,17031460302,460302,46,1.0,30399.0,0.124872528701602,SOUTH CHICAGO,93.2721849914544
2021,Census Tract 4603.01,3292.0,17031460301,460301,46,1.0,30399.0,0.1082930359551301,SOUTH CHICAGO,93.2721849914544
2021,Census Tract 7005.01,6666.0,17031700501,700501,70,1.0,44215.0,0.1507633156168721,ASHBURN,135.46033718240324
2021,Census Tract 7005.02,3707.0,17031700502,700502,70,1.0,44215.0,0.0838403256813298,ASHBURN,135.46033718240324
2021,Census Tract 2106.01,3026.0,17031210601,210601,21,1.0,36820.0,0.0821835958718088,AVONDALE,55.29059546222403
2021,Census Tract 8411,7065.0,17031841100,841100,34,1.0,13284.0,0.5318428184281843,ARMOUR SQUARE,27.766196090094883
2021,Census Tract 8402,2315.0,17031840200,840200,60,1.0,34427.0,0.0672437331164493,BRIDGEPORT,58.29151926539481
2021,Census Tract 8413,4333.0,17031841300,841300,31,1.0,33588.0,0.129004406335596,LOWER WEST SIDE,81.55072362189355
2021,Census Tract 8407,4116.0,17031840700,840700,30,1.0,70281.0,0.0585649037435437,SOUTH LAWNDALE,127.99829784190968
2021,Census Tract 8417,1123.0,17031841700,841700,30,1.0,70281.0,0.0159787140194362,SOUTH LAWNDALE,127.99829784190968
2021,Census Tract 1906.02,5551.0,17031190602,190602,19,1.0,78610.0,0.0706144256455921,BELMONT CRAGIN,109.09941466771691
2021,Census Tract 1904.01,4227.0,17031190401,190401,19,1.0,78610.0,0.0537717847602086,BELMONT CRAGIN,109.09941466771691
2021,Census Tract 1907.02,5127.0,17031190702,190702,19,1.0,78610.0,0.0652207098333545,BELMONT CRAGIN,109.09941466771691
2021,Census Tract 1913.02,4849.0,17031191302,191302,19,1.0,78610.0,0.0616842640885383,BELMONT CRAGIN,109.09941466771691
2021,Census Tract 1906.01,4616.0,17031190601,190601,19,1.0,78610.0,0.0587202645973794,BELMONT CRAGIN,109.09941466771691
2021,Census Tract 1913.01,5405.0,17031191301,191301,19,1.0,78610.0,0.0687571555781707,BELMONT CRAGIN,109.09941466771691
2021,Census Tract 2004.02,5179.0,17031200402,200402,20,1.0,23201.0,0.2232231369337528,HERMOSA,32.60205939915233
2021,Census Tract 2004.01,3269.0,17031200401,200401,20,1.0,23201.0,0.1408990991767596,HERMOSA,32.60205939915233
2021,Census Tract 2209.02,3139.0,17031220902,220902,22,1.0,71408.0,0.0439586600941071,LOGAN SQUARE,100.05756668057336
2021,Census Tract 2105.01,2719.0,17031210501,210501,21,1.0,36820.0,0.0738457360130363,AVONDALE,55.29059546222403
2021,Census Tract 1606.01,3196.0,17031160601,160601,16,1.0,54280.0,0.0588798820928518,IRVING PARK,89.61138229311392
2021,Census Tract 619.01,3348.0,17031061901,61901,6,1.0,102611.0,0.0326280808100496,LAKE VIEW,87.21479925558447
2021,Census Tract 8408,3373.0,17031840800,840800,30,1.0,70281.0,0.0479930564448428,SOUTH LAWNDALE,127.99829784190968
2021,Census Tract 307.03,2995.0,17031030703,30703,77,1.0,58084.0,0.0515632532194752,EDGEWATER,48.449990830225794
2021,Census Tract 814.03,8984.0,17031081403,81403,8,1.0,98505.0,0.0912034922085173,NEAR NORTH SIDE,76.67589595801923
2021,Census Tract 307.02,2323.0,17031030702,30702,77,1.0,58084.0,0.0399938020797465,EDGEWATER,48.449990830225794
2021,Census Tract 4401.02,3255.0,17031440102,440102,44,1.0,32486.0,0.1001970079418826,CHATHAM,82.32067029535114
2021,Census Tract 4402.02,2720.0,17031440202,440202,44,1.0,32486.0,0.0837283753001292,CHATHAM,82.32067029535114
2021,Census Tract 8305,3988.0,17031830500,830500,30,1.0,70281.0,0.0567436433744539,SOUTH LAWNDALE,127.99829784190968
2021,Census Tract 8401,3116.0,17031840100,840100,60,1.0,34427.0,0.0905103552444302,BRIDGEPORT,58.29151926539481
2021,Census Tract 8404,3427.0,17031840400,840400,59,1.0,15558.0,0.2202725286026481,MCKINLEY PARK,39.431799640295466
2021,Census Tract 8392,2473.0,17031839200,839200,35,1.0,21278.0,0.1162233292602688,DOUGLAS,46.004621149279
2021,Census Tract 8355,1375.0,17031835500,835500,37,1.0,2213.0,0.6213285133303208,FULLER PARK,19.916704865338488
2021,Census Tract 701.01,4054.0,17031070101,70101,7,1.0,69641.0,0.0582128343935325,LINCOLN PARK,88.31640045539218
2021,Census Tract 1105.01,5087.0,17031110501,110501,11,1.0,27172.0,0.1872147799205064,JEFFERSON PARK,64.86816166921948
2021,Census Tract 301.04,3245.0,17031030104,30104,77,1.0,58084.0,0.0558673645065766,EDGEWATER,48.449990830225794
2021,Census Tract 814.01,2247.0,17031081401,81401,8,1.0,98505.0,0.022811024821075,NEAR NORTH SIDE,76.67589595801923
2021,Census Tract 4301.02,3602.0,17031430102,430102,43,1.0,54209.0,0.0664465310188345,SOUTH SHORE,81.81271638009841
2021,Census Tract 4301.01,3090.0,17031430101,430101,43,1.0,54209.0,0.0570016048995554,SOUTH SHORE,81.81271638009841
2021,Census Tract 2521.01,1322.0,17031252101,252101,25,1.0,97313.0,0.0135850297493654,AUSTIN,199.25420338818205
2021,Census Tract 105.01,4057.0,17031010501,10501,1,1.0,55789.0,0.0727204287583573,ROGERS PARK,51.25990244057384
2021,Census Tract 207.01,1728.0,17031020701,20701,2,1.0,79897.0,0.0216278458515338,WEST RIDGE,98.4290948429624
2021,Census Tract 102.01,8232.0,17031010201,10201,1,1.0,55789.0,0.147555969814838,ROGERS PARK,51.25990244057384
2021,Census Tract 7608.01,4814.0,17031760801,760801,76,1.0,13418.0,0.3587717990758682,OHARE,371.8356076134321
2021,Census Tract 8390,10155.0,17031839000,839000,32,1.0,39834.0,0.2549329718331073,LOOP,46.3355654497116
2021,Census Tract 4402.01,6178.0,17031440201,440201,44,1.0,32486.0,0.1901742288986024,CHATHAM,82.32067029535114
2021,Census Tract 5401.01,4535.0,17031540101,540101,54,1.0,7934.0,0.5715906226367532,RIVERDALE,98.38949739579031
2021,Census Tract 8340,3146.0,17031834000,834000,49,1.0,39128.0,0.0804027806174606,ROSELAND,134.31370670490057
2021,Census Tract 8339,2817.0,17031833900,833900,46,1.0,30399.0,0.0926675219579591,SOUTH CHICAGO,93.2721849914544
2021,Census Tract 2210,2570.0,17031221000,221000,22,1.0,71408.0,0.0359903652251848,LOGAN SQUARE,100.05756668057336
2021,Census Tract 2211,4498.0,17031221100,221100,22,1.0,71408.0,0.0629901411606542,LOGAN SQUARE,100.05756668057336
2021,Census Tract 2428,1561.0,17031242800,242800,24,1.0,86881.0,0.0179671044301976,WEST TOWN,127.56290457232984
2021,Census Tract 2429,1869.0,17031242900,242900,24,1.0,86881.0,0.0215121833312231,WEST TOWN,127.56290457232984
2021,Census Tract 2430,2201.0,17031243000,243000,24,1.0,86881.0,0.0253335021466143,WEST TOWN,127.56290457232984
2021,Census Tract 2431,2225.0,17031243100,243100,24,1.0,86881.0,0.0256097420609799,WEST TOWN,127.56290457232984
2021,Census Tract 2432,2154.0,17031243200,243200,24,1.0,86881.0,0.0247925323143149,WEST TOWN,127.56290457232984
2021,Census Tract 2433,2191.0,17031243300,243300,24,1.0,86881.0,0.0252184021822953,WEST TOWN,127.56290457232984
2021,Census Tract 2434,3013.0,17031243400,243400,24,1.0,86881.0,0.034679619249318,WEST TOWN,127.56290457232984
2021,Census Tract 714,4799.0,17031071400,71400,7,1.0,69641.0,0.0689105555635329,LINCOLN PARK,88.31640045539218
2021,Census Tract 1104,4551.0,17031110400,110400,11,1.0,27172.0,0.1674885911968202,JEFFERSON PARK,64.86816166921948
2021,Census Tract 1506,4378.0,17031150600,150600,15,1.0,65563.0,0.0667754678705977,PORTAGE PARK,110.19609711747748
2021,Census Tract 1507,4375.0,17031150700,150700,15,1.0,65563.0,0.0667297103549258,PORTAGE PARK,110.19609711747748
2021,Census Tract 1508,5152.0,17031150800,150800,15,1.0,65563.0,0.0785809069139606,PORTAGE PARK,110.19609711747748
2021,Census Tract 1511,5683.0,17031151100,151100,15,1.0,65563.0,0.0866799871878956,PORTAGE PARK,110.19609711747748
2021,Census Tract 1512,3886.0,17031151200,151200,15,1.0,65563.0,0.059271235300398,PORTAGE PARK,110.19609711747748
2021,Census Tract 2415,2772.0,17031241500,241500,24,1.0,86881.0,0.0319057101092298,WEST TOWN,127.56290457232984
2021,Census Tract 2411,3692.0,17031241100,241100,24,1.0,86881.0,0.0424949068265788,WEST TOWN,127.56290457232984
2021,Census Tract 2416,3486.0,17031241600,241600,24,1.0,86881.0,0.0401238475616072,WEST TOWN,127.56290457232984
2021,Census Tract 2413,1981.0,17031241300,241300,24,1.0,86881.0,0.022801302931596,WEST TOWN,127.56290457232984
2021,Census Tract 2414,6005.0,17031241400,241400,24,1.0,86881.0,0.0691175285735661,WEST TOWN,127.56290457232984
2021,Census Tract 2435,4362.0,17031243500,243500,24,1.0,86881.0,0.0502066044359526,WEST TOWN,127.56290457232984
2021,Census Tract 2502,3183.0,17031250200,250200,25,1.0,97313.0,0.0327088878156053,AUSTIN,199.25420338818205
2021,Census Tract 2503,5095.0,17031250300,250300,25,1.0,97313.0,0.0523568279674863,AUSTIN,199.25420338818205
2021,Census Tract 2504,5467.0,17031250400,250400,25,1.0,97313.0,0.056179544356869,AUSTIN,199.25420338818205
2021,Census Tract 2505,6727.0,17031250500,250500,25,1.0,97313.0,0.069127454708004,AUSTIN,199.25420338818205
2021,Census Tract 715,6110.0,17031071500,71500,7,1.0,69641.0,0.0877356729512787,LINCOLN PARK,88.31640045539218
2021,Census Tract 718,2752.0,17031071800,71800,7,1.0,69641.0,0.0395169512212633,LINCOLN PARK,88.31640045539218
2021,Census Tract 801,6886.0,17031080100,80100,8,1.0,98505.0,0.0699050809603573,NEAR NORTH SIDE,76.67589595801923
2021,Census Tract 803,5018.0,17031080300,80300,8,1.0,98505.0,0.0509415765697172,NEAR NORTH SIDE,76.67589595801923
2021,Census Tract 804,4699.0,17031080400,80400,8,1.0,98505.0,0.0477031622760266,NEAR NORTH SIDE,76.67589595801923
2021,Census Tract 1601,2847.0,17031160100,160100,16,1.0,54280.0,0.0524502579218865,IRVING PARK,89.61138229311392
2021,Census Tract 1602,3325.0,17031160200,160200,16,1.0,54280.0,0.0612564480471628,IRVING PARK,89.61138229311392
2021,Census Tract 1603,3475.0,17031160300,160300,16,1.0,54280.0,0.0640198968312454,IRVING PARK,89.61138229311392
2021,Census Tract 1604,4790.0,17031160400,160400,16,1.0,54280.0,0.0882461311717022,IRVING PARK,89.61138229311392
2021,Census Tract 1607,6275.0,17031160700,160700,16,1.0,54280.0,0.1156042741341193,IRVING PARK,89.61138229311392
2021,Census Tract 2213,3021.0,17031221300,221300,22,1.0,71408.0,0.0423061841810441,LOGAN SQUARE,100.05756668057336
2021,Census Tract 2215,2763.0,17031221500,221500,22,1.0,71408.0,0.0386931436253641,LOGAN SQUARE,100.05756668057336
2021,Census Tract 2214,3246.0,17031221400,221400,22,1.0,71408.0,0.045457091642393,LOGAN SQUARE,100.05756668057336
2021,Census Tract 2506,4658.0,17031250600,250600,25,1.0,97313.0,0.0478661638218943,AUSTIN,199.25420338818205
2021,Census Tract 2507,5965.0,17031250700,250700,25,1.0,97313.0,0.0612970517813652,AUSTIN,199.25420338818205
2021,Census Tract 2508,2525.0,17031250800,250800,25,1.0,97313.0,0.0259472012989014,AUSTIN,199.25420338818205
2021,Census Tract 2510,1106.0,17031251000,251000,25,1.0,97313.0,0.0113653879748851,AUSTIN,199.25420338818205
2021,Census Tract 2511,4767.0,17031251100,251100,25,1.0,97313.0,0.0489862608284607,AUSTIN,199.25420338818205
2021,Census Tract 514,2428.0,17031051400,51400,5,1.0,37094.0,0.0654553297029169,NORTH CENTER,57.05416783863191
2021,Census Tract 601,3211.0,17031060100,60100,6,1.0,102611.0,0.0312929413025893,LAKE VIEW,87.21479925558447
2021,Census Tract 603,2902.0,17031060300,60300,6,1.0,102611.0,0.0282815682529163,LAKE VIEW,87.21479925558447
2021,Census Tract 608,5203.0,17031060800,60800,6,1.0,102611.0,0.0507060646519379,LAKE VIEW,87.21479925558447
2021,Census Tract 1608,5604.0,17031160800,160800,16,1.0,54280.0,0.1032424465733235,IRVING PARK,89.61138229311392
2021,Census Tract 3201.01,7952.0,17031320101,320101,32,1.0,39834.0,0.1996284581011196,LOOP,46.3355654497116
2021,Census Tract 3301.03,7928.0,17031330103,330103,33,1.0,26816.0,0.2956443914081145,NEAR SOUTH SIDE,49.769639444136615
2021,Census Tract 3806,4044.0,17031380600,380600,38,1.0,24401.0,0.1657309126675136,GRAND BOULEVARD,48.49250314605212
2021,Census Tract 3301.02,9253.0,17031330102,330102,33,1.0,26816.0,0.3450551909307875,NEAR SOUTH SIDE,49.769639444136615
2021,Census Tract 3301.01,4556.0,17031330101,330101,33,1.0,26816.0,0.1698985680190931,NEAR SOUTH SIDE,49.769639444136615
2021,Census Tract 4608,4599.0,17031460800,460800,46,1.0,30399.0,0.1512878713115563,SOUTH CHICAGO,93.2721849914544
2021,Census Tract 6306,2717.0,17031630600,630600,63,1.0,35621.0,0.0762752309031189,GAGE PARK,61.28489610145672
2021,Census Tract 4902,3202.0,17031490200,490200,49,1.0,39128.0,0.0818339807810263,ROSELAND,134.31370670490057
2021,Census Tract 6122,3681.0,17031612200,612200,61,1.0,39573.0,0.0930179667955424,NEW CITY,134.6369632279751
2021,Census Tract 8447,1573.0,17031844700,844700,29,1.0,32106.0,0.0489939575157291,NORTH LAWNDALE,89.48742200680012
2021,Census Tract 8446,2490.0,17031844600,844600,38,1.0,24401.0,0.1020449981558132,GRAND BOULEVARD,48.49250314605212
2021,Census Tract 3201.02,4769.0,17031320102,320102,32,1.0,39834.0,0.1197218456594868,LOOP,46.3355654497116
2021,Census Tract 2207.01,3080.0,17031220701,220701,22,1.0,71408.0,0.0431324221375756,LOGAN SQUARE,100.05756668057336
2021,Census Tract 633.02,4010.0,17031063302,63302,6,1.0,102611.0,0.0390796308387989,LAKE VIEW,87.21479925558447
2021,Census Tract 2522.01,2760.0,17031252201,252201,25,1.0,97313.0,0.0283620893405814,AUSTIN,199.25420338818205
2021,Census Tract 6603.02,4640.0,17031660302,660302,66,1.0,51169.0,0.0906799038480329,CHICAGO LAWN,98.27946509626284
2021,Census Tract 6603.01,1572.0,17031660301,660301,66,1.0,51169.0,0.0307217260450663,CHICAGO LAWN,98.27946509626284
2021,Census Tract 7302.02,3064.0,17031730202,730202,73,1.0,26676.0,0.1148597990703253,WASHINGTON HEIGHTS,79.63575286171745
2021,Census Tract 8356,838.0,17031835600,835600,37,1.0,2213.0,0.3786714866696791,FULLER PARK,19.916704865338488
2021,Census Tract 8400,2731.0,17031840000,840000,60,1.0,34427.0,0.079327272199146,BRIDGEPORT,58.29151926539481
2021,Census Tract 8364,3891.0,17031836400,836400,36,1.0,7413.0,0.5248887090246863,OAKLAND,16.913961037490527
2021,Census Tract 8361,2000.0,17031836100,836100,40,1.0,11607.0,0.1723098130438528,WASHINGTON PARK,42.37388147613499
2021,Census Tract 8346,1587.0,17031834600,834600,68,1.0,21054.0,0.0753776004559703,ENGLEWOOD,85.65232306609218
2021,Census Tract 8436,3188.0,17031843600,843600,38,1.0,24401.0,0.1306503831810171,GRAND BOULEVARD,48.49250314605212
2021,Census Tract 619.02,4988.0,17031061902,61902,6,1.0,102611.0,0.0486107727241718,LAKE VIEW,87.21479925558447
2021,Census Tract 301.02,3147.0,17031030102,30102,77,1.0,58084.0,0.0541801528820329,EDGEWATER,48.449990830225794
2021,Census Tract 301.03,2459.0,17031030103,30103,77,1.0,58084.0,0.0423352386199297,EDGEWATER,48.449990830225794
2021,Census Tract 307.06,2720.0,17031030706,30706,77,1.0,58084.0,0.0468287308036636,EDGEWATER,48.449990830225794
2021,Census Tract 306.01,3789.0,17031030601,30601,77,1.0,58084.0,0.0652331106673094,EDGEWATER,48.449990830225794
2021,Census Tract 812.02,3275.0,17031081202,81202,8,1.0,98505.0,0.0332470432972945,NEAR NORTH SIDE,76.67589595801923
2021,Census Tract 633.03,1180.0,17031063303,63303,6,1.0,102611.0,0.0114997417430879,LAKE VIEW,87.21479925558447
2021,Census Tract 2209.01,2943.0,17031220901,220901,22,1.0,71408.0,0.0412138695944431,LOGAN SQUARE,100.05756668057336
2021,Census Tract 2106.02,4128.0,17031210602,210602,21,1.0,36820.0,0.1121129820749592,AVONDALE,55.29059546222403
2021,Census Tract 2206.02,4534.0,17031220602,220602,22,1.0,71408.0,0.06349428635447,LOGAN SQUARE,100.05756668057336
2021,Census Tract 2206.01,1535.0,17031220601,220601,22,1.0,71408.0,0.02149619090298,LOGAN SQUARE,100.05756668057336
2021,Census Tract 404.01,3440.0,17031040401,40401,4,1.0,42338.0,0.0812508857291322,LINCOLN SQUARE,71.35232822594875
2021,Census Tract 2522.02,4795.0,17031252202,252202,25,1.0,97313.0,0.049273992169597,AUSTIN,199.25420338818205
2021,Census Tract 2521.02,6752.0,17031252102,252102,25,1.0,97313.0,0.0693843576911615,AUSTIN,199.25420338818205
2021,Census Tract 8363,1709.0,17031836300,836300,41,1.0,28801.0,0.0593382174230061,HYDE PARK,45.10538016450888
2021,Census Tract 8345,1434.0,17031834500,834500,40,1.0,11607.0,0.1235461359524424,WASHINGTON PARK,42.37388147613499
2021,Census Tract 8360,2784.0,17031836000,836000,38,1.0,24401.0,0.1140936846850538,GRAND BOULEVARD,48.49250314605212
2021,Census Tract 8362,1569.0,17031836200,836200,41,1.0,28801.0,0.0544772750946147,HYDE PARK,45.10538016450888
2021,Census Tract 8344,4045.0,17031834400,834400,42,1.0,23966.0,0.168780772761412,WOODLAWN,57.81517950095547
2021,Census Tract 8343,6442.0,17031834300,834300,45,1.0,9782.0,0.6585565324064608,AVALON PARK,34.852737729948345
2021,Census Tract 7103,1541.0,17031710300,710300,71,1.0,48039.0,0.0320781032078103,AUBURN GRESHAM,105.06535358129682
2021,Census Tract 1609,2512.0,17031160900,160900,16,1.0,54280.0,0.0462785556374355,IRVING PARK,89.61138229311392
2021,Census Tract 1610,2098.0,17031161000,161000,16,1.0,54280.0,0.0386514369933677,IRVING PARK,89.61138229311392
2021,Census Tract 1611,2171.0,17031161100,161100,16,1.0,54280.0,0.0399963154016212,IRVING PARK,89.61138229311392
2021,Census Tract 1612,2945.0,17031161200,161200,16,1.0,54280.0,0.0542557111274871,IRVING PARK,89.61138229311392
2021,Census Tract 1613,3662.0,17031161300,161300,16,1.0,54280.0,0.0674649963154016,IRVING PARK,89.61138229311392
2021,Census Tract 1701,2125.0,17031170100,170100,17,1.0,44277.0,0.04799331481356,DUNNING,103.5950011545707
2021,Census Tract 2216,3468.0,17031221600,221600,22,1.0,71408.0,0.0485659870042572,LOGAN SQUARE,100.05756668057336
2021,Census Tract 2421,3934.0,17031242100,242100,24,1.0,86881.0,0.0452803259630989,WEST TOWN,127.56290457232984
2021,Census Tract 2420,4472.0,17031242000,242000,24,1.0,86881.0,0.0514727040434617,WEST TOWN,127.56290457232984
2021,Census Tract 2512,4107.0,17031251200,251200,25,1.0,97313.0,0.0422040220731043,AUSTIN,199.25420338818205
2021,Census Tract 2513,4231.0,17031251300,251300,25,1.0,97313.0,0.0434782608695652,AUSTIN,199.25420338818205
2021,Census Tract 513,3249.0,17031051300,51300,5,1.0,37094.0,0.0875882892111931,NORTH CENTER,57.05416783863191
2021,Census Tract 6007,2703.0,17031600700,600700,60,1.0,34427.0,0.0785139570685798,BRIDGEPORT,58.29151926539481
2021,Census Tract 6009,3898.0,17031600900,600900,60,1.0,34427.0,0.1132250849623841,BRIDGEPORT,58.29151926539481
2021,Census Tract 6720,3523.0,17031672000,672000,67,1.0,26282.0,0.1340461152119321,WEST ENGLEWOOD,87.94769193108257
2021,Census Tract 7109,2230.0,17031710900,710900,71,1.0,48039.0,0.0464206165823601,AUBURN GRESHAM,105.06535358129682
2021,Census Tract 7110,3946.0,17031711000,711000,71,1.0,48039.0,0.0821415932887861,AUBURN GRESHAM,105.06535358129682
2021,Census Tract 7111,2647.0,17031711100,711100,71,1.0,48039.0,0.0551010637190615,AUBURN GRESHAM,105.06535358129682
2021,Census Tract 7112,5035.0,17031711200,711200,71,1.0,48039.0,0.1048106746601719,AUBURN GRESHAM,105.06535358129682
2021,Census Tract 7115,2685.0,17031711500,711500,71,1.0,48039.0,0.055892087678761,AUBURN GRESHAM,105.06535358129682
2021,Census Tract 7113,1616.0,17031711300,711300,71,1.0,48039.0,0.033639334707217,AUBURN GRESHAM,105.06535358129682
2021,Census Tract 7114,2701.0,17031711400,711400,71,1.0,48039.0,0.0562251503986344,AUBURN GRESHAM,105.06535358129682
2021,Census Tract 2705,1302.0,17031270500,270500,27,1.0,19908.0,0.0654008438818565,EAST GARFIELD PARK,53.88322083574582
2021,Census Tract 2712,1283.0,17031271200,271200,27,1.0,19908.0,0.06444645368696,EAST GARFIELD PARK,53.88322083574582
2021,Census Tract 2713,1033.0,17031271300,271300,27,1.0,19908.0,0.0518886879646373,EAST GARFIELD PARK,53.88322083574582
2021,Census Tract 2714,1350.0,17031271400,271400,27,1.0,19908.0,0.0678119349005424,EAST GARFIELD PARK,53.88322083574582
2021,Census Tract 3501,2459.0,17031350100,350100,35,1.0,21278.0,0.1155653726854027,DOUGLAS,46.004621149279
2021,Census Tract 3504,1859.0,17031350400,350400,35,1.0,21278.0,0.0873672337625716,DOUGLAS,46.004621149279
2021,Census Tract 3510,3357.0,17031351000,351000,35,1.0,21278.0,0.1577685872732399,DOUGLAS,46.004621149279
2021,Census Tract 3514,1535.0,17031351400,351400,35,1.0,21278.0,0.0721402387442428,DOUGLAS,46.004621149279
2021,Census Tract 3602,1792.0,17031360200,360200,36,1.0,7413.0,0.2417374881964117,OAKLAND,16.913961037490527
2021,Census Tract 4304,3184.0,17031430400,430400,43,1.0,54209.0,0.0587356343042668,SOUTH SHORE,81.81271638009841
2021,Census Tract 4306,2168.0,17031430600,430600,43,1.0,54209.0,0.0399933590363223,SOUTH SHORE,81.81271638009841
2021,Census Tract 4308,2013.0,17031430800,430800,43,1.0,54209.0,0.0371340552306812,SOUTH SHORE,81.81271638009841
2021,Census Tract 4305,3781.0,17031430500,430500,43,1.0,54209.0,0.0697485657363168,SOUTH SHORE,81.81271638009841
2021,Census Tract 4309,1653.0,17031430900,430900,43,1.0,54209.0,0.0304930915530631,SOUTH SHORE,81.81271638009841
2021,Census Tract 6103,5626.0,17031610300,610300,61,1.0,39573.0,0.1421676395522199,NEW CITY,134.6369632279751
2021,Census Tract 6810,2107.0,17031681000,681000,68,1.0,21054.0,0.100075995060321,ENGLEWOOD,85.65232306609218
2021,Census Tract 6811,1907.0,17031681100,681100,68,1.0,21054.0,0.0905766125201861,ENGLEWOOD,85.65232306609218
2021,Census Tract 6805,1144.0,17031680500,680500,68,1.0,21054.0,0.0543364681295715,ENGLEWOOD,85.65232306609218
2021,Census Tract 6809,3881.0,17031680900,680900,68,1.0,21054.0,0.1843355181913175,ENGLEWOOD,85.65232306609218
2021,Census Tract 7201,3332.0,17031720100,720100,72,1.0,19919.0,0.1672774737687634,BEVERLY,88.7793639211539
2021,Census Tract 7202,4191.0,17031720200,720200,72,1.0,19919.0,0.2104021286209147,BEVERLY,88.7793639211539
2021,Census Tract 7203,3786.0,17031720300,720300,72,1.0,19919.0,0.1900697826196094,BEVERLY,88.7793639211539
2021,Census Tract 7204,1904.0,17031720400,720400,72,1.0,19919.0,0.0955871278678648,BEVERLY,88.7793639211539
2021,Census Tract 7205,1936.0,17031720500,720500,72,1.0,19919.0,0.0971936342185852,BEVERLY,88.7793639211539
2021,Census Tract 7206,1777.0,17031720600,720600,72,1.0,19919.0,0.0892113057884431,BEVERLY,88.7793639211539
2021,Census Tract 7207,2993.0,17031720700,720700,72,1.0,19919.0,0.150258547115819,BEVERLY,88.7793639211539
2021,Census Tract 406,2817.0,17031040600,40600,4,1.0,42338.0,0.0665359724124899,LINCOLN SQUARE,71.35232822594875
2021,Census Tract 407,3667.0,17031040700,40700,4,1.0,42338.0,0.0866124994095139,LINCOLN SQUARE,71.35232822594875
2021,Census Tract 408,1689.0,17031040800,40800,4,1.0,42338.0,0.0398932401152628,LINCOLN SQUARE,71.35232822594875
2021,Census Tract 3801,1984.0,17031380100,380100,38,1.0,24401.0,0.0813081431088889,GRAND BOULEVARD,48.49250314605212
2021,Census Tract 3802,1652.0,17031380200,380200,38,1.0,24401.0,0.0677021433547805,GRAND BOULEVARD,48.49250314605212
2021,Census Tract 4312,2805.0,17031431200,431200,43,1.0,54209.0,0.051744175321441,SOUTH SHORE,81.81271638009841
2021,Census Tract 4314,7635.0,17031431400,431400,43,1.0,54209.0,0.140843771329484,SOUTH SHORE,81.81271638009841
2021,Census Tract 501,2769.0,17031050100,50100,5,1.0,37094.0,0.0746481910821157,NORTH CENTER,57.05416783863191
2021,Census Tract 6108,1551.0,17031610800,610800,61,1.0,39573.0,0.0391933894321886,NEW CITY,134.6369632279751
2021,Census Tract 6113,3117.0,17031611300,611300,61,1.0,39573.0,0.0787658251838374,NEW CITY,134.6369632279751
2021,Census Tract 6114,3309.0,17031611400,611400,61,1.0,39573.0,0.0836176180729285,NEW CITY,134.6369632279751
2021,Census Tract 6115,3350.0,17031611500,611500,61,1.0,39573.0,0.0846536780127864,NEW CITY,134.6369632279751
2021,Census Tract 6119,1369.0,17031611900,611900,61,1.0,39573.0,0.0345942940894043,NEW CITY,134.6369632279751
2021,Census Tract 6812,2124.0,17031681200,681200,68,1.0,21054.0,0.1008834425762325,ENGLEWOOD,85.65232306609218
2021,Census Tract 6912,2150.0,17031691200,691200,69,1.0,29309.0,0.0733563069364359,GREATER GRAND CROSSING,98.85316769023828
2021,Census Tract 6911,2911.0,17031691100,691100,69,1.0,29309.0,0.0993210276706813,GREATER GRAND CROSSING,98.85316769023828
2021,Census Tract 7301,2748.0,17031730100,730100,73,1.0,26676.0,0.1030139451192082,WASHINGTON HEIGHTS,79.63575286171745
2021,Census Tract 7303,1011.0,17031730300,730300,73,1.0,26676.0,0.0378992352676563,WASHINGTON HEIGHTS,79.63575286171745
2021,Census Tract 7304,4283.0,17031730400,730400,73,1.0,26676.0,0.1605563052931474,WASHINGTON HEIGHTS,79.63575286171745
2021,Census Tract 7305,4297.0,17031730500,730500,73,1.0,26676.0,0.1610811216074374,WASHINGTON HEIGHTS,79.63575286171745
2021,Census Tract 7306,3905.0,17031730600,730600,73,1.0,26676.0,0.1463862648073174,WASHINGTON HEIGHTS,79.63575286171745
2021,Census Tract 3812,1664.0,17031381200,381200,38,1.0,24401.0,0.068193926478423,GRAND BOULEVARD,48.49250314605212
2021,Census Tract 3814,1672.0,17031381400,381400,38,1.0,24401.0,0.0685217818941846,GRAND BOULEVARD,48.49250314605212
2021,Census Tract 3817,0.0,17031381700,381700,38,1.0,24401.0,0.0,GRAND BOULEVARD,48.49250314605212
2021,Census Tract 4403,4954.0,17031440300,440300,44,1.0,32486.0,0.1524964600135443,CHATHAM,82.32067029535114
2021,Census Tract 6120,1208.0,17031612000,612000,61,1.0,39573.0,0.0305258635938645,NEW CITY,134.6369632279751
2021,Census Tract 6121,1024.0,17031612100,612100,61,1.0,39573.0,0.0258762287418189,NEW CITY,134.6369632279751
2021,Census Tract 6201,4400.0,17031620100,620100,62,1.0,18022.0,0.2441460437243369,WEST ELSDON,32.71109141959873
2021,Census Tract 6202,2012.0,17031620200,620200,62,1.0,18022.0,0.111641327266674,WEST ELSDON,32.71109141959873
2021,Census Tract 6203,6918.0,17031620300,620300,62,1.0,18022.0,0.3838641660193097,WEST ELSDON,32.71109141959873
2021,Census Tract 6204,4692.0,17031620400,620400,62,1.0,18022.0,0.2603484629896793,WEST ELSDON,32.71109141959873
2021,Census Tract 7307,2293.0,17031730700,730700,73,1.0,26676.0,0.0859574149047833,WASHINGTON HEIGHTS,79.63575286171745
2021,Census Tract 7401,3115.0,17031740100,740100,74,1.0,19477.0,0.1599322277558145,MOUNT GREENWOOD,75.58429000631087
2021,Census Tract 7402,6607.0,17031740200,740200,74,1.0,19477.0,0.3392206191918673,MOUNT GREENWOOD,75.58429000631087
2021,Census Tract 7403,5017.0,17031740300,740300,74,1.0,19477.0,0.2575858705139395,MOUNT GREENWOOD,75.58429000631087
2021,Census Tract 7404,4738.0,17031740400,740400,74,1.0,19477.0,0.2432612825383786,MOUNT GREENWOOD,75.58429000631087
2021,Census Tract 3818,1251.0,17031381800,381800,38,1.0,24401.0,0.0512683906397278,GRAND BOULEVARD,48.49250314605212
2021,Census Tract 3819,1275.0,17031381900,381900,38,1.0,24401.0,0.0522519568870128,GRAND BOULEVARD,48.49250314605212
2021,Census Tract 3901,1714.0,17031390100,390100,39,1.0,18492.0,0.0926887302617348,KENWOOD,29.071741922715727
2021,Census Tract 3902,2227.0,17031390200,390200,39,1.0,18492.0,0.1204304564135842,KENWOOD,29.071741922715727
2021,Census Tract 3903,2890.0,17031390300,390300,39,1.0,18492.0,0.1562837983993078,KENWOOD,29.071741922715727
2021,Census Tract 3904,2357.0,17031390400,390400,39,1.0,18492.0,0.1274605234696084,KENWOOD,29.071741922715727
2021,Census Tract 3905,1741.0,17031390500,390500,39,1.0,18492.0,0.0941488211118321,KENWOOD,29.071741922715727
2021,Census Tract 3906,1706.0,17031390600,390600,39,1.0,18492.0,0.0922561107505948,KENWOOD,29.071741922715727
2021,Census Tract 3907,5857.0,17031390700,390700,39,1.0,18492.0,0.3167315595933376,KENWOOD,29.071741922715727
2021,Census Tract 4406,1899.0,17031440600,440600,44,1.0,32486.0,0.0584559502554946,CHATHAM,82.32067029535114
2021,Census Tract 4409,2514.0,17031440900,440900,44,1.0,32486.0,0.0773871821707812,CHATHAM,82.32067029535114
2021,Census Tract 4407,1455.0,17031440700,440700,44,1.0,32486.0,0.0447885242873853,CHATHAM,82.32067029535114
2021,Census Tract 4408,1823.0,17031440800,440800,44,1.0,32486.0,0.0561164809456381,CHATHAM,82.32067029535114
2021,Census Tract 6303,5193.0,17031630300,630300,63,1.0,35621.0,0.1457847898711434,GAGE PARK,61.28489610145672
2021,Census Tract 6305,5763.0,17031630500,630500,63,1.0,35621.0,0.1617865865641054,GAGE PARK,61.28489610145672
2021,Census Tract 6308,6358.0,17031630800,630800,63,1.0,35621.0,0.1784902164453552,GAGE PARK,61.28489610145672
2021,Census Tract 6309,4520.0,17031630900,630900,63,1.0,35621.0,0.1268914404424356,GAGE PARK,61.28489610145672
2021,Census Tract 6401,1349.0,17031640100,640100,64,1.0,25507.0,0.0528874426627984,CLEARING,71.14519236904174
2021,Census Tract 6403,7550.0,17031640300,640300,64,1.0,25507.0,0.295997177245462,CLEARING,71.14519236904174
2021,Census Tract 7501,4061.0,17031750100,750100,75,1.0,21627.0,0.1877745410829056,MORGAN PARK,91.877340681314
2021,Census Tract 7502,2856.0,17031750200,750200,75,1.0,21627.0,0.1320571507837425,MORGAN PARK,91.877340681314
2021,Census Tract 7503,2604.0,17031750300,750300,75,1.0,21627.0,0.1204050492440005,MORGAN PARK,91.877340681314
2021,Census Tract 7504,2907.0,17031750400,750400,75,1.0,21627.0,0.1344153141905951,MORGAN PARK,91.877340681314
2021,Census Tract 7505,5278.0,17031750500,750500,75,1.0,21627.0,0.2440467933601516,MORGAN PARK,91.877340681314
2021,Census Tract 2827,2275.0,17031282700,282700,28,1.0,65019.0,0.0349897722204278,NEAR WEST SIDE,158.49246652347665
2021,Census Tract 2828,1610.0,17031282800,282800,28,1.0,65019.0,0.0247619926483028,NEAR WEST SIDE,158.49246652347665
2021,Census Tract 4003,1211.0,17031400300,400300,40,1.0,11607.0,0.1043335917980529,WASHINGTON PARK,42.37388147613499
2021,Census Tract 4005,2348.0,17031400500,400500,40,1.0,11607.0,0.2022917205134832,WASHINGTON PARK,42.37388147613499
2021,Census Tract 4008,2462.0,17031400800,400800,40,1.0,11607.0,0.2121133798569828,WASHINGTON PARK,42.37388147613499
2021,Census Tract 4101,2202.0,17031410100,410100,41,1.0,28801.0,0.07645567862227,HYDE PARK,45.10538016450888
2021,Census Tract 4105,2891.0,17031410500,410500,41,1.0,28801.0,0.1003784590812819,HYDE PARK,45.10538016450888
2021,Census Tract 4106,2245.0,17031410600,410600,41,1.0,28801.0,0.0779486823374188,HYDE PARK,45.10538016450888
2021,Census Tract 4601,2656.0,17031460100,460100,46,1.0,30399.0,0.0873712951083917,SOUTH CHICAGO,93.2721849914544
2021,Census Tract 4503,3340.0,17031450300,450300,45,1.0,9782.0,0.3414434675935391,AVALON PARK,34.852737729948345
2021,Census Tract 4602,2221.0,17031460200,460200,46,1.0,30399.0,0.0730616138688772,SOUTH CHICAGO,93.2721849914544
2021,Census Tract 6404,3467.0,17031640400,640400,64,1.0,25507.0,0.1359234719880817,CLEARING,71.14519236904174
2021,Census Tract 6405,4025.0,17031640500,640500,64,1.0,25507.0,0.1577998196573489,CLEARING,71.14519236904174
2021,Census Tract 6406,4337.0,17031640600,640600,64,1.0,25507.0,0.1700317559885521,CLEARING,71.14519236904174
2021,Census Tract 6407,3237.0,17031640700,640700,64,1.0,25507.0,0.1269063394362332,CLEARING,71.14519236904174
2021,Census Tract 6408,1542.0,17031640800,640800,64,1.0,25507.0,0.0604539930215235,CLEARING,71.14519236904174
2021,Census Tract 6501,4584.0,17031650100,650100,65,1.0,32398.0,0.1414902154453978,WEST LAWN,82.3153016672832
2021,Census Tract 6502,7042.0,17031650200,650200,65,1.0,32398.0,0.2173590962405086,WEST LAWN,82.3153016672832
2021,Census Tract 7506,3921.0,17031750600,750600,75,1.0,21627.0,0.1813011513386045,MORGAN PARK,91.877340681314
2021,Census Tract 2831,2980.0,17031283100,283100,28,1.0,65019.0,0.0458327565788461,NEAR WEST SIDE,158.49246652347665
2021,Census Tract 2838,3656.0,17031283800,283800,28,1.0,65019.0,0.0562297174672018,NEAR WEST SIDE,158.49246652347665
2021,Census Tract 4107,2564.0,17031410700,410700,41,1.0,28801.0,0.0890246866428249,HYDE PARK,45.10538016450888
2021,Census Tract 4108,2907.0,17031410800,410800,41,1.0,28801.0,0.1009339953473837,HYDE PARK,45.10538016450888
2021,Census Tract 4109,3427.0,17031410900,410900,41,1.0,28801.0,0.1189889239956945,HYDE PARK,45.10538016450888
2021,Census Tract 4110,3741.0,17031411000,411000,41,1.0,28801.0,0.1298913232179438,HYDE PARK,45.10538016450888
2021,Census Tract 4111,2416.0,17031411100,411100,41,1.0,28801.0,0.0838859761813825,HYDE PARK,45.10538016450888
2021,Census Tract 4112,1646.0,17031411200,411200,41,1.0,28801.0,0.05715079337523,HYDE PARK,45.10538016450888
2021,Census Tract 4604,3619.0,17031460400,460400,46,1.0,30399.0,0.119049968748972,SOUTH CHICAGO,93.2721849914544
2021,Census Tract 4605,6115.0,17031460500,460500,46,1.0,30399.0,0.2011579328267377,SOUTH CHICAGO,93.2721849914544
2021,Census Tract 4610,1284.0,17031461000,461000,46,1.0,30399.0,0.0422382315207737,SOUTH CHICAGO,93.2721849914544
2021,Census Tract 4201,1567.0,17031420100,420100,42,1.0,23966.0,0.0653842944170908,WOODLAWN,57.81517950095547
2021,Census Tract 4202,1753.0,17031420200,420200,42,1.0,23966.0,0.0731452891596428,WOODLAWN,57.81517950095547
2021,Census Tract 4204,1173.0,17031420400,420400,42,1.0,23966.0,0.0489443378119001,WOODLAWN,57.81517950095547
2021,Census Tract 4207,2593.0,17031420700,420700,42,1.0,23966.0,0.1081949428356838,WOODLAWN,57.81517950095547
2021,Census Tract 4208,2563.0,17031420800,420800,42,1.0,23966.0,0.1069431694901109,WOODLAWN,57.81517950095547
2021,Census Tract 4701,2652.0,17031470100,470100,47,1.0,2652.0,1.0,BURNSIDE,16.995983270423185
2021,Census Tract 4801,2241.0,17031480100,480100,48,1.0,12843.0,0.1744919411352487,CALUMET HEIGHTS,48.82624155505823
2021,Census Tract 4802,1065.0,17031480200,480200,48,1.0,12843.0,0.0829245503387059,CALUMET HEIGHTS,48.82624155505823
2021,Census Tract 4803,1405.0,17031480300,480300,48,1.0,12843.0,0.1093981157050533,CALUMET HEIGHTS,48.82624155505823
2021,Census Tract 4804,5346.0,17031480400,480400,48,1.0,12843.0,0.4162578836720392,CALUMET HEIGHTS,48.82624155505823
2021,Census Tract 6504,6707.0,17031650400,650400,65,1.0,32398.0,0.2070189517871473,WEST LAWN,82.3153016672832
2021,Census Tract 6505,4511.0,17031650500,650500,65,1.0,32398.0,0.1392369899376504,WEST LAWN,82.3153016672832
2021,Census Tract 6604,4614.0,17031660400,660400,66,1.0,51169.0,0.0901717836971603,CHICAGO LAWN,98.27946509626284
2021,Census Tract 2909,4366.0,17031290900,290900,29,1.0,32106.0,0.1359870429203264,NORTH LAWNDALE,89.48742200680012
2021,Census Tract 2912,1933.0,17031291200,291200,29,1.0,32106.0,0.060206814925559,NORTH LAWNDALE,89.48742200680012
2021,Census Tract 4212,1994.0,17031421200,421200,42,1.0,23966.0,0.0832012017024117,WOODLAWN,57.81517950095547
2021,Census Tract 2715,1440.0,17031271500,271500,27,1.0,19908.0,0.0723327305605786,EAST GARFIELD PARK,53.88322083574582
2021,Census Tract 2922,2580.0,17031292200,292200,29,1.0,32106.0,0.0803588114371145,NORTH LAWNDALE,89.48742200680012
2021,Census Tract 2924,1880.0,17031292400,292400,29,1.0,32106.0,0.058556033140223,NORTH LAWNDALE,89.48742200680012
2021,Census Tract 2925,3698.0,17031292500,292500,29,1.0,32106.0,0.1151809630598642,NORTH LAWNDALE,89.48742200680012
2021,Census Tract 2718,554.0,17031271800,271800,27,1.0,19908.0,0.027828008840667,EAST GARFIELD PARK,53.88322083574582
2021,Census Tract 2801,7016.0,17031280100,280100,28,1.0,65019.0,0.1079069195158338,NEAR WEST SIDE,158.49246652347665
2021,Census Tract 2804,1471.0,17031280400,280400,28,1.0,65019.0,0.0226241560159338,NEAR WEST SIDE,158.49246652347665
2021,Census Tract 3006,2862.0,17031300600,300600,30,1.0,70281.0,0.0407222435651171,SOUTH LAWNDALE,127.99829784190968
2021,Census Tract 3007,4740.0,17031300700,300700,30,1.0,70281.0,0.0674435480428565,SOUTH LAWNDALE,127.99829784190968
2021,Census Tract 3011,2150.0,17031301100,301100,30,1.0,70281.0,0.0305914827620551,SOUTH LAWNDALE,127.99829784190968
2021,Census Tract 3012,5119.0,17031301200,301200,30,1.0,70281.0,0.0728361861669583,SOUTH LAWNDALE,127.99829784190968
2021,Census Tract 4805,2786.0,17031480500,480500,48,1.0,12843.0,0.2169275091489527,CALUMET HEIGHTS,48.82624155505823
2021,Census Tract 4905,2065.0,17031490500,490500,49,1.0,39128.0,0.0527755060314864,ROSELAND,134.31370670490057
2021,Census Tract 5202,3577.0,17031520200,520200,52,1.0,24429.0,0.1464243317368701,EAST SIDE,83.24172803329057
2021,Census Tract 5203,5859.0,17031520300,520300,52,1.0,24429.0,0.2398378975807442,EAST SIDE,83.24172803329057
2021,Census Tract 5204,4805.0,17031520400,520400,52,1.0,24429.0,0.1966924556879119,EAST SIDE,83.24172803329057
2021,Census Tract 5205,5264.0,17031520500,520500,52,1.0,24429.0,0.2154815997380162,EAST SIDE,83.24172803329057
2021,Census Tract 5206,2655.0,17031520600,520600,52,1.0,24429.0,0.1086823038192312,EAST SIDE,83.24172803329057
2021,Census Tract 6605,4364.0,17031660500,660500,66,1.0,51169.0,0.0852860130156931,CHICAGO LAWN,98.27946509626284
2021,Census Tract 6606,5266.0,17031660600,660600,66,1.0,51169.0,0.1029138736344271,CHICAGO LAWN,98.27946509626284
2021,Census Tract 6607,1529.0,17031660700,660700,66,1.0,51169.0,0.0298813734878539,CHICAGO LAWN,98.27946509626284
2021,Census Tract 6608,5728.0,17031660800,660800,66,1.0,51169.0,0.1119427778537786,CHICAGO LAWN,98.27946509626284
2021,Census Tract 6609,5081.0,17031660900,660900,66,1.0,51169.0,0.0992984033301413,CHICAGO LAWN,98.27946509626284
2021,Census Tract 6610,5576.0,17031661000,661000,66,1.0,51169.0,0.1089722292794465,CHICAGO LAWN,98.27946509626284
2021,Census Tract 2809,1075.0,17031280900,280900,28,1.0,65019.0,0.0165336286316307,NEAR WEST SIDE,158.49246652347665
2021,Census Tract 3016,3326.0,17031301600,301600,30,1.0,70281.0,0.0473243124030676,SOUTH LAWNDALE,127.99829784190968
2021,Census Tract 4906,1512.0,17031490600,490600,49,1.0,39128.0,0.0386424044162747,ROSELAND,134.31370670490057
2021,Census Tract 4907,2805.0,17031490700,490700,49,1.0,39128.0,0.0716877939071764,ROSELAND,134.31370670490057
2021,Census Tract 4908,3663.0,17031490800,490800,49,1.0,39128.0,0.0936158249846657,ROSELAND,134.31370670490057
2021,Census Tract 4910,3510.0,17031491000,491000,49,1.0,39128.0,0.0897055816806379,ROSELAND,134.31370670490057
2021,Census Tract 4911,4469.0,17031491100,491100,49,1.0,39128.0,0.114214884481701,ROSELAND,134.31370670490057
2021,Census Tract 5302,4406.0,17031530200,530200,53,1.0,26951.0,0.163481874513005,WEST PULLMAN,99.36519806341394
2021,Census Tract 5303,3974.0,17031530300,530300,53,1.0,26951.0,0.1474527846833141,WEST PULLMAN,99.36519806341394
2021,Census Tract 5304,2215.0,17031530400,530400,53,1.0,26951.0,0.0821861897517717,WEST PULLMAN,99.36519806341394
2021,Census Tract 5306,2344.0,17031530600,530600,53,1.0,26951.0,0.0869726540759155,WEST PULLMAN,99.36519806341394
2021,Census Tract 5601,1331.0,17031560100,560100,56,1.0,36704.0,0.0362630775937227,GARFIELD RIDGE,117.89077840626808
2021,Census Tract 6702,747.0,17031670200,670200,67,1.0,26282.0,0.028422494482916,WEST ENGLEWOOD,87.94769193108257
2021,Census Tract 6703,1320.0,17031670300,670300,67,1.0,26282.0,0.0502244882429038,WEST ENGLEWOOD,87.94769193108257
2021,Census Tract 6704,1626.0,17031670400,670400,67,1.0,26282.0,0.0618674377901225,WEST ENGLEWOOD,87.94769193108257
2021,Census Tract 6611,7370.0,17031661100,661100,66,1.0,51169.0,0.1440325196896558,CHICAGO LAWN,98.27946509626284
2021,Census Tract 6701,1329.0,17031670100,670100,67,1.0,26282.0,0.0505669279354691,WEST ENGLEWOOD,87.94769193108257
2021,Census Tract 6706,1097.0,17031670600,670600,67,1.0,26282.0,0.0417395936382314,WEST ENGLEWOOD,87.94769193108257
2021,Census Tract 6707,1170.0,17031670700,670700,67,1.0,26282.0,0.0445171600334829,WEST ENGLEWOOD,87.94769193108257
2021,Census Tract 6708,1077.0,17031670800,670800,67,1.0,26282.0,0.040978616543642,WEST ENGLEWOOD,87.94769193108257
2021,Census Tract 6709,1314.0,17031670900,670900,67,1.0,26282.0,0.049996195114527,WEST ENGLEWOOD,87.94769193108257
2021,Census Tract 2609,1467.0,17031260900,260900,26,1.0,17289.0,0.0848516397709526,WEST GARFIELD PARK,36.09284880796031
2021,Census Tract 2610,2443.0,17031261000,261000,26,1.0,17289.0,0.1413037191277691,WEST GARFIELD PARK,36.09284880796031
2021,Census Tract 2819,6592.0,17031281900,281900,28,1.0,65019.0,0.1013857487811255,NEAR WEST SIDE,158.49246652347665
2021,Census Tract 3102,1760.0,17031310200,310200,31,1.0,33588.0,0.0523996665475765,LOWER WEST SIDE,81.55072362189355
2021,Census Tract 3103,1759.0,17031310300,310300,31,1.0,33588.0,0.0523698940097653,LOWER WEST SIDE,81.55072362189355
2021,Census Tract 3104,1201.0,17031310400,310400,31,1.0,33588.0,0.0357568179111587,LOWER WEST SIDE,81.55072362189355
2021,Census Tract 3105,1482.0,17031310500,310500,31,1.0,33588.0,0.0441229010360843,LOWER WEST SIDE,81.55072362189355
2021,Census Tract 4912,1901.0,17031491200,491200,49,1.0,39128.0,0.048584134123901,ROSELAND,134.31370670490057
2021,Census Tract 4913,2179.0,17031491300,491300,49,1.0,39128.0,0.0556890206501737,ROSELAND,134.31370670490057
2021,Census Tract 4914,3010.0,17031491400,491400,49,1.0,39128.0,0.0769270087916581,ROSELAND,134.31370670490057
2021,Census Tract 5001,3308.0,17031500100,500100,50,1.0,7147.0,0.4628515461032601,PULLMAN,59.00155559069487
2021,Census Tract 5002,1963.0,17031500200,500200,50,1.0,7147.0,0.2746606967958584,PULLMAN,59.00155559069487
2021,Census Tract 5003,1876.0,17031500300,500300,50,1.0,7147.0,0.2624877571008815,PULLMAN,59.00155559069487
2021,Census Tract 5602,1547.0,17031560200,560200,56,1.0,36704.0,0.0421479947689625,GARFIELD RIDGE,117.89077840626808
2021,Census Tract 5603,3213.0,17031560300,560300,56,1.0,36704.0,0.0875381429816913,GARFIELD RIDGE,117.89077840626808
2021,Census Tract 5607,3682.0,17031560700,560700,56,1.0,36704.0,0.1003160418482999,GARFIELD RIDGE,117.89077840626808
2021,Census Tract 5608,6077.0,17031560800,560800,56,1.0,36704.0,0.1655677855274629,GARFIELD RIDGE,117.89077840626808
2021,Census Tract 5609,5394.0,17031560900,560900,56,1.0,36704.0,0.1469594594594594,GARFIELD RIDGE,117.89077840626808
2021,Census Tract 5610,5947.0,17031561000,561000,56,1.0,36704.0,0.1620259372275501,GARFIELD RIDGE,117.89077840626808
2021,Census Tract 301.01,3699.0,17031030101,30101,77,1.0,58084.0,0.0636836306039528,EDGEWATER,48.449990830225794
2021,Census Tract 307.01,1509.0,17031030701,30701,77,1.0,58084.0,0.0259796157289442,EDGEWATER,48.449990830225794
2021,Census Tract 701.03,1408.0,17031070103,70103,7,1.0,69641.0,0.020217975043437,LINCOLN PARK,88.31640045539218
2021,Census Tract 8319,3262.0,17031831900,831900,6,1.0,102611.0,0.0317899640389431,LAKE VIEW,87.21479925558447
2021,Census Tract 8326,4423.0,17031832600,832600,7,1.0,69641.0,0.0635114372280696,LINCOLN PARK,88.31640045539218
2021,Census Tract 8369,1879.0,17031836900,836900,27,1.0,19908.0,0.0943841671689773,EAST GARFIELD PARK,53.88322083574582
2021,Census Tract 8412,4455.0,17031841200,841200,31,1.0,33588.0,0.132636655948553,LOWER WEST SIDE,81.55072362189355
2021,Census Tract 8395,1552.0,17031839500,839500,35,1.0,21278.0,0.0729391860137231,DOUGLAS,46.004621149279
2021,Census Tract 8358,1785.0,17031835800,835800,38,1.0,24401.0,0.0731527396418179,GRAND BOULEVARD,48.49250314605212
2021,Census Tract 8388,3101.0,17031838800,838800,51,1.0,15198.0,0.2040400052638505,SOUTH DEERING,303.79705960132867
2021,Census Tract 8423,3678.0,17031842300,842300,24,1.0,86881.0,0.0423337668765322,WEST TOWN,127.56290457232984
2021,Census Tract 8419,6181.0,17031841900,841900,28,1.0,65019.0,0.0950645196019625,NEAR WEST SIDE,158.49246652347665
2021,Census Tract 8432,2276.0,17031843200,843200,31,1.0,33588.0,0.067762296058116,LOWER WEST SIDE,81.55072362189355
2021,Census Tract 8434,1099.0,17031843400,843400,29,1.0,32106.0,0.0342303619261197,NORTH LAWNDALE,89.48742200680012
2021,Census Tract 8426,4450.0,17031842600,842600,61,1.0,39573.0,0.1124504081065372,NEW CITY,134.6369632279751
2021,Census Tract 3018.03,3230.0,17031301803,301803,30,1.0,70281.0,0.0459583671262503,SOUTH LAWNDALE,127.99829784190968
2021,Census Tract 103,6085.0,17031010300,10300,1,1.0,55789.0,0.1090716807972898,ROGERS PARK,51.25990244057384
2021,Census Tract 104,4587.0,17031010400,10400,1,1.0,55789.0,0.0822205094194196,ROGERS PARK,51.25990244057384
2021,Census Tract 106,6553.0,17031010600,10600,1,1.0,55789.0,0.1174604312678126,ROGERS PARK,51.25990244057384
2021,Census Tract 201,3972.0,17031020100,20100,2,1.0,79897.0,0.049714006783734,WEST RIDGE,98.4290948429624
2021,Census Tract 2808,863.0,17031280800,280800,28,1.0,65019.0,0.0132730432642765,NEAR WEST SIDE,158.49246652347665
2021,Census Tract 4203,2552.0,17031420300,420300,42,1.0,23966.0,0.1064841859300676,WOODLAWN,57.81517950095547
2021,Census Tract 1002,7309.0,17031100200,100200,10,1.0,39235.0,0.1862877532815088,NORWOOD PARK,121.95910544621267
2021,Census Tract 202,7159.0,17031020200,20200,2,1.0,79897.0,0.089602863686997,WEST RIDGE,98.4290948429624
2021,Census Tract 1302,1497.0,17031130200,130200,13,1.0,18847.0,0.0794290868573247,NORTH PARK,70.28870642060181
2021,Census Tract 204,4115.0,17031020400,20400,2,1.0,79897.0,0.0515038111568644,WEST RIDGE,98.4290948429624
2021,Census Tract 802.02,3758.0,17031080202,80202,8,1.0,98505.0,0.0381503476980863,NEAR NORTH SIDE,76.67589595801923
2021,Census Tract 2402,1811.0,17031240200,240200,24,1.0,86881.0,0.0208446035381729,WEST TOWN,127.56290457232984
2021,Census Tract 6118,1996.0,17031611800,611800,61,1.0,39573.0,0.0504384302428423,NEW CITY,134.6369632279751
2021,Census Tract 602,2188.0,17031060200,60200,6,1.0,102611.0,0.0213232499439631,LAKE VIEW,87.21479925558447
2021,Census Tract 2212,3074.0,17031221200,221200,22,1.0,71408.0,0.0430483979386063,LOGAN SQUARE,100.05756668057336
2021,Census Tract 612,2095.0,17031061200,61200,6,1.0,102611.0,0.0204169143659061,LAKE VIEW,87.21479925558447
2021,Census Tract 302,5995.0,17031030200,30200,77,1.0,58084.0,0.1032125886646925,EDGEWATER,48.449990830225794
2021,Census Tract 303,3828.0,17031030300,30300,77,1.0,58084.0,0.0659045520280972,EDGEWATER,48.449990830225794
2021,Census Tract 304,2764.0,17031030400,30400,77,1.0,58084.0,0.0475862543901935,EDGEWATER,48.449990830225794
2021,Census Tract 309,3149.0,17031030900,30900,77,1.0,58084.0,0.0542145857723297,EDGEWATER,48.449990830225794
2021,Census Tract 310,3830.0,17031031000,31000,3,1.0,59119.0,0.0647845870194015,UPTOWN,65.09564271609112
2021,Census Tract 6006,3061.0,17031600600,600600,60,1.0,34427.0,0.0889127719522467,BRIDGEPORT,58.29151926539481
2021,Census Tract 4206,2104.0,17031420600,420600,42,1.0,23966.0,0.0877910373028457,WOODLAWN,57.81517950095547
2021,Census Tract 1101,5777.0,17031110100,110100,11,1.0,27172.0,0.212608567643162,JEFFERSON PARK,64.86816166921948
2021,Census Tract 314,4934.0,17031031400,31400,3,1.0,59119.0,0.0834587865153334,UPTOWN,65.09564271609112
2021,Census Tract 409,1816.0,17031040900,40900,4,1.0,42338.0,0.0428929094430535,LINCOLN SQUARE,71.35232822594875
2021,Census Tract 502,5915.0,17031050200,50200,5,1.0,37094.0,0.159459750903111,NORTH CENTER,57.05416783863191
2021,Census Tract 503,2755.0,17031050300,50300,5,1.0,37094.0,0.0742707715533509,NORTH CENTER,57.05416783863191
2021,Census Tract 717,1628.0,17031071700,71700,7,1.0,69641.0,0.023377033643974,LINCOLN PARK,88.31640045539218
2021,Census Tract 318,2014.0,17031031800,31800,3,1.0,59119.0,0.0340668820514555,UPTOWN,65.09564271609112
2021,Census Tract 317,6355.0,17031031700,31700,3,1.0,59119.0,0.1074950523520357,UPTOWN,65.09564271609112
2021,Census Tract 6104,1902.0,17031610400,610400,61,1.0,39573.0,0.0480630733075581,NEW CITY,134.6369632279751
2021,Census Tract 506,2188.0,17031050600,50600,5,1.0,37094.0,0.0589852806383781,NORTH CENTER,57.05416783863191
2021,Census Tract 505,5587.0,17031050500,50500,5,1.0,37094.0,0.150617350514908,NORTH CENTER,57.05416783863191
2021,Census Tract 716,1969.0,17031071600,71600,7,1.0,69641.0,0.0282735744748065,LINCOLN PARK,88.31640045539218
2021,Census Tract 6714,1263.0,17031671400,671400,67,1.0,26282.0,0.0480557035233239,WEST ENGLEWOOD,87.94769193108257
2021,Census Tract 623,1639.0,17031062300,62300,6,1.0,102611.0,0.0159729463702721,LAKE VIEW,87.21479925558447
2021,Census Tract 6304,6136.0,17031630400,630400,63,1.0,35621.0,0.1722579377333595,GAGE PARK,61.28489610145672
2021,Census Tract 101,4534.0,17031010100,10100,1,1.0,55789.0,0.0812705013533133,ROGERS PARK,51.25990244057384
2021,Census Tract 6806,994.0,17031680600,680600,68,1.0,21054.0,0.0472119312244704,ENGLEWOOD,85.65232306609218
2021,Census Tract 305,6703.0,17031030500,30500,77,1.0,58084.0,0.1154018318297638,EDGEWATER,48.449990830225794
2021,Census Tract 205,6560.0,17031020500,20500,2,1.0,79897.0,0.0821057111030451,WEST RIDGE,98.4290948429624
2021,Census Tract 813,5860.0,17031081300,81300,8,1.0,98505.0,0.0594893660220293,NEAR NORTH SIDE,76.67589595801923
2021,Census Tract 810,8485.0,17031081000,81000,8,1.0,98505.0,0.0861377595045936,NEAR NORTH SIDE,76.67589595801923
2021,Census Tract 1301,4888.0,17031130100,130100,13,1.0,18847.0,0.2593516209476309,NORTH PARK,70.28870642060181
2021,Census Tract 1702,3969.0,17031170200,170200,17,1.0,44277.0,0.0896402195270682,DUNNING,103.5950011545707
2021,Census Tract 1703,5225.0,17031170300,170300,17,1.0,44277.0,0.1180070917180477,DUNNING,103.5950011545707
2021,Census Tract 1704,4334.0,17031170400,170400,17,1.0,44277.0,0.0978837771303385,DUNNING,103.5950011545707
2021,Census Tract 1705,5309.0,17031170500,170500,17,1.0,44277.0,0.1199042392212661,DUNNING,103.5950011545707
2021,Census Tract 1706,2390.0,17031170600,170600,17,1.0,44277.0,0.0539783634844275,DUNNING,103.5950011545707
2021,Census Tract 1707,3357.0,17031170700,170700,17,1.0,44277.0,0.0758181448607629,DUNNING,103.5950011545707
2021,Census Tract 1708,4086.0,17031170800,170800,17,1.0,44277.0,0.0922826749779795,DUNNING,103.5950011545707
2021,Census Tract 2514,3771.0,17031251400,251400,25,1.0,97313.0,0.0387512459794683,AUSTIN,199.25420338818205
2021,Census Tract 2603,1842.0,17031260300,260300,26,1.0,17289.0,0.1065417317369425,WEST GARFIELD PARK,36.09284880796031
2021,Census Tract 2605,1791.0,17031260500,260500,26,1.0,17289.0,0.1035918792295679,WEST GARFIELD PARK,36.09284880796031
2021,Census Tract 2606,2324.0,17031260600,260600,26,1.0,17289.0,0.1344207299438949,WEST GARFIELD PARK,36.09284880796031
2021,Census Tract 2607,1602.0,17031260700,260700,26,1.0,17289.0,0.092660072878709,WEST GARFIELD PARK,36.09284880796031
2021,Census Tract 2608,2337.0,17031260800,260800,26,1.0,17289.0,0.1351726531320493,WEST GARFIELD PARK,36.09284880796031
2021,Census Tract 507,1501.0,17031050700,50700,5,1.0,37094.0,0.040464765191136,NORTH CENTER,57.05416783863191
2021,Census Tract 509,1532.0,17031050900,50900,5,1.0,37094.0,0.0413004798619722,NORTH CENTER,57.05416783863191
2021,Census Tract 510,1746.0,17031051000,51000,5,1.0,37094.0,0.0470696069445193,NORTH CENTER,57.05416783863191
2021,Census Tract 511,1939.0,17031051100,51100,5,1.0,37094.0,0.0522726047339192,NORTH CENTER,57.05416783863191
2021,Census Tract 512,1564.0,17031051200,51200,5,1.0,37094.0,0.0421631530705774,NORTH CENTER,57.05416783863191
2021,Census Tract 1709,2161.0,17031170900,170900,17,1.0,44277.0,0.0488063780292251,DUNNING,103.5950011545707
2021,Census Tract 1710,6807.0,17031171000,171000,17,1.0,44277.0,0.1537367030286604,DUNNING,103.5950011545707
2021,Census Tract 1711,4514.0,17031171100,171100,17,1.0,44277.0,0.1019490932086636,DUNNING,103.5950011545707
2021,Census Tract 1801,6463.0,17031180100,180100,18,1.0,13776.0,0.4691492450638792,MONTCLARE,27.57639362717424
2021,Census Tract 1901,2353.0,17031190100,190100,19,1.0,78610.0,0.029932578552347,BELMONT CRAGIN,109.09941466771691
2021,Census Tract 2222,2320.0,17031222200,222200,22,1.0,71408.0,0.0324893569347972,LOGAN SQUARE,100.05756668057336
2021,Census Tract 2225,1574.0,17031222500,222500,22,1.0,71408.0,0.0220423481962805,LOGAN SQUARE,100.05756668057336
2021,Census Tract 2226,1650.0,17031222600,222600,22,1.0,71408.0,0.0231066547165583,LOGAN SQUARE,100.05756668057336
2021,Census Tract 2515,4305.0,17031251500,251500,25,1.0,97313.0,0.0442386936997112,AUSTIN,199.25420338818205
2021,Census Tract 2516,4518.0,17031251600,251600,25,1.0,97313.0,0.0464275071162126,AUSTIN,199.25420338818205
2021,Census Tract 2517,1368.0,17031251700,251700,25,1.0,97313.0,0.0140577312383751,AUSTIN,199.25420338818205
2021,Census Tract 2518,4973.0,17031251800,251800,25,1.0,97313.0,0.051103141409678,AUSTIN,199.25420338818205
2021,Census Tract 2519,5476.0,17031251900,251900,25,1.0,97313.0,0.0562720294308057,AUSTIN,199.25420338818205
2021,Census Tract 2520,5557.0,17031252000,252000,25,1.0,97313.0,0.0571043950962358,AUSTIN,199.25420338818205
2021,Census Tract 1303,5481.0,17031130300,130300,13,1.0,18847.0,0.2908155144054756,NORTH PARK,70.28870642060181
2021,Census Tract 1902,6283.0,17031190200,190200,19,1.0,78610.0,0.0799262180384175,BELMONT CRAGIN,109.09941466771691
2021,Census Tract 1903,5725.0,17031190300,190300,19,1.0,78610.0,0.072827884493067,BELMONT CRAGIN,109.09941466771691
2021,Census Tract 1908,6533.0,17031190800,190800,19,1.0,78610.0,0.0831064750031802,BELMONT CRAGIN,109.09941466771691
2021,Census Tract 2601,1075.0,17031260100,260100,26,1.0,17289.0,0.0621782636358378,WEST GARFIELD PARK,36.09284880796031
2021,Census Tract 2602,1170.0,17031260200,260200,26,1.0,17289.0,0.0676730869338886,WEST GARFIELD PARK,36.09284880796031
2021,Census Tract 5301,1937.0,17031530100,530100,53,1.0,26951.0,0.0718711736113687,WEST PULLMAN,99.36519806341394
2021,Census Tract 618,1305.0,17031061800,61800,6,1.0,102611.0,0.0127179347243472,LAKE VIEW,87.21479925558447
2021,Census Tract 4102,1484.0,17031410200,410200,41,1.0,28801.0,0.0515259886809485,HYDE PARK,45.10538016450888
2021,Census Tract 2229,1052.0,17031222900,222900,22,1.0,71408.0,0.0147322428859511,LOGAN SQUARE,100.05756668057336
2021,Census Tract 2410,1837.0,17031241000,241000,24,1.0,86881.0,0.0211438634454023,WEST TOWN,127.56290457232984
2021,Census Tract 1909,2078.0,17031190900,190900,19,1.0,78610.0,0.026434295891108,BELMONT CRAGIN,109.09941466771691
2021,Census Tract 1912,4127.0,17031191200,191200,19,1.0,78610.0,0.0524996819743035,BELMONT CRAGIN,109.09941466771691
2021,Census Tract 2001,3673.0,17031200100,200100,20,1.0,23201.0,0.1583121417180294,HERMOSA,32.60205939915233
2021,Census Tract 2002,4248.0,17031200200,200200,20,1.0,23201.0,0.1830955562260247,HERMOSA,32.60205939915233
2021,Census Tract 2003,1977.0,17031200300,200300,20,1.0,23201.0,0.0852118443170553,HERMOSA,32.60205939915233
2021,Census Tract 2227,2357.0,17031222700,222700,22,1.0,71408.0,0.0330075061617745,LOGAN SQUARE,100.05756668057336
2021,Census Tract 2301,1743.0,17031230100,230100,23,1.0,55785.0,0.0312449583221296,HUMBOLDT PARK,100.48087648273764
2021,Census Tract 2302,1979.0,17031230200,230200,23,1.0,55785.0,0.0354754862418212,HUMBOLDT PARK,100.48087648273764
2021,Census Tract 2303,825.0,17031230300,230300,23,1.0,55785.0,0.0147889217531594,HUMBOLDT PARK,100.48087648273764
2021,Census Tract 2304,2281.0,17031230400,230400,23,1.0,55785.0,0.0408891279017657,HUMBOLDT PARK,100.48087648273764
2021,Census Tract 2305,3379.0,17031230500,230500,23,1.0,55785.0,0.0605718383077888,HUMBOLDT PARK,100.48087648273764
2021,Census Tract 3511,2230.0,17031351100,351100,35,1.0,21278.0,0.1048030829965222,DOUGLAS,46.004621149279
2021,Census Tract 6117,1790.0,17031611700,611700,61,1.0,39573.0,0.0452328607889217,NEW CITY,134.6369632279751
2021,Census Tract 3005,3214.0,17031300500,300500,30,1.0,70281.0,0.0457307095801141,SOUTH LAWNDALE,127.99829784190968
2021,Census Tract 3815,612.0,17031381500,381500,38,1.0,24401.0,0.0250809393057661,GRAND BOULEVARD,48.49250314605212
2021,Census Tract 4205,1978.0,17031420500,420500,42,1.0,23966.0,0.0825335892514395,WOODLAWN,57.81517950095547
2021,Census Tract 815,4766.0,17031081500,81500,8,1.0,98505.0,0.048383330795391,NEAR NORTH SIDE,76.67589595801923
2021,Census Tract 816,3659.0,17031081600,81600,8,1.0,98505.0,0.0371453225724582,NEAR NORTH SIDE,76.67589595801923
2021,Census Tract 817,4677.0,17031081700,81700,8,1.0,98505.0,0.0474798233592203,NEAR NORTH SIDE,76.67589595801923
2021,Census Tract 818,11295.0,17031081800,81800,8,1.0,98505.0,0.1146642302421196,NEAR NORTH SIDE,76.67589595801923
2021,Census Tract 819,1197.0,17031081900,81900,8,1.0,98505.0,0.0121516674280493,NEAR NORTH SIDE,76.67589595801923
2021,Census Tract 2228,1000.0,17031222800,222800,22,1.0,71408.0,0.0140040331615505,LOGAN SQUARE,100.05756668057336
2021,Census Tract 508,1439.0,17031050800,50800,5,1.0,37094.0,0.0387933358494635,NORTH CENTER,57.05416783863191
2021,Census Tract 2101,4162.0,17031210100,210100,21,1.0,36820.0,0.1130363932645301,AVONDALE,55.29059546222403
2021,Census Tract 2104,2325.0,17031210400,210400,21,1.0,36820.0,0.0631450298750679,AVONDALE,55.29059546222403
2021,Census Tract 2307,5847.0,17031230700,230700,23,1.0,55785.0,0.1048131218069373,HUMBOLDT PARK,100.48087648273764
2021,Census Tract 2308,1084.0,17031230800,230800,23,1.0,55785.0,0.0194317468853634,HUMBOLDT PARK,100.48087648273764
2021,Census Tract 2309,5031.0,17031230900,230900,23,1.0,55785.0,0.0901855337456305,HUMBOLDT PARK,100.48087648273764
2021,Census Tract 5502,2749.0,17031550200,550200,55,1.0,9243.0,0.2974142594395759,HEGEWISCH,145.96574140897752
2021,Census Tract 6705,832.0,17031670500,670500,67,1.0,26282.0,0.0316566471349212,WEST ENGLEWOOD,87.94769193108257
2021,Census Tract 5808,2110.0,17031580800,580800,58,1.0,43197.0,0.0488459846748616,BRIGHTON PARK,75.89279029683405
2021,Census Tract 2306,8743.0,17031230600,230600,23,1.0,55785.0,0.1567267186519673,HUMBOLDT PARK,100.48087648273764
2021,Census Tract 2423,3636.0,17031242300,242300,24,1.0,86881.0,0.0418503470263924,WEST TOWN,127.56290457232984
2021,Census Tract 2422,3972.0,17031242200,242200,24,1.0,86881.0,0.0457177058275111,WEST TOWN,127.56290457232984
2021,Census Tract 321,7944.0,17031032100,32100,3,1.0,59119.0,0.1343730441989885,UPTOWN,65.09564271609112
2021,Census Tract 3008,4387.0,17031300800,300800,30,1.0,70281.0,0.062420853431226,SOUTH LAWNDALE,127.99829784190968
2021,Census Tract 609,7223.0,17031060900,60900,6,1.0,102611.0,0.0703920632290885,LAKE VIEW,87.21479925558447
2021,Census Tract 610,2283.0,17031061000,61000,6,1.0,102611.0,0.0222490766097202,LAKE VIEW,87.21479925558447
2021,Census Tract 2107,3795.0,17031210700,210700,21,1.0,36820.0,0.1030689842476914,AVONDALE,55.29059546222403
2021,Census Tract 2916,1396.0,17031291600,291600,29,1.0,32106.0,0.0434809692892294,NORTH LAWNDALE,89.48742200680012
2021,Census Tract 4004,2152.0,17031400400,400400,40,1.0,11607.0,0.1854053588351856,WASHINGTON PARK,42.37388147613499
2021,Census Tract 1911,6748.0,17031191100,191100,19,1.0,78610.0,0.0858414959928762,BELMONT CRAGIN,109.09941466771691
2021,Census Tract 1201,4470.0,17031120100,120100,12,1.0,20311.0,0.2200777903599035,FOREST GLEN,89.13089361873274
2021,Census Tract 6112,2033.0,17031611200,611200,61,1.0,39573.0,0.0513734111641775,NEW CITY,134.6369632279751
2021,Census Tract 3009,3982.0,17031300900,300900,30,1.0,70281.0,0.0566582717946528,SOUTH LAWNDALE,127.99829784190968
2021,Census Tract 611,1399.0,17031061100,61100,6,1.0,102611.0,0.0136340158462543,LAKE VIEW,87.21479925558447
2021,Census Tract 615,2050.0,17031061500,61500,6,1.0,102611.0,0.0199783648926528,LAKE VIEW,87.21479925558447
2021,Census Tract 620,3181.0,17031062000,62000,6,1.0,102611.0,0.0310005749870871,LAKE VIEW,87.21479925558447
2021,Census Tract 621,3521.0,17031062100,62100,6,1.0,102611.0,0.0343140598961125,LAKE VIEW,87.21479925558447
2021,Census Tract 622,3145.0,17031062200,62200,6,1.0,102611.0,0.0306497354084844,LAKE VIEW,87.21479925558447
2021,Census Tract 902,6540.0,17031090200,90200,9,1.0,11494.0,0.5689925178353924,EDISON PARK,31.63631378020181
2021,Census Tract 901,3492.0,17031090100,90100,9,1.0,11494.0,0.3038106838350444,EDISON PARK,31.63631378020181
2021,Census Tract 2604,1238.0,17031260400,260400,26,1.0,17289.0,0.0716062236103881,WEST GARFIELD PARK,36.09284880796031
2021,Census Tract 3515,910.0,17031351500,351500,35,1.0,21278.0,0.0427671773662938,DOUGLAS,46.004621149279
2021,Census Tract 2108,1150.0,17031210800,210800,21,1.0,36820.0,0.0312330255296034,AVONDALE,55.29059546222403
2021,Census Tract 2109,3157.0,17031210900,210900,21,1.0,36820.0,0.0857414448669201,AVONDALE,55.29059546222403
2021,Census Tract 811,4453.0,17031081100,81100,8,1.0,98505.0,0.0452058271153748,NEAR NORTH SIDE,76.67589595801923
2021,Census Tract 2412,1663.0,17031241200,241200,24,1.0,86881.0,0.0191411240662515,WEST TOWN,127.56290457232984
2021,Census Tract 312,5878.0,17031031200,31200,3,1.0,59119.0,0.0994265802872173,UPTOWN,65.09564271609112
2021,Census Tract 625,1557.0,17031062500,62500,6,1.0,102611.0,0.015173811774566,LAKE VIEW,87.21479925558447
2021,Census Tract 626,2474.0,17031062600,62600,6,1.0,102611.0,0.0241104754850844,LAKE VIEW,87.21479925558447
2021,Census Tract 627,3066.0,17031062700,62700,6,1.0,102611.0,0.0298798374443285,LAKE VIEW,87.21479925558447
2021,Census Tract 628,3613.0,17031062800,62800,6,1.0,102611.0,0.0352106499303193,LAKE VIEW,87.21479925558447
2021,Census Tract 629,3956.0,17031062900,62900,6,1.0,102611.0,0.0385533714708949,LAKE VIEW,87.21479925558447
2021,Census Tract 630,3315.0,17031063000,63000,6,1.0,102611.0,0.0323064778629971,LAKE VIEW,87.21479925558447
2021,Census Tract 624,1622.0,17031062400,62400,6,1.0,102611.0,0.0158072721248209,LAKE VIEW,87.21479925558447
2021,Census Tract 631,2343.0,17031063100,63100,6,1.0,102611.0,0.0228338092407246,LAKE VIEW,87.21479925558447
2021,Census Tract 632,6387.0,17031063200,63200,6,1.0,102611.0,0.0622447885704261,LAKE VIEW,87.21479925558447
2021,Census Tract 634,2737.0,17031063400,63400,6,1.0,102611.0,0.026673553517654,LAKE VIEW,87.21479925558447
2021,Census Tract 903,1462.0,17031090300,90300,9,1.0,11494.0,0.1271967983295632,EDISON PARK,31.63631378020181
2021,Census Tract 1001,5831.0,17031100100,100100,10,1.0,39235.0,0.1486173059768064,NORWOOD PARK,121.95910544621267
2021,Census Tract 1003,6393.0,17031100300,100300,10,1.0,39235.0,0.1629412514336689,NORWOOD PARK,121.95910544621267
2021,Census Tract 1401,3334.0,17031140100,140100,14,1.0,48647.0,0.0685345447817953,ALBANY PARK,53.54223080864773
2021,Census Tract 1402,6669.0,17031140200,140200,14,1.0,48647.0,0.1370896458157748,ALBANY PARK,53.54223080864773
2021,Census Tract 1404,5765.0,17031140400,140400,14,1.0,48647.0,0.1185067938413468,ALBANY PARK,53.54223080864773
2021,Census Tract 1405,3466.0,17031140500,140500,14,1.0,48647.0,0.0712479700700968,ALBANY PARK,53.54223080864773
2021,Census Tract 2427,1823.0,17031242700,242700,24,1.0,86881.0,0.0209827234953557,WEST TOWN,127.56290457232984
2021,Census Tract 702,4092.0,17031070200,70200,7,1.0,69641.0,0.0587584899699889,LINCOLN PARK,88.31640045539218
2021,Census Tract 703,3558.0,17031070300,70300,7,1.0,69641.0,0.051090593185049,LINCOLN PARK,88.31640045539218
2021,Census Tract 704,3420.0,17031070400,70400,7,1.0,69641.0,0.0491090018810758,LINCOLN PARK,88.31640045539218
2021,Census Tract 705,3264.0,17031070500,70500,7,1.0,69641.0,0.0468689421461495,LINCOLN PARK,88.31640045539218
2021,Census Tract 706,3235.0,17031070600,70600,7,1.0,69641.0,0.0464525207851696,LINCOLN PARK,88.31640045539218
2021,Census Tract 707,3834.0,17031070700,70700,7,1.0,69641.0,0.0550537757929955,LINCOLN PARK,88.31640045539218
2021,Census Tract 1004,3476.0,17031100400,100400,10,1.0,39235.0,0.0885943672741175,NORWOOD PARK,121.95910544621267
2021,Census Tract 1006,5093.0,17031100600,100600,10,1.0,39235.0,0.1298075697718873,NORWOOD PARK,121.95910544621267
2021,Census Tract 1007,5504.0,17031100700,100700,10,1.0,39235.0,0.1402829106664967,NORWOOD PARK,121.95910544621267
2021,Census Tract 1102,2857.0,17031110200,110200,11,1.0,27172.0,0.1051450022081554,JEFFERSON PARK,64.86816166921948
2021,Census Tract 1502,7556.0,17031150200,150200,15,1.0,65563.0,0.1152479294724158,PORTAGE PARK,110.19609711747748
2021,Census Tract 1503,7373.0,17031150300,150300,15,1.0,65563.0,0.1124567210164269,PORTAGE PARK,110.19609711747748
2021,Census Tract 1408,6100.0,17031140800,140800,14,1.0,48647.0,0.1253931383230209,ALBANY PARK,53.54223080864773
2021,Census Tract 2312,6292.0,17031231200,231200,23,1.0,55785.0,0.1127901765707627,HUMBOLDT PARK,100.48087648273764
2021,Census Tract 2311,1331.0,17031231100,231100,23,1.0,55785.0,0.0238594604284305,HUMBOLDT PARK,100.48087648273764
2021,Census Tract 2424,2851.0,17031242400,242400,24,1.0,86881.0,0.03281499982735,WEST TOWN,127.56290457232984
2021,Census Tract 2425,3362.0,17031242500,242500,24,1.0,86881.0,0.0386966080040515,WEST TOWN,127.56290457232984
2021,Census Tract 1202,4862.0,17031120200,120200,12,1.0,20311.0,0.239377677120772,FOREST GLEN,89.13089361873274
2021,Census Tract 1203,7214.0,17031120300,120300,12,1.0,20311.0,0.355176997685983,FOREST GLEN,89.13089361873274
2021,Census Tract 1204,3765.0,17031120400,120400,12,1.0,20311.0,0.1853675348333415,FOREST GLEN,89.13089361873274
2021,Census Tract 2315,5865.0,17031231500,231500,23,1.0,55785.0,0.1051357891906426,HUMBOLDT PARK,100.48087648273764
2021,Census Tract 711,3425.0,17031071100,71100,7,1.0,69641.0,0.0491807986674516,LINCOLN PARK,88.31640045539218
2021,Census Tract 710,4918.0,17031071000,71000,7,1.0,69641.0,0.070619319079278,LINCOLN PARK,88.31640045539218
2021,Census Tract 712,2217.0,17031071200,71200,7,1.0,69641.0,0.0318346950790482,LINCOLN PARK,88.31640045539218
2021,Census Tract 713,3996.0,17031071300,71300,7,1.0,69641.0,0.0573799916715727,LINCOLN PARK,88.31640045539218
2021,Census Tract 1103,5537.0,17031110300,110300,11,1.0,27172.0,0.2037759458265862,JEFFERSON PARK,64.86816166921948
2021,Census Tract 2203,2027.0,17031220300,220300,22,1.0,71408.0,0.0283861752184629,LOGAN SQUARE,100.05756668057336
2021,Census Tract 2204,2819.0,17031220400,220400,22,1.0,71408.0,0.0394773694824109,LOGAN SQUARE,100.05756668057336
2021,Census Tract 2205,2512.0,17031220500,220500,22,1.0,71408.0,0.0351781313018149,LOGAN SQUARE,100.05756668057336
2021,Census Tract 2403,1294.0,17031240300,240300,24,1.0,86881.0,0.01489393538288,WEST TOWN,127.56290457232984
2021,Census Tract 2405,2518.0,17031240500,240500,24,1.0,86881.0,0.0289821710155269,WEST TOWN,127.56290457232984
2021,Census Tract 604,3804.0,17031060400,60400,6,1.0,102611.0,0.0370720488056836,LAKE VIEW,87.21479925558447
2021,Census Tract 605,1241.0,17031060500,60500,6,1.0,102611.0,0.0120942199179425,LAKE VIEW,87.21479925558447
2021,Census Tract 2408,1430.0,17031240800,240800,24,1.0,86881.0,0.0164592948976185,WEST TOWN,127.56290457232984
2021,Census Tract 2406,1641.0,17031240600,240600,24,1.0,86881.0,0.0188879041447497,WEST TOWN,127.56290457232984
2021,Census Tract 2407,1704.0,17031240700,240700,24,1.0,86881.0,0.0196130339199594,WEST TOWN,127.56290457232984
2021,Census Tract 2409,1094.0,17031240900,240900,24,1.0,86881.0,0.0125919360964998,WEST TOWN,127.56290457232984
2021,Census Tract 2426,5533.0,17031242600,242600,24,1.0,86881.0,0.0636848102577088,WEST TOWN,127.56290457232984
2021,Census Tract 3106,5598.0,17031310600,310600,31,1.0,33588.0,0.1666666666666666,LOWER WEST SIDE,81.55072362189355
2021,Census Tract 3107,1486.0,17031310700,310700,31,1.0,33588.0,0.0442419911873288,LOWER WEST SIDE,81.55072362189355
2021,Census Tract 3108,4383.0,17031310800,310800,31,1.0,33588.0,0.1304930332261522,LOWER WEST SIDE,81.55072362189355
2021,Census Tract 206.02,5823.0,17031020602,20602,2,1.0,79897.0,0.07288133471845,WEST RIDGE,98.4290948429624
2021,Census Tract 3109,4855.0,17031310900,310900,31,1.0,33588.0,0.1445456710730022,LOWER WEST SIDE,81.55072362189355
2021,Census Tract 5101,3735.0,17031510100,510100,51,1.0,15198.0,0.245756020529017,SOUTH DEERING,303.79705960132867
2021,Census Tract 5102,4017.0,17031510200,510200,51,1.0,15198.0,0.2643110935649427,SOUTH DEERING,303.79705960132867
2021,Census Tract 5611,5748.0,17031561100,561100,56,1.0,36704.0,0.1566041848299912,GARFIELD RIDGE,117.89077840626808
2021,Census Tract 1907.01,3066.0,17031190701,190701,19,1.0,78610.0,0.0390026714158504,BELMONT CRAGIN,109.09941466771691
2021,Census Tract 209.01,6237.0,17031020901,20901,2,1.0,79897.0,0.0780630061203799,WEST RIDGE,98.4290948429624
2021,Census Tract 102.02,3124.0,17031010202,10202,1,1.0,55789.0,0.0559967018587893,ROGERS PARK,51.25990244057384
2021,Census Tract 5701,1321.0,17031570100,570100,57,1.0,13591.0,0.0971966742697373,ARCHER HEIGHTS,55.92250571042751
2021,Census Tract 5702,2271.0,17031570200,570200,57,1.0,13591.0,0.1670958722684129,ARCHER HEIGHTS,55.92250571042751
2021,Census Tract 5703,5617.0,17031570300,570300,57,1.0,13591.0,0.413288205430064,ARCHER HEIGHTS,55.92250571042751
2021,Census Tract 5704,1761.0,17031570400,570400,57,1.0,13591.0,0.1295710396585976,ARCHER HEIGHTS,55.92250571042751
2021,Census Tract 5705,2621.0,17031570500,570500,57,1.0,13591.0,0.1928482083731881,ARCHER HEIGHTS,55.92250571042751
2021,Census Tract 6904,2748.0,17031690400,690400,69,1.0,29309.0,0.0937595960285236,GREATER GRAND CROSSING,98.85316769023828
2021,Census Tract 6913,2445.0,17031691300,691300,69,1.0,29309.0,0.0834214746323654,GREATER GRAND CROSSING,98.85316769023828
2021,Census Tract 6914,2798.0,17031691400,691400,69,1.0,29309.0,0.0954655566549524,GREATER GRAND CROSSING,98.85316769023828
2021,Census Tract 6915,2002.0,17031691500,691500,69,1.0,29309.0,0.0683066634822068,GREATER GRAND CROSSING,98.85316769023828
2021,Census Tract 3204,3058.0,17031320400,320400,32,1.0,39834.0,0.0767685896470352,LOOP,46.3355654497116
2021,Census Tract 5801,2626.0,17031580100,580100,58,1.0,43197.0,0.0607912586522212,BRIGHTON PARK,75.89279029683405
2021,Census Tract 5802,3239.0,17031580200,580200,58,1.0,43197.0,0.0749820589392781,BRIGHTON PARK,75.89279029683405
2021,Census Tract 5803,2536.0,17031580300,580300,58,1.0,43197.0,0.0587077806329143,BRIGHTON PARK,75.89279029683405
2021,Census Tract 5804,5164.0,17031580400,580400,58,1.0,43197.0,0.1195453387966757,BRIGHTON PARK,75.89279029683405
2021,Census Tract 5806,4941.0,17031580600,580600,58,1.0,43197.0,0.1143829432599486,BRIGHTON PARK,75.89279029683405
2021,Census Tract 5807,6356.0,17031580700,580700,58,1.0,43197.0,0.147139847674607,BRIGHTON PARK,75.89279029683405
2021,Census Tract 6813,2350.0,17031681300,681300,68,1.0,21054.0,0.1116177448465849,ENGLEWOOD,85.65232306609218
2021,Census Tract 6814,2129.0,17031681400,681400,68,1.0,21054.0,0.1011209271397359,ENGLEWOOD,85.65232306609218
2021,Census Tract 6903,2361.0,17031690300,690300,69,1.0,29309.0,0.0805554607799652,GREATER GRAND CROSSING,98.85316769023828
2021,Census Tract 6905,898.0,17031690500,690500,69,1.0,29309.0,0.0306390528506602,GREATER GRAND CROSSING,98.85316769023828
2021,Census Tract 6909,4109.0,17031690900,690900,69,1.0,29309.0,0.140195844279914,GREATER GRAND CROSSING,98.85316769023828
2021,Census Tract 6910,2072.0,17031691000,691000,69,1.0,29309.0,0.070695008359207,GREATER GRAND CROSSING,98.85316769023828
2021,Census Tract 7001,3882.0,17031700100,700100,70,1.0,44215.0,0.0877982585095555,ASHBURN,135.46033718240324
2021,Census Tract 7002,6971.0,17031700200,700200,70,1.0,44215.0,0.157661427117494,ASHBURN,135.46033718240324
2021,Census Tract 3206,5537.0,17031320600,320600,32,1.0,39834.0,0.1390018577094944,LOOP,46.3355654497116
2021,Census Tract 3302,3990.0,17031330200,330200,33,1.0,26816.0,0.1487917661097852,NEAR SOUTH SIDE,49.769639444136615
2021,Census Tract 5905,1746.0,17031590500,590500,59,1.0,15558.0,0.1122252217508677,MCKINLEY PARK,39.431799640295466
2021,Census Tract 5906,3701.0,17031590600,590600,59,1.0,15558.0,0.2378840467926468,MCKINLEY PARK,39.431799640295466
2021,Census Tract 6712,815.0,17031671200,671200,67,1.0,26282.0,0.0310098166045202,WEST ENGLEWOOD,87.94769193108257
2021,Census Tract 6711,1033.0,17031671100,671100,67,1.0,26282.0,0.0393044669355452,WEST ENGLEWOOD,87.94769193108257
2021,Census Tract 6713,1607.0,17031671300,671300,67,1.0,26282.0,0.0611445095502625,WEST ENGLEWOOD,87.94769193108257
2021,Census Tract 6715,2263.0,17031671500,671500,67,1.0,26282.0,0.0861045582527965,WEST ENGLEWOOD,87.94769193108257
2021,Census Tract 6716,1719.0,17031671600,671600,67,1.0,26282.0,0.0654059812799634,WEST ENGLEWOOD,87.94769193108257
2021,Census Tract 6718,1242.0,17031671800,671800,67,1.0,26282.0,0.047256677574005,WEST ENGLEWOOD,87.94769193108257
2021,Census Tract 6719,1293.0,17031671900,671900,67,1.0,26282.0,0.0491971691652081,WEST ENGLEWOOD,87.94769193108257
2021,Census Tract 7101,1100.0,17031710100,710100,71,1.0,48039.0,0.0228980619912987,AUBURN GRESHAM,105.06535358129682
2021,Census Tract 7102,4471.0,17031710200,710200,71,1.0,48039.0,0.0930702137846333,AUBURN GRESHAM,105.06535358129682
2021,Census Tract 7104,5615.0,17031710400,710400,71,1.0,48039.0,0.116884198255584,AUBURN GRESHAM,105.06535358129682
2021,Census Tract 7105,4192.0,17031710500,710500,71,1.0,48039.0,0.0872624326068402,AUBURN GRESHAM,105.06535358129682
2021,Census Tract 7106,1859.0,17031710600,710600,71,1.0,48039.0,0.0386977247652948,AUBURN GRESHAM,105.06535358129682
2021,Census Tract 7108,4650.0,17031710800,710800,71,1.0,48039.0,0.0967963529632173,AUBURN GRESHAM,105.06535358129682
2021,Census Tract 3403,1800.0,17031340300,340300,34,1.0,13284.0,0.1355013550135501,ARMOUR SQUARE,27.766196090094883
2021,Census Tract 3405,1730.0,17031340500,340500,34,1.0,13284.0,0.1302318578741343,ARMOUR SQUARE,27.766196090094883
2021,Census Tract 3406,1105.0,17031340600,340600,34,1.0,13284.0,0.0831827762722071,ARMOUR SQUARE,27.766196090094883
2021,Census Tract 4302,5560.0,17031430200,430200,43,1.0,54209.0,0.1025659945765463,SOUTH SHORE,81.81271638009841
2021,Census Tract 4303,2437.0,17031430300,430300,43,1.0,54209.0,0.0449556346732092,SOUTH SHORE,81.81271638009841
2021,Census Tract 306.04,3234.0,17031030604,30604,77,1.0,58084.0,0.0556779836099442,EDGEWATER,48.449990830225794
2021,Census Tract 315.02,4878.0,17031031502,31502,3,1.0,59119.0,0.0825115445119166,UPTOWN,65.09564271609112
2021,Census Tract 814.02,5613.0,17031081402,81402,8,1.0,98505.0,0.0569818790924318,NEAR NORTH SIDE,76.67589595801923
2021,Census Tract 802.01,3199.0,17031080201,80201,8,1.0,98505.0,0.0324755088574184,NEAR NORTH SIDE,76.67589595801923
2021,Census Tract 7608.02,2351.0,17031760802,760802,76,1.0,13418.0,0.1752124012520494,OHARE,371.8356076134321
2021,Census Tract 1406.01,2821.0,17031140601,140601,14,1.0,48647.0,0.0579891874113511,ALBANY PARK,53.54223080864773
2021,Census Tract 701.02,3359.0,17031070102,70102,7,1.0,69641.0,0.0482330810872905,LINCOLN PARK,88.31640045539218
2021,Census Tract 2105.02,4652.0,17031210502,210502,21,1.0,36820.0,0.1263443780554046,AVONDALE,55.29059546222403
2021,Census Tract 5401.02,3399.0,17031540102,540102,54,1.0,7934.0,0.4284093773632468,RIVERDALE,98.38949739579031
2021,Census Tract 7004.02,3502.0,17031700402,700402,70,1.0,44215.0,0.0792038900825511,ASHBURN,135.46033718240324
2021,Census Tract 308,4164.0,17031030800,30800,77,1.0,58084.0,0.0716892775979615,EDGEWATER,48.449990830225794
2021,Census Tract 311,4685.0,17031031100,31100,3,1.0,59119.0,0.0792469426072836,UPTOWN,65.09564271609112
2021,Census Tract 313,7237.0,17031031300,31300,3,1.0,59119.0,0.1224141139058509,UPTOWN,65.09564271609112
2021,Census Tract 319,2599.0,17031031900,31900,3,1.0,59119.0,0.0439621779800064,UPTOWN,65.09564271609112
2021,Census Tract 1605.01,3718.0,17031160501,160501,16,1.0,54280.0,0.0684966838614591,IRVING PARK,89.61138229311392
2021,Census Tract 401,3982.0,17031040100,40100,4,1.0,42338.0,0.0940526241201757,LINCOLN SQUARE,71.35232822594875
2021,Census Tract 403,2988.0,17031040300,40300,4,1.0,42338.0,0.0705748972554206,LINCOLN SQUARE,71.35232822594875
2021,Census Tract 6116,1742.0,17031611600,611600,61,1.0,39573.0,0.0440199125666489,NEW CITY,134.6369632279751
2021,Census Tract 3404,1584.0,17031340400,340400,34,1.0,13284.0,0.1192411924119241,ARMOUR SQUARE,27.766196090094883
2021,Census Tract 4307,2831.0,17031430700,430700,43,1.0,54209.0,0.0522238004759357,SOUTH SHORE,81.81271638009841
2021,Census Tract 1910,2731.0,17031191000,191000,19,1.0,78610.0,0.0347411270830683,BELMONT CRAGIN,109.09941466771691
2021,Census Tract 5604,1608.0,17031560400,560400,56,1.0,36704.0,0.0438099389712292,GARFIELD RIDGE,117.89077840626808
2021,Census Tract 7107,3751.0,17031710700,710700,71,1.0,48039.0,0.0780823913903286,AUBURN GRESHAM,105.06535358129682
2021,Census Tract 5501,6494.0,17031550100,550100,55,1.0,9243.0,0.7025857405604241,HEGEWISCH,145.96574140897752
2021,Census Tract 2832,1787.0,17031283200,283200,28,1.0,65019.0,0.0274842738276503,NEAR WEST SIDE,158.49246652347665
2021,Census Tract 1005,5629.0,17031100500,100500,10,1.0,39235.0,0.1434688415955142,NORWOOD PARK,121.95910544621267
2022,Census Tract 5103,4640.0,17031510300,510300,51,1.0,15218.0,0.3049020896307005,SOUTH DEERING,303.79705960132867
2022,Census Tract 5201,2062.0,17031520100,520100,52,1.0,23942.0,0.086124801603876,EAST SIDE,83.24172803329057
2022,Census Tract 5907,2914.0,17031590700,590700,59,1.0,15479.0,0.1882550552361263,MCKINLEY PARK,39.431799640295466
2022,Census Tract 6004,3963.0,17031600400,600400,60,1.0,33221.0,0.1192920140874748,BRIDGEPORT,58.29151926539481
2022,Census Tract 8306,4788.0,17031830600,830600,1,1.0,55711.0,0.0859435300030514,ROGERS PARK,51.25990244057384
2022,Census Tract 8308,2415.0,17031830800,830800,4,1.0,42271.0,0.0571313666579924,LINCOLN SQUARE,71.35232822594875
2022,Census Tract 8307,4249.0,17031830700,830700,3,1.0,57464.0,0.0739419462620075,UPTOWN,65.09564271609112
2022,Census Tract 8309,2957.0,17031830900,830900,22,1.0,71220.0,0.0415192361696152,LOGAN SQUARE,100.05756668057336
2022,Census Tract 8352,2276.0,17031835200,835200,56,1.0,36401.0,0.0625257547869564,GARFIELD RIDGE,117.89077840626808
2022,Census Tract 8399,4558.0,17031839900,839900,60,1.0,33221.0,0.1372023719936184,BRIDGEPORT,58.29151926539481
2022,Census Tract 8397,4753.0,17031839700,839700,60,1.0,33221.0,0.1430721531561361,BRIDGEPORT,58.29151926539481
2022,Census Tract 8398,2662.0,17031839800,839800,60,1.0,33221.0,0.0801300382288311,BRIDGEPORT,58.29151926539481
2022,Census Tract 8348,1683.0,17031834800,834800,68,1.0,21378.0,0.0787257928711759,ENGLEWOOD,85.65232306609218
2022,Census Tract 8347,1344.0,17031834700,834700,68,1.0,21378.0,0.0628683693516699,ENGLEWOOD,85.65232306609218
2022,Census Tract 8320,1701.0,17031832000,832000,6,1.0,101739.0,0.0167192522041694,LAKE VIEW,87.21479925558447
2022,Census Tract 8325,3277.0,17031832500,832500,7,1.0,69099.0,0.0474247094748115,LINCOLN PARK,88.31640045539218
2022,Census Tract 8323,1938.0,17031832300,832300,22,1.0,71220.0,0.0272114574557708,LOGAN SQUARE,100.05756668057336
2022,Census Tract 8383,2483.0,17031838300,838300,8,1.0,101208.0,0.0245336337048454,NEAR NORTH SIDE,76.67589595801923
2022,Census Tract 8318,7918.0,17031831800,831800,13,1.0,19398.0,0.4081864109702031,NORTH PARK,70.28870642060181
2022,Census Tract 8317,2224.0,17031831700,831700,15,1.0,64213.0,0.0346347312849423,PORTAGE PARK,110.19609711747748
2022,Census Tract 8351,4666.0,17031835100,835100,63,1.0,34788.0,0.1341267103598942,GAGE PARK,61.28489610145672
2022,Census Tract 8350,5549.0,17031835000,835000,66,1.0,52464.0,0.1057677645623665,CHICAGO LAWN,98.27946509626284
2022,Census Tract 8437,2453.0,17031843700,843700,5,1.0,35814.0,0.0684927681912101,NORTH CENTER,57.05416783863191
2022,Census Tract 2207.02,3959.0,17031220702,220702,22,1.0,71220.0,0.0555883178882336,LOGAN SQUARE,100.05756668057336
2022,Census Tract 8421,7110.0,17031842100,842100,23,1.0,55416.0,0.1283022953659593,HUMBOLDT PARK,100.48087648273764
2022,Census Tract 8433,1572.0,17031843300,843300,29,1.0,30409.0,0.0516952218093327,NORTH LAWNDALE,89.48742200680012
2022,Census Tract 8311,7191.0,17031831100,831100,21,1.0,36374.0,0.1976961565953703,AVONDALE,55.29059546222403
2022,Census Tract 8315,3859.0,17031831500,831500,19,1.0,73991.0,0.0521549918233298,BELMONT CRAGIN,109.09941466771691
2022,Census Tract 8316,7221.0,17031831600,831600,18,1.0,13765.0,0.5245913548855794,MONTCLARE,27.57639362717424
2022,Census Tract 8312,4710.0,17031831200,831200,20,1.0,23157.0,0.2033942220494883,HERMOSA,32.60205939915233
2022,Census Tract 8310,1112.0,17031831000,831000,22,0.5,71220.0,0.0156135916877281,LOGAN SQUARE,100.05756668057336
2022,Census Tract 8310,1112.0,17031831000,831000,24,0.5,86514.0,0.0128534110086228,WEST TOWN,127.56290457232984
2022,Census Tract 8430,2399.0,17031843000,843000,29,1.0,30409.0,0.0788911177611891,NORTH LAWNDALE,89.48742200680012
2022,Census Tract 8431,1564.0,17031843100,843100,29,1.0,30409.0,0.0514321418001249,NORTH LAWNDALE,89.48742200680012
2022,Census Tract 8429,3216.0,17031842900,842900,28,1.0,65581.0,0.0490385934950671,NEAR WEST SIDE,158.49246652347665
2022,Census Tract 8435,9398.0,17031843500,843500,30,1.0,69708.0,0.1348195329087048,SOUTH LAWNDALE,127.99829784190968
2022,Census Tract 8420,2794.0,17031842000,842000,35,1.0,21355.0,0.1308358698197143,DOUGLAS,46.004621149279
2022,Census Tract 8324,3558.0,17031832400,832400,22,1.0,71220.0,0.0499578770008424,LOGAN SQUARE,100.05756668057336
2022,Census Tract 8329,2092.0,17031832900,832900,28,1.0,65581.0,0.0318994830819902,NEAR WEST SIDE,158.49246652347665
2022,Census Tract 8403,3646.0,17031840300,840300,59,1.0,15479.0,0.2355449318431423,MCKINLEY PARK,39.431799640295466
2022,Census Tract 8386,1518.0,17031838600,838600,29,1.0,30409.0,0.0499194317471801,NORTH LAWNDALE,89.48742200680012
2022,Census Tract 8396,1965.0,17031839600,839600,35,1.0,21355.0,0.0920159213298993,DOUGLAS,46.004621149279
2022,Census Tract 8349,905.0,17031834900,834900,67,1.0,25772.0,0.0351156293652025,WEST ENGLEWOOD,87.94769193108257
2022,Census Tract 306.03,2305.0,17031030603,30603,77,1.0,56099.0,0.0410880764363001,EDGEWATER,48.449990830225794
2022,Census Tract 8322,3216.0,17031832200,832200,22,1.0,71220.0,0.0451558550968829,LOGAN SQUARE,100.05756668057336
2022,Census Tract 8367,2507.0,17031836700,836700,23,1.0,55416.0,0.0452396419806554,HUMBOLDT PARK,100.48087648273764
2022,Census Tract 8368,2635.0,17031836800,836800,27,1.0,19901.0,0.1324054067634792,EAST GARFIELD PARK,53.88322083574582
2022,Census Tract 8366,2275.0,17031836600,836600,23,1.0,55416.0,0.0410531254511332,HUMBOLDT PARK,100.48087648273764
2022,Census Tract 8330,4677.0,17031833000,833000,28,1.0,65581.0,0.0713163873682926,NEAR WEST SIDE,158.49246652347665
2022,Census Tract 8425,2449.0,17031842500,842500,69,1.0,28991.0,0.0844744920837501,GREATER GRAND CROSSING,98.85316769023828
2022,Census Tract 8418,2330.0,17031841800,841800,69,1.0,28991.0,0.0803697699285985,GREATER GRAND CROSSING,98.85316769023828
2022,Census Tract 9801,0.0,17031980100,980100,56,0.5,36401.0,0.0,GARFIELD RIDGE,117.89077840626808
2022,Census Tract 9801,0.0,17031980100,980100,64,0.5,24728.0,0.0,CLEARING,71.14519236904174
2022,Census Tract 8428,6069.0,17031842800,842800,58,1.0,42243.0,0.1436687735246076,BRIGHTON PARK,75.89279029683405
2022,Census Tract 8438,1479.0,17031843800,843800,61,1.0,41048.0,0.0360309881114792,NEW CITY,134.6369632279751
2022,Census Tract 8410,1148.0,17031841000,841000,33,1.0,28216.0,0.0406861355259427,NEAR SOUTH SIDE,49.769639444136615
2022,Census Tract 8365,1522.0,17031836500,836500,36,1.0,6977.0,0.218145334671062,OAKLAND,16.913961037490527
2022,Census Tract 8439,1850.0,17031843900,843900,42,0.5,24645.0,0.0750659362953946,WOODLAWN,57.81517950095547
2022,Census Tract 8439,1850.0,17031843900,843900,43,0.5,54974.0,0.0336522719831192,SOUTH SHORE,81.81271638009841
2022,Census Tract 8342,5689.0,17031834200,834200,43,1.0,54974.0,0.1034852839524138,SOUTH SHORE,81.81271638009841
2022,Census Tract 8422,3602.0,17031842200,842200,8,1.0,101208.0,0.0355900719310726,NEAR NORTH SIDE,76.67589595801923
2022,Census Tract 8380,2671.0,17031838000,838000,28,1.0,65581.0,0.040728259709367,NEAR WEST SIDE,158.49246652347665
2022,Census Tract 107.02,5148.0,17031010702,10702,1,1.0,55711.0,0.092405449552153,ROGERS PARK,51.25990244057384
2022,Census Tract 105.03,2417.0,17031010503,10503,1,1.0,55711.0,0.0433846098616072,ROGERS PARK,51.25990244057384
2022,Census Tract 105.02,3407.0,17031010502,10502,1,1.0,55711.0,0.0611548886216366,ROGERS PARK,51.25990244057384
2022,Census Tract 107.01,3590.0,17031010701,10701,1,1.0,55711.0,0.0644396977257633,ROGERS PARK,51.25990244057384
2022,Census Tract 209.02,4365.0,17031020902,20902,2,1.0,79265.0,0.0550684413044849,WEST RIDGE,98.4290948429624
2022,Census Tract 203.02,5201.0,17031020302,20302,2,1.0,79265.0,0.0656153409449315,WEST RIDGE,98.4290948429624
2022,Census Tract 206.01,5868.0,17031020601,20601,2,1.0,79265.0,0.0740301520216993,WEST RIDGE,98.4290948429624
2022,Census Tract 203.01,5432.0,17031020301,20301,2,1.0,79265.0,0.0685296158455812,WEST RIDGE,98.4290948429624
2022,Census Tract 7608.03,6862.0,17031760803,760803,76,1.0,13771.0,0.4982935153583617,OHARE,371.8356076134321
2022,Census Tract 5305.01,5118.0,17031530501,530501,53,1.0,25449.0,0.2011080985500412,WEST PULLMAN,99.36519806341394
2022,Census Tract 5305.03,4369.0,17031530503,530503,53,1.0,25449.0,0.1716766867067468,WEST PULLMAN,99.36519806341394
2022,Census Tract 6503.01,4863.0,17031650301,650301,65,1.0,32594.0,0.1491992391237651,WEST LAWN,82.3153016672832
2022,Census Tract 6503.02,4945.0,17031650302,650302,65,1.0,32594.0,0.1517150395778364,WEST LAWN,82.3153016672832
2022,Census Tract 5305.02,1464.0,17031530502,530502,53,1.0,25449.0,0.0575268183425674,WEST PULLMAN,99.36519806341394
2022,Census Tract 8313,1176.0,17031831300,831300,25,1.0,100120.0,0.011745904914103,AUSTIN,199.25420338818205
2022,Census Tract 8314,2962.0,17031831400,831400,25,1.0,100120.0,0.0295844986016779,AUSTIN,199.25420338818205
2022,Census Tract 8370,1843.0,17031837000,837000,27,1.0,19901.0,0.0926084116376061,EAST GARFIELD PARK,53.88322083574582
2022,Census Tract 8424,3207.0,17031842400,842400,44,1.0,31341.0,0.1023260266105102,CHATHAM,82.32067029535114
2022,Census Tract 8321,3592.0,17031832100,832100,6,1.0,101739.0,0.0353060281701215,LAKE VIEW,87.21479925558447
2022,Census Tract 208.02,8715.0,17031020802,20802,2,1.0,79265.0,0.1099476439790576,WEST RIDGE,98.4290948429624
2022,Census Tract 207.02,8412.0,17031020702,20702,2,1.0,79265.0,0.1061250236548287,WEST RIDGE,98.4290948429624
2022,Census Tract 208.01,5990.0,17031020801,20801,2,1.0,79265.0,0.0755692928783195,WEST RIDGE,98.4290948429624
2022,Census Tract 402.02,7965.0,17031040202,40202,4,1.0,42271.0,0.1884270540086584,LINCOLN SQUARE,71.35232822594875
2022,Census Tract 402.01,6688.0,17031040201,40201,4,1.0,42271.0,0.1582172174777034,LINCOLN SQUARE,71.35232822594875
2022,Census Tract 404.02,4581.0,17031040402,40402,4,1.0,42271.0,0.1083721700456577,LINCOLN SQUARE,71.35232822594875
2022,Census Tract 315.01,4640.0,17031031501,31501,3,1.0,57464.0,0.0807462063204789,UPTOWN,65.09564271609112
2022,Census Tract 812.01,4428.0,17031081201,81201,8,1.0,101208.0,0.0437514820962769,NEAR NORTH SIDE,76.67589595801923
2022,Census Tract 633.01,2992.0,17031063301,63301,6,1.0,101739.0,0.0294085847118607,LAKE VIEW,87.21479925558447
2022,Census Tract 4909.01,3084.0,17031490901,490901,49,1.0,37610.0,0.0819994682265354,ROSELAND,134.31370670490057
2022,Census Tract 4909.02,4697.0,17031490902,490902,49,1.0,37610.0,0.1248869981387928,ROSELAND,134.31370670490057
2022,Census Tract 3018.01,4086.0,17031301801,301801,30,1.0,69708.0,0.0586159407815458,SOUTH LAWNDALE,127.99829784190968
2022,Census Tract 7003.01,6124.0,17031700301,700301,70,1.0,42745.0,0.1432682185050883,ASHBURN,135.46033718240324
2022,Census Tract 3017.02,4086.0,17031301702,301702,30,1.0,69708.0,0.0586159407815458,SOUTH LAWNDALE,127.99829784190968
2022,Census Tract 7004.01,6218.0,17031700401,700401,70,1.0,42745.0,0.1454673061176745,ASHBURN,135.46033718240324
2022,Census Tract 8371,1515.0,17031837100,837100,27,1.0,19901.0,0.0761268277975981,EAST GARFIELD PARK,53.88322083574582
2022,Census Tract 8374,2186.0,17031837400,837400,27,1.0,19901.0,0.1098437264459072,EAST GARFIELD PARK,53.88322083574582
2022,Census Tract 8378,2875.0,17031837800,837800,28,1.0,65581.0,0.0438389167594272,NEAR WEST SIDE,158.49246652347665
2022,Census Tract 8373,2515.0,17031837300,837300,27,1.0,19901.0,0.1263755590171348,EAST GARFIELD PARK,53.88322083574582
2022,Census Tract 8415,1909.0,17031841500,841500,29,1.0,30409.0,0.0627774671972113,NORTH LAWNDALE,89.48742200680012
2022,Census Tract 8387,3737.0,17031838700,838700,29,1.0,30409.0,0.1228912493011937,NORTH LAWNDALE,89.48742200680012
2022,Census Tract 1505.01,3854.0,17031150501,150501,15,1.0,64213.0,0.0600189992680609,PORTAGE PARK,110.19609711747748
2022,Census Tract 1504.01,5146.0,17031150401,150401,15,1.0,64213.0,0.0801395356080544,PORTAGE PARK,110.19609711747748
2022,Census Tract 1505.02,3953.0,17031150502,150502,15,1.0,64213.0,0.0615607431516982,PORTAGE PARK,110.19609711747748
2022,Census Tract 1105.02,3533.0,17031110502,110502,11,1.0,27032.0,0.130696951760876,JEFFERSON PARK,64.86816166921948
2022,Census Tract 1504.02,3945.0,17031150402,150402,15,1.0,64213.0,0.0614361577873639,PORTAGE PARK,110.19609711747748
2022,Census Tract 1403.02,3311.0,17031140302,140302,14,1.0,47663.0,0.0694668820678513,ALBANY PARK,53.54223080864773
2022,Census Tract 1403.01,2908.0,17031140301,140301,14,1.0,47663.0,0.0610116862136248,ALBANY PARK,53.54223080864773
2022,Census Tract 7003.02,6003.0,17031700302,700302,70,1.0,42745.0,0.1404374780676102,ASHBURN,135.46033718240324
2022,Census Tract 5805.01,4716.0,17031580501,580501,58,1.0,42243.0,0.1116397983097791,BRIGHTON PARK,75.89279029683405
2022,Census Tract 5805.02,4932.0,17031580502,580502,58,1.0,42243.0,0.1167530715148071,BRIGHTON PARK,75.89279029683405
2022,Census Tract 7302.01,5671.0,17031730201,730201,73,1.0,26456.0,0.2143559117024493,WASHINGTON HEIGHTS,79.63575286171745
2022,Census Tract 3018.02,2623.0,17031301802,301802,30,1.0,69708.0,0.0376283927239341,SOUTH LAWNDALE,127.99829784190968
2022,Census Tract 4401.01,3986.0,17031440101,440101,44,1.0,31341.0,0.1271816470438084,CHATHAM,82.32067029535114
2022,Census Tract 3017.01,4205.0,17031301701,301701,30,1.0,69708.0,0.0603230619154186,SOUTH LAWNDALE,127.99829784190968
2022,Census Tract 8391,8227.0,17031839100,839100,32,1.0,41671.0,0.1974274675433754,LOOP,46.3355654497116
2022,Census Tract 8331,8469.0,17031833100,833100,28,1.0,65581.0,0.1291380125341181,NEAR WEST SIDE,158.49246652347665
2022,Census Tract 8381,1501.0,17031838100,838100,28,1.0,65581.0,0.0228877266281392,NEAR WEST SIDE,158.49246652347665
2022,Census Tract 8333,2686.0,17031833300,833300,28,1.0,65581.0,0.0409569844924597,NEAR WEST SIDE,158.49246652347665
2022,Census Tract 8382,1834.0,17031838200,838200,28,1.0,65581.0,0.0279654168127963,NEAR WEST SIDE,158.49246652347665
2022,Census Tract 1407.02,5572.0,17031140702,140702,14,1.0,47663.0,0.1169040975179909,ALBANY PARK,53.54223080864773
2022,Census Tract 1406.02,4703.0,17031140602,140602,14,1.0,47663.0,0.098671925812475,ALBANY PARK,53.54223080864773
2022,Census Tract 1407.01,2990.0,17031140701,140701,14,1.0,47663.0,0.0627320982732937,ALBANY PARK,53.54223080864773
2022,Census Tract 1605.02,4012.0,17031160502,160502,16,1.0,53584.0,0.0748730964467005,IRVING PARK,89.61138229311392
2022,Census Tract 1606.02,3757.0,17031160602,160602,16,1.0,53584.0,0.0701142131979695,IRVING PARK,89.61138229311392
2022,Census Tract 1510.02,4892.0,17031151002,151002,15,1.0,64213.0,0.0761839502904396,PORTAGE PARK,110.19609711747748
2022,Census Tract 1510.01,2816.0,17031151001,151001,15,1.0,64213.0,0.0438540482456823,PORTAGE PARK,110.19609711747748
2022,Census Tract 1904.02,4896.0,17031190402,190402,19,1.0,73991.0,0.066170209890392,BELMONT CRAGIN,109.09941466771691
2022,Census Tract 4313.01,3555.0,17031431301,431301,43,1.0,54974.0,0.0646669334594535,SOUTH SHORE,81.81271638009841
2022,Census Tract 4313.02,3788.0,17031431302,431302,43,1.0,54974.0,0.0689053006875977,SOUTH SHORE,81.81271638009841
2022,Census Tract 4603.02,4212.0,17031460302,460302,46,1.0,30315.0,0.1389411182582879,SOUTH CHICAGO,93.2721849914544
2022,Census Tract 4603.01,3189.0,17031460301,460301,46,1.0,30315.0,0.1051954477981197,SOUTH CHICAGO,93.2721849914544
2022,Census Tract 7005.01,6565.0,17031700501,700501,70,1.0,42745.0,0.1535852146449877,ASHBURN,135.46033718240324
2022,Census Tract 7005.02,3656.0,17031700502,700502,70,1.0,42745.0,0.0855304714001637,ASHBURN,135.46033718240324
2022,Census Tract 2106.01,2818.0,17031210601,210601,21,1.0,36374.0,0.0774729202177379,AVONDALE,55.29059546222403
2022,Census Tract 8411,6990.0,17031841100,841100,34,1.0,13193.0,0.5298264231031607,ARMOUR SQUARE,27.766196090094883
2022,Census Tract 8402,2198.0,17031840200,840200,60,1.0,33221.0,0.0661629692062249,BRIDGEPORT,58.29151926539481
2022,Census Tract 8413,4317.0,17031841300,841300,31,1.0,34237.0,0.1260916552268014,LOWER WEST SIDE,81.55072362189355
2022,Census Tract 8407,3930.0,17031840700,840700,30,1.0,69708.0,0.0563780340850404,SOUTH LAWNDALE,127.99829784190968
2022,Census Tract 8417,1137.0,17031841700,841700,30,1.0,69708.0,0.0163108968841452,SOUTH LAWNDALE,127.99829784190968
2022,Census Tract 1906.02,5554.0,17031190602,190602,19,1.0,73991.0,0.0750631833601384,BELMONT CRAGIN,109.09941466771691
2022,Census Tract 1904.01,4119.0,17031190401,190401,19,1.0,73991.0,0.055668932708032,BELMONT CRAGIN,109.09941466771691
2022,Census Tract 1907.02,4707.0,17031190702,190702,19,1.0,73991.0,0.0636158451703585,BELMONT CRAGIN,109.09941466771691
2022,Census Tract 1913.02,4439.0,17031191302,191302,19,1.0,73991.0,0.0599937830276655,BELMONT CRAGIN,109.09941466771691
2022,Census Tract 1906.01,3986.0,17031190601,190601,19,1.0,73991.0,0.0538714167939343,BELMONT CRAGIN,109.09941466771691
2022,Census Tract 1913.01,5211.0,17031191301,191301,19,1.0,73991.0,0.0704274844237812,BELMONT CRAGIN,109.09941466771691
2022,Census Tract 2004.02,5072.0,17031200402,200402,20,1.0,23157.0,0.2190266442112536,HERMOSA,32.60205939915233
2022,Census Tract 2004.01,3408.0,17031200401,200401,20,1.0,23157.0,0.1471693224510947,HERMOSA,32.60205939915233
2022,Census Tract 2209.02,3194.0,17031220902,220902,22,1.0,71220.0,0.0448469531030609,LOGAN SQUARE,100.05756668057336
2022,Census Tract 2105.01,2866.0,17031210501,210501,21,1.0,36374.0,0.0787925441249244,AVONDALE,55.29059546222403
2022,Census Tract 1606.01,3003.0,17031160601,160601,16,1.0,53584.0,0.0560428486115258,IRVING PARK,89.61138229311392
2022,Census Tract 619.01,3517.0,17031061901,61901,6,1.0,101739.0,0.0345688477378389,LAKE VIEW,87.21479925558447
2022,Census Tract 8408,3258.0,17031840800,840800,30,1.0,69708.0,0.0467378206231709,SOUTH LAWNDALE,127.99829784190968
2022,Census Tract 307.03,3093.0,17031030703,30703,77,1.0,56099.0,0.0551346726323107,EDGEWATER,48.449990830225794
2022,Census Tract 814.03,8987.0,17031081403,81403,8,1.0,101208.0,0.0887973282744447,NEAR NORTH SIDE,76.67589595801923
2022,Census Tract 307.02,2266.0,17031030702,30702,77,1.0,56099.0,0.0403928768783757,EDGEWATER,48.449990830225794
2022,Census Tract 4401.02,3320.0,17031440102,440102,44,1.0,31341.0,0.1059315273922338,CHATHAM,82.32067029535114
2022,Census Tract 4402.02,2763.0,17031440202,440202,44,1.0,31341.0,0.0881592801761271,CHATHAM,82.32067029535114
2022,Census Tract 8305,3948.0,17031830500,830500,30,1.0,69708.0,0.0566362540884833,SOUTH LAWNDALE,127.99829784190968
2022,Census Tract 8401,2880.0,17031840100,840100,60,1.0,33221.0,0.0866921525541073,BRIDGEPORT,58.29151926539481
2022,Census Tract 8404,3434.0,17031840400,840400,59,1.0,15479.0,0.2218489566509464,MCKINLEY PARK,39.431799640295466
2022,Census Tract 8392,2375.0,17031839200,839200,35,1.0,21355.0,0.1112151720908452,DOUGLAS,46.004621149279
2022,Census Tract 8355,1393.0,17031835500,835500,37,1.0,2142.0,0.6503267973856209,FULLER PARK,19.916704865338488
2022,Census Tract 701.01,4583.0,17031070101,70101,7,1.0,69099.0,0.066325127715307,LINCOLN PARK,88.31640045539218
2022,Census Tract 1105.01,5097.0,17031110501,110501,11,1.0,27032.0,0.1885543060076945,JEFFERSON PARK,64.86816166921948
2022,Census Tract 301.04,3106.0,17031030104,30104,77,1.0,56099.0,0.0553664058182855,EDGEWATER,48.449990830225794
2022,Census Tract 814.01,2171.0,17031081401,81401,8,1.0,101208.0,0.0214508734487392,NEAR NORTH SIDE,76.67589595801923
2022,Census Tract 4301.02,3542.0,17031430102,430102,43,1.0,54974.0,0.0644304580347073,SOUTH SHORE,81.81271638009841
2022,Census Tract 4301.01,3468.0,17031430101,430101,43,1.0,54974.0,0.0630843671553825,SOUTH SHORE,81.81271638009841
2022,Census Tract 2521.01,1492.0,17031252101,252101,25,1.0,100120.0,0.0149021174590491,AUSTIN,199.25420338818205
2022,Census Tract 105.01,3913.0,17031010501,10501,1,1.0,55711.0,0.0702374755434294,ROGERS PARK,51.25990244057384
2022,Census Tract 207.01,1728.0,17031020701,20701,2,1.0,79265.0,0.0218002901658992,WEST RIDGE,98.4290948429624
2022,Census Tract 102.01,8210.0,17031010201,10201,1,1.0,55711.0,0.1473676652725673,ROGERS PARK,51.25990244057384
2022,Census Tract 7608.01,4718.0,17031760801,760801,76,1.0,13771.0,0.3426040229467722,OHARE,371.8356076134321
2022,Census Tract 8390,10190.0,17031839000,839000,32,1.0,41671.0,0.2445345684048858,LOOP,46.3355654497116
2022,Census Tract 4402.01,6096.0,17031440201,440201,44,1.0,31341.0,0.1945055996936919,CHATHAM,82.32067029535114
2022,Census Tract 5401.01,4460.0,17031540101,540101,54,1.0,7817.0,0.5705513624152488,RIVERDALE,98.38949739579031
2022,Census Tract 8340,3274.0,17031834000,834000,49,1.0,37610.0,0.0870513161393246,ROSELAND,134.31370670490057
2022,Census Tract 8339,2696.0,17031833900,833900,46,1.0,30315.0,0.0889328715157512,SOUTH CHICAGO,93.2721849914544
2022,Census Tract 2210,2571.0,17031221000,221000,22,1.0,71220.0,0.0360994102780117,LOGAN SQUARE,100.05756668057336
2022,Census Tract 2211,4542.0,17031221100,221100,22,1.0,71220.0,0.0637742207245155,LOGAN SQUARE,100.05756668057336
2022,Census Tract 2428,1450.0,17031242800,242800,24,1.0,86514.0,0.0167602931317474,WEST TOWN,127.56290457232984
2022,Census Tract 2429,2032.0,17031242900,242900,24,1.0,86514.0,0.0234875280301454,WEST TOWN,127.56290457232984
2022,Census Tract 2430,2223.0,17031243000,243000,24,1.0,86514.0,0.0256952631943962,WEST TOWN,127.56290457232984
2022,Census Tract 2431,2159.0,17031243100,243100,24,1.0,86514.0,0.0249554985320294,WEST TOWN,127.56290457232984
2022,Census Tract 2432,2329.0,17031243200,243200,24,1.0,86514.0,0.0269204984164412,WEST TOWN,127.56290457232984
2022,Census Tract 2433,2285.0,17031243300,243300,24,1.0,86514.0,0.0264119102110641,WEST TOWN,127.56290457232984
2022,Census Tract 2434,2931.0,17031243400,243400,24,1.0,86514.0,0.0338789097718288,WEST TOWN,127.56290457232984
2022,Census Tract 714,4763.0,17031071400,71400,7,1.0,69099.0,0.0689300858188975,LINCOLN PARK,88.31640045539218
2022,Census Tract 1104,4501.0,17031110400,110400,11,1.0,27032.0,0.1665063628292394,JEFFERSON PARK,64.86816166921948
2022,Census Tract 1506,4223.0,17031150600,150600,15,1.0,64213.0,0.0657654991979817,PORTAGE PARK,110.19609711747748
2022,Census Tract 1507,4453.0,17031150700,150700,15,1.0,64213.0,0.0693473284225935,PORTAGE PARK,110.19609711747748
2022,Census Tract 1508,4668.0,17031150800,150800,15,1.0,64213.0,0.0726955600890785,PORTAGE PARK,110.19609711747748
2022,Census Tract 1511,5447.0,17031151100,151100,15,1.0,64213.0,0.0848270599411334,PORTAGE PARK,110.19609711747748
2022,Census Tract 1512,4057.0,17031151200,151200,15,1.0,64213.0,0.0631803528880444,PORTAGE PARK,110.19609711747748
2022,Census Tract 2415,2823.0,17031241500,241500,24,1.0,86514.0,0.0326305569040848,WEST TOWN,127.56290457232984
2022,Census Tract 2411,3650.0,17031241100,241100,24,1.0,86514.0,0.0421897034006056,WEST TOWN,127.56290457232984
2022,Census Tract 2416,3397.0,17031241600,241600,24,1.0,86514.0,0.0392653212196869,WEST TOWN,127.56290457232984
2022,Census Tract 2413,1888.0,17031241300,241300,24,1.0,86514.0,0.0218230575398201,WEST TOWN,127.56290457232984
2022,Census Tract 2414,5584.0,17031241400,241400,24,1.0,86514.0,0.0645444667915019,WEST TOWN,127.56290457232984
2022,Census Tract 2435,4567.0,17031243500,243500,24,1.0,86514.0,0.0527891439535797,WEST TOWN,127.56290457232984
2022,Census Tract 2502,3051.0,17031250200,250200,25,1.0,100120.0,0.0304734318817419,AUSTIN,199.25420338818205
2022,Census Tract 2503,4844.0,17031250300,250300,25,1.0,100120.0,0.048381941669996,AUSTIN,199.25420338818205
2022,Census Tract 2504,5513.0,17031250400,250400,25,1.0,100120.0,0.0550639232920495,AUSTIN,199.25420338818205
2022,Census Tract 2505,6903.0,17031250500,250500,25,1.0,100120.0,0.0689472632840591,AUSTIN,199.25420338818205
2022,Census Tract 715,5991.0,17031071500,71500,7,1.0,69099.0,0.0867016888811705,LINCOLN PARK,88.31640045539218
2022,Census Tract 718,2726.0,17031071800,71800,7,1.0,69099.0,0.0394506432799316,LINCOLN PARK,88.31640045539218
2022,Census Tract 801,6607.0,17031080100,80100,8,1.0,101208.0,0.0652814006797881,NEAR NORTH SIDE,76.67589595801923
2022,Census Tract 803,5836.0,17031080300,80300,8,1.0,101208.0,0.057663425816141,NEAR NORTH SIDE,76.67589595801923
2022,Census Tract 804,4888.0,17031080400,80400,8,1.0,101208.0,0.0482965773456643,NEAR NORTH SIDE,76.67589595801923
2022,Census Tract 1601,2757.0,17031160100,160100,16,1.0,53584.0,0.0514519259480441,IRVING PARK,89.61138229311392
2022,Census Tract 1602,3356.0,17031160200,160200,16,1.0,53584.0,0.0626306360107494,IRVING PARK,89.61138229311392
2022,Census Tract 1603,3685.0,17031160300,160300,16,1.0,53584.0,0.0687705285159749,IRVING PARK,89.61138229311392
2022,Census Tract 1604,5171.0,17031160400,160400,16,1.0,53584.0,0.0965026873693639,IRVING PARK,89.61138229311392
2022,Census Tract 1607,6265.0,17031160700,160700,16,1.0,53584.0,0.1169192296207823,IRVING PARK,89.61138229311392
2022,Census Tract 2213,3011.0,17031221300,221300,22,1.0,71220.0,0.0422774501544509,LOGAN SQUARE,100.05756668057336
2022,Census Tract 2215,2767.0,17031221500,221500,22,1.0,71220.0,0.038851446222971,LOGAN SQUARE,100.05756668057336
2022,Census Tract 2214,3083.0,17031221400,221400,22,1.0,71220.0,0.0432884021342319,LOGAN SQUARE,100.05756668057336
2022,Census Tract 2506,4542.0,17031250600,250600,25,1.0,100120.0,0.0453655613264083,AUSTIN,199.25420338818205
2022,Census Tract 2507,6466.0,17031250700,250700,25,1.0,100120.0,0.0645825009988014,AUSTIN,199.25420338818205
2022,Census Tract 2508,2693.0,17031250800,250800,25,1.0,100120.0,0.0268977227327207,AUSTIN,199.25420338818205
2022,Census Tract 2510,1380.0,17031251000,251000,25,1.0,100120.0,0.0137834598481821,AUSTIN,199.25420338818205
2022,Census Tract 2511,4544.0,17031251100,251100,25,1.0,100120.0,0.0453855373551737,AUSTIN,199.25420338818205
2022,Census Tract 514,2535.0,17031051400,51400,5,1.0,35814.0,0.0707823756073044,NORTH CENTER,57.05416783863191
2022,Census Tract 601,3178.0,17031060100,60100,6,1.0,101739.0,0.0312367921839216,LAKE VIEW,87.21479925558447
2022,Census Tract 603,2821.0,17031060300,60300,6,1.0,101739.0,0.0277278133262564,LAKE VIEW,87.21479925558447
2022,Census Tract 608,5319.0,17031060800,60800,6,1.0,101739.0,0.0522808362574823,LAKE VIEW,87.21479925558447
2022,Census Tract 1608,5236.0,17031160800,160800,16,1.0,53584.0,0.0977157360406091,IRVING PARK,89.61138229311392
2022,Census Tract 3201.01,8705.0,17031320101,320101,32,1.0,41671.0,0.2088982745794437,LOOP,46.3355654497116
2022,Census Tract 3301.03,8471.0,17031330103,330103,33,1.0,28216.0,0.3002197334845478,NEAR SOUTH SIDE,49.769639444136615
2022,Census Tract 3806,4025.0,17031380600,380600,38,1.0,24813.0,0.162213355902148,GRAND BOULEVARD,48.49250314605212
2022,Census Tract 3301.02,9617.0,17031330102,330102,33,1.0,28216.0,0.3408349872412815,NEAR SOUTH SIDE,49.769639444136615
2022,Census Tract 3301.01,5011.0,17031330101,330101,33,1.0,28216.0,0.1775942727530479,NEAR SOUTH SIDE,49.769639444136615
2022,Census Tract 4608,4376.0,17031460800,460800,46,1.0,30315.0,0.1443509813623618,SOUTH CHICAGO,93.2721849914544
2022,Census Tract 6306,2746.0,17031630600,630600,63,1.0,34788.0,0.0789352650339197,GAGE PARK,61.28489610145672
2022,Census Tract 4902,2944.0,17031490200,490200,49,1.0,37610.0,0.0782770539750066,ROSELAND,134.31370670490057
2022,Census Tract 6122,3687.0,17031612200,612200,61,1.0,41048.0,0.0898216721886571,NEW CITY,134.6369632279751
2022,Census Tract 8447,1753.0,17031844700,844700,29,1.0,30409.0,0.0576474070176592,NORTH LAWNDALE,89.48742200680012
2022,Census Tract 8446,2275.0,17031844600,844600,38,1.0,24813.0,0.0916858098577358,GRAND BOULEVARD,48.49250314605212
2022,Census Tract 3201.02,5429.0,17031320102,320102,32,1.0,41671.0,0.130282450625135,LOOP,46.3355654497116
2022,Census Tract 2207.01,3077.0,17031220701,220701,22,1.0,71220.0,0.0432041561359168,LOGAN SQUARE,100.05756668057336
2022,Census Tract 633.02,4102.0,17031063302,63302,6,1.0,101739.0,0.0403188551096433,LAKE VIEW,87.21479925558447
2022,Census Tract 2522.01,3258.0,17031252201,252201,25,1.0,100120.0,0.0325409508589692,AUSTIN,199.25420338818205
2022,Census Tract 6603.02,4612.0,17031660302,660302,66,1.0,52464.0,0.0879078987496187,CHICAGO LAWN,98.27946509626284
2022,Census Tract 6603.01,1761.0,17031660301,660301,66,1.0,52464.0,0.0335658737419945,CHICAGO LAWN,98.27946509626284
2022,Census Tract 7302.02,3093.0,17031730202,730202,73,1.0,26456.0,0.1169110976716056,WASHINGTON HEIGHTS,79.63575286171745
2022,Census Tract 8356,749.0,17031835600,835600,37,1.0,2142.0,0.349673202614379,FULLER PARK,19.916704865338488
2022,Census Tract 8400,2651.0,17031840000,840000,60,1.0,33221.0,0.0797989223683814,BRIDGEPORT,58.29151926539481
2022,Census Tract 8364,3783.0,17031836400,836400,36,1.0,6977.0,0.5422101189623048,OAKLAND,16.913961037490527
2022,Census Tract 8361,1827.0,17031836100,836100,40,1.0,12366.0,0.1477438136826783,WASHINGTON PARK,42.37388147613499
2022,Census Tract 8346,1825.0,17031834600,834600,68,1.0,21378.0,0.0853681354663672,ENGLEWOOD,85.65232306609218
2022,Census Tract 8436,2966.0,17031843600,843600,38,1.0,24813.0,0.119534115181558,GRAND BOULEVARD,48.49250314605212
2022,Census Tract 619.02,4938.0,17031061902,61902,6,1.0,101739.0,0.0485359596614867,LAKE VIEW,87.21479925558447
2022,Census Tract 301.02,3052.0,17031030102,30102,77,1.0,56099.0,0.0544038218150056,EDGEWATER,48.449990830225794
2022,Census Tract 301.03,2297.0,17031030103,30103,77,1.0,56099.0,0.0409454713987771,EDGEWATER,48.449990830225794
2022,Census Tract 307.06,2588.0,17031030706,30706,77,1.0,56099.0,0.0461327296386744,EDGEWATER,48.449990830225794
2022,Census Tract 306.01,3771.0,17031030601,30601,77,1.0,56099.0,0.0672204495623808,EDGEWATER,48.449990830225794
2022,Census Tract 812.02,3437.0,17031081202,81202,8,1.0,101208.0,0.033959766026401,NEAR NORTH SIDE,76.67589595801923
2022,Census Tract 633.03,1198.0,17031063303,63303,6,1.0,101739.0,0.0117752287716608,LAKE VIEW,87.21479925558447
2022,Census Tract 2209.01,3090.0,17031220901,220901,22,1.0,71220.0,0.0433866891322662,LOGAN SQUARE,100.05756668057336
2022,Census Tract 2106.02,4362.0,17031210602,210602,21,1.0,36374.0,0.1199208225655688,AVONDALE,55.29059546222403
2022,Census Tract 2206.02,4316.0,17031220602,220602,22,1.0,71220.0,0.0606009547879809,LOGAN SQUARE,100.05756668057336
2022,Census Tract 2206.01,1538.0,17031220601,220601,22,1.0,71220.0,0.0215950575680988,LOGAN SQUARE,100.05756668057336
2022,Census Tract 404.01,3431.0,17031040401,40401,4,1.0,42271.0,0.0811667573513756,LINCOLN SQUARE,71.35232822594875
2022,Census Tract 2522.02,4945.0,17031252202,252202,25,1.0,100120.0,0.0493907311226528,AUSTIN,199.25420338818205
2022,Census Tract 2521.02,7020.0,17031252102,252102,25,1.0,100120.0,0.0701158609668397,AUSTIN,199.25420338818205
2022,Census Tract 8363,1744.0,17031836300,836300,41,1.0,29559.0,0.0590006427822321,HYDE PARK,45.10538016450888
2022,Census Tract 8345,1572.0,17031834500,834500,40,1.0,12366.0,0.1271227559437166,WASHINGTON PARK,42.37388147613499
2022,Census Tract 8360,3022.0,17031836000,836000,38,1.0,24813.0,0.1217909966549792,GRAND BOULEVARD,48.49250314605212
2022,Census Tract 8362,1709.0,17031836200,836200,41,1.0,29559.0,0.0578165702493318,HYDE PARK,45.10538016450888
2022,Census Tract 8344,4263.0,17031834400,834400,42,1.0,24645.0,0.1729762629336579,WOODLAWN,57.81517950095547
2022,Census Tract 8343,6186.0,17031834300,834300,45,1.0,9647.0,0.6412356172903493,AVALON PARK,34.852737729948345
2022,Census Tract 7103,1382.0,17031710300,710300,71,1.0,46468.0,0.0297408969613497,AUBURN GRESHAM,105.06535358129682
2022,Census Tract 1609,2420.0,17031160900,160900,16,1.0,53584.0,0.0451627351448193,IRVING PARK,89.61138229311392
2022,Census Tract 1610,1986.0,17031161000,161000,16,1.0,53584.0,0.0370633024783517,IRVING PARK,89.61138229311392
2022,Census Tract 1611,2024.0,17031161100,161100,16,1.0,53584.0,0.0377724693938489,IRVING PARK,89.61138229311392
2022,Census Tract 1612,2873.0,17031161200,161200,16,1.0,53584.0,0.0536167512690355,IRVING PARK,89.61138229311392
2022,Census Tract 1613,3769.0,17031161300,161300,16,1.0,53584.0,0.0703381606449686,IRVING PARK,89.61138229311392
2022,Census Tract 1701,2030.0,17031170100,170100,17,1.0,42574.0,0.0476816836566918,DUNNING,103.5950011545707
2022,Census Tract 2216,3389.0,17031221600,221600,22,1.0,71220.0,0.047584948048301,LOGAN SQUARE,100.05756668057336
2022,Census Tract 2421,3817.0,17031242100,242100,24,1.0,86514.0,0.044120026816469,WEST TOWN,127.56290457232984
2022,Census Tract 2420,4378.0,17031242000,242000,24,1.0,86514.0,0.0506045264350278,WEST TOWN,127.56290457232984
2022,Census Tract 2512,3840.0,17031251200,251200,25,1.0,100120.0,0.0383539752297243,AUSTIN,199.25420338818205
2022,Census Tract 2513,4915.0,17031251300,251300,25,1.0,100120.0,0.0490910906911706,AUSTIN,199.25420338818205
2022,Census Tract 513,3077.0,17031051300,51300,5,1.0,35814.0,0.0859161221868543,NORTH CENTER,57.05416783863191
2022,Census Tract 6007,2870.0,17031600700,600700,60,1.0,33221.0,0.0863911381355166,BRIDGEPORT,58.29151926539481
2022,Census Tract 6009,3733.0,17031600900,600900,60,1.0,33221.0,0.1123686824598898,BRIDGEPORT,58.29151926539481
2022,Census Tract 6720,3295.0,17031672000,672000,67,1.0,25772.0,0.1278519323296601,WEST ENGLEWOOD,87.94769193108257
2022,Census Tract 7109,2151.0,17031710900,710900,71,1.0,46468.0,0.0462899199449083,AUBURN GRESHAM,105.06535358129682
2022,Census Tract 7110,3779.0,17031711000,711000,71,1.0,46468.0,0.081324782646122,AUBURN GRESHAM,105.06535358129682
2022,Census Tract 7111,2808.0,17031711100,711100,71,1.0,46468.0,0.0604286821038133,AUBURN GRESHAM,105.06535358129682
2022,Census Tract 7112,4869.0,17031711200,711200,71,1.0,46468.0,0.1047817853146251,AUBURN GRESHAM,105.06535358129682
2022,Census Tract 7115,2628.0,17031711500,711500,71,1.0,46468.0,0.0565550486356202,AUBURN GRESHAM,105.06535358129682
2022,Census Tract 7113,1618.0,17031711300,711300,71,1.0,46468.0,0.0348196608418696,AUBURN GRESHAM,105.06535358129682
2022,Census Tract 7114,2728.0,17031711400,711400,71,1.0,46468.0,0.0587070672290608,AUBURN GRESHAM,105.06535358129682
2022,Census Tract 2705,1380.0,17031270500,270500,27,1.0,19901.0,0.0693432490829606,EAST GARFIELD PARK,53.88322083574582
2022,Census Tract 2712,1384.0,17031271200,271200,27,1.0,19901.0,0.0695442440078388,EAST GARFIELD PARK,53.88322083574582
2022,Census Tract 2713,964.0,17031271300,271300,27,1.0,19901.0,0.0484397768956333,EAST GARFIELD PARK,53.88322083574582
2022,Census Tract 2714,1359.0,17031271400,271400,27,1.0,19901.0,0.0682880257273503,EAST GARFIELD PARK,53.88322083574582
2022,Census Tract 3501,2439.0,17031350100,350100,35,1.0,21355.0,0.114212128307188,DOUGLAS,46.004621149279
2022,Census Tract 3504,1777.0,17031350400,350400,35,1.0,21355.0,0.0832123624443924,DOUGLAS,46.004621149279
2022,Census Tract 3510,3526.0,17031351000,351000,35,1.0,21355.0,0.1651135565441348,DOUGLAS,46.004621149279
2022,Census Tract 3514,1569.0,17031351400,351400,35,1.0,21355.0,0.0734722547412783,DOUGLAS,46.004621149279
2022,Census Tract 3602,1672.0,17031360200,360200,36,1.0,6977.0,0.2396445463666332,OAKLAND,16.913961037490527
2022,Census Tract 4304,2999.0,17031430400,430400,43,1.0,54974.0,0.0545530614472296,SOUTH SHORE,81.81271638009841
2022,Census Tract 4306,2218.0,17031430600,430600,43,1.0,54974.0,0.0403463455451668,SOUTH SHORE,81.81271638009841
2022,Census Tract 4308,2016.0,17031430800,430800,43,1.0,54974.0,0.0366718812529559,SOUTH SHORE,81.81271638009841
2022,Census Tract 4305,3882.0,17031430500,430500,43,1.0,54974.0,0.070615199912686,SOUTH SHORE,81.81271638009841
2022,Census Tract 4309,1681.0,17031430900,430900,43,1.0,54974.0,0.0305780914614181,SOUTH SHORE,81.81271638009841
2022,Census Tract 6103,5670.0,17031610300,610300,61,1.0,41048.0,0.1381309686221009,NEW CITY,134.6369632279751
2022,Census Tract 6810,2297.0,17031681000,681000,68,1.0,21378.0,0.107446908036299,ENGLEWOOD,85.65232306609218
2022,Census Tract 6811,1932.0,17031681100,681100,68,1.0,21378.0,0.0903732809430255,ENGLEWOOD,85.65232306609218
2022,Census Tract 6805,1474.0,17031680500,680500,68,1.0,21378.0,0.068949387220507,ENGLEWOOD,85.65232306609218
2022,Census Tract 6809,3560.0,17031680900,680900,68,1.0,21378.0,0.1665263354850781,ENGLEWOOD,85.65232306609218
2022,Census Tract 7201,3370.0,17031720100,720100,72,1.0,19781.0,0.1703655022496334,BEVERLY,88.7793639211539
2022,Census Tract 7202,4097.0,17031720200,720200,72,1.0,19781.0,0.2071179414589757,BEVERLY,88.7793639211539
2022,Census Tract 7203,3614.0,17031720300,720300,72,1.0,19781.0,0.1827005712552449,BEVERLY,88.7793639211539
2022,Census Tract 7204,1872.0,17031720400,720400,72,1.0,19781.0,0.0946362671250189,BEVERLY,88.7793639211539
2022,Census Tract 7205,1833.0,17031720500,720500,72,1.0,19781.0,0.092664678226581,BEVERLY,88.7793639211539
2022,Census Tract 7206,1860.0,17031720600,720600,72,1.0,19781.0,0.094029624387038,BEVERLY,88.7793639211539
2022,Census Tract 7207,3135.0,17031720700,720700,72,1.0,19781.0,0.1584854152975077,BEVERLY,88.7793639211539
2022,Census Tract 406,2785.0,17031040600,40600,4,1.0,42271.0,0.0658844124813702,LINCOLN SQUARE,71.35232822594875
2022,Census Tract 407,3749.0,17031040700,40700,4,1.0,42271.0,0.0886896453833597,LINCOLN SQUARE,71.35232822594875
2022,Census Tract 408,1577.0,17031040800,40800,4,1.0,42271.0,0.0373069007120721,LINCOLN SQUARE,71.35232822594875
2022,Census Tract 3801,1928.0,17031380100,380100,38,1.0,24813.0,0.0777012050135009,GRAND BOULEVARD,48.49250314605212
2022,Census Tract 3802,1723.0,17031380200,380200,38,1.0,24813.0,0.0694394067625841,GRAND BOULEVARD,48.49250314605212
2022,Census Tract 4312,2399.0,17031431200,431200,43,1.0,54974.0,0.043638811074326,SOUTH SHORE,81.81271638009841
2022,Census Tract 4314,7565.0,17031431400,431400,43,1.0,54974.0,0.1376105067850256,SOUTH SHORE,81.81271638009841
2022,Census Tract 501,2513.0,17031050100,50100,5,1.0,35814.0,0.0701680906907913,NORTH CENTER,57.05416783863191
2022,Census Tract 6108,1521.0,17031610800,610800,61,1.0,41048.0,0.0370541804716429,NEW CITY,134.6369632279751
2022,Census Tract 6113,3409.0,17031611300,611300,61,1.0,41048.0,0.0830491132332878,NEW CITY,134.6369632279751
2022,Census Tract 6114,3587.0,17031611400,611400,61,1.0,41048.0,0.0873854999025531,NEW CITY,134.6369632279751
2022,Census Tract 6115,3273.0,17031611500,611500,61,1.0,41048.0,0.0797359189241863,NEW CITY,134.6369632279751
2022,Census Tract 6119,1559.0,17031611900,611900,61,1.0,41048.0,0.0379799259403625,NEW CITY,134.6369632279751
2022,Census Tract 6812,1883.0,17031681200,681200,68,1.0,21378.0,0.0880812049770792,ENGLEWOOD,85.65232306609218
2022,Census Tract 6912,1984.0,17031691200,691200,69,1.0,28991.0,0.068435031561519,GREATER GRAND CROSSING,98.85316769023828
2022,Census Tract 6911,2883.0,17031691100,691100,69,1.0,28991.0,0.0994446552378324,GREATER GRAND CROSSING,98.85316769023828
2022,Census Tract 7301,2669.0,17031730100,730100,73,1.0,26456.0,0.1008844874508618,WASHINGTON HEIGHTS,79.63575286171745
2022,Census Tract 7303,1042.0,17031730300,730300,73,1.0,26456.0,0.0393861505896583,WASHINGTON HEIGHTS,79.63575286171745
2022,Census Tract 7304,4070.0,17031730400,730400,73,1.0,26456.0,0.1538403386755367,WASHINGTON HEIGHTS,79.63575286171745
2022,Census Tract 7305,4053.0,17031730500,730500,73,1.0,26456.0,0.1531977623223465,WASHINGTON HEIGHTS,79.63575286171745
2022,Census Tract 7306,3570.0,17031730600,730600,73,1.0,26456.0,0.1349410341699425,WASHINGTON HEIGHTS,79.63575286171745
2022,Census Tract 3812,1906.0,17031381200,381200,38,1.0,24813.0,0.0768145730060855,GRAND BOULEVARD,48.49250314605212
2022,Census Tract 3814,1615.0,17031381400,381400,38,1.0,24813.0,0.0650868496352718,GRAND BOULEVARD,48.49250314605212
2022,Census Tract 3817,0.0,17031381700,381700,38,1.0,24813.0,0.0,GRAND BOULEVARD,48.49250314605212
2022,Census Tract 4403,4650.0,17031440300,440300,44,1.0,31341.0,0.1483679525222551,CHATHAM,82.32067029535114
2022,Census Tract 6120,1317.0,17031612000,612000,61,1.0,41048.0,0.0320843890079906,NEW CITY,134.6369632279751
2022,Census Tract 6121,1018.0,17031612100,612100,61,1.0,41048.0,0.0248002338725394,NEW CITY,134.6369632279751
2022,Census Tract 6201,4798.0,17031620100,620100,62,1.0,18366.0,0.2612436023086137,WEST ELSDON,32.71109141959873
2022,Census Tract 6202,1948.0,17031620200,620200,62,1.0,18366.0,0.1060655559185451,WEST ELSDON,32.71109141959873
2022,Census Tract 6203,7080.0,17031620300,620300,62,1.0,18366.0,0.3854949362953283,WEST ELSDON,32.71109141959873
2022,Census Tract 6204,4540.0,17031620400,620400,62,1.0,18366.0,0.2471959054775128,WEST ELSDON,32.71109141959873
2022,Census Tract 7307,2288.0,17031730700,730700,73,1.0,26456.0,0.086483217417599,WASHINGTON HEIGHTS,79.63575286171745
2022,Census Tract 7401,3075.0,17031740100,740100,74,1.0,19121.0,0.1608179488520474,MOUNT GREENWOOD,75.58429000631087
2022,Census Tract 7402,6473.0,17031740200,740200,74,1.0,19121.0,0.3385283196485539,MOUNT GREENWOOD,75.58429000631087
2022,Census Tract 7403,5043.0,17031740300,740300,74,1.0,19121.0,0.2637414361173579,MOUNT GREENWOOD,75.58429000631087
2022,Census Tract 7404,4530.0,17031740400,740400,74,1.0,19121.0,0.2369122953820407,MOUNT GREENWOOD,75.58429000631087
2022,Census Tract 3818,1483.0,17031381800,381800,38,1.0,24813.0,0.059767057590779,GRAND BOULEVARD,48.49250314605212
2022,Census Tract 3819,1348.0,17031381900,381900,38,1.0,24813.0,0.0543263611816386,GRAND BOULEVARD,48.49250314605212
2022,Census Tract 3901,1854.0,17031390100,390100,39,1.0,18637.0,0.0994795299672694,KENWOOD,29.071741922715727
2022,Census Tract 3902,2178.0,17031390200,390200,39,1.0,18637.0,0.1168643021945592,KENWOOD,29.071741922715727
2022,Census Tract 3903,2664.0,17031390300,390300,39,1.0,18637.0,0.1429414605354939,KENWOOD,29.071741922715727
2022,Census Tract 3904,2289.0,17031390400,390400,39,1.0,18637.0,0.1228201963835381,KENWOOD,29.071741922715727
2022,Census Tract 3905,1766.0,17031390500,390500,39,1.0,18637.0,0.0947577399796104,KENWOOD,29.071741922715727
2022,Census Tract 3906,1824.0,17031390600,390600,39,1.0,18637.0,0.0978698288351129,KENWOOD,29.071741922715727
2022,Census Tract 3907,6062.0,17031390700,390700,39,1.0,18637.0,0.3252669421044159,KENWOOD,29.071741922715727
2022,Census Tract 4406,1612.0,17031440600,440600,44,1.0,31341.0,0.0514342235410484,CHATHAM,82.32067029535114
2022,Census Tract 4409,2377.0,17031440900,440900,44,1.0,31341.0,0.0758431447624517,CHATHAM,82.32067029535114
2022,Census Tract 4407,1453.0,17031440700,440700,44,1.0,31341.0,0.0463609967773842,CHATHAM,82.32067029535114
2022,Census Tract 4408,1877.0,17031440800,440800,44,1.0,31341.0,0.0598896014804888,CHATHAM,82.32067029535114
2022,Census Tract 6303,4167.0,17031630300,630300,63,1.0,34788.0,0.1197826836840289,GAGE PARK,61.28489610145672
2022,Census Tract 6305,5989.0,17031630500,630500,63,1.0,34788.0,0.1721570656548235,GAGE PARK,61.28489610145672
2022,Census Tract 6308,6361.0,17031630800,630800,63,1.0,34788.0,0.182850408186731,GAGE PARK,61.28489610145672
2022,Census Tract 6309,4856.0,17031630900,630900,63,1.0,34788.0,0.1395883638036104,GAGE PARK,61.28489610145672
2022,Census Tract 6401,1348.0,17031640100,640100,64,1.0,24728.0,0.0545131025558071,CLEARING,71.14519236904174
2022,Census Tract 6403,6897.0,17031640300,640300,64,1.0,24728.0,0.2789145907473309,CLEARING,71.14519236904174
2022,Census Tract 7501,3636.0,17031750100,750100,75,1.0,20718.0,0.1754995655951346,MORGAN PARK,91.877340681314
2022,Census Tract 7502,3141.0,17031750200,750200,75,1.0,20718.0,0.1516072980017376,MORGAN PARK,91.877340681314
2022,Census Tract 7503,2546.0,17031750300,750300,75,1.0,20718.0,0.1228883096824017,MORGAN PARK,91.877340681314
2022,Census Tract 7504,2790.0,17031750400,750400,75,1.0,20718.0,0.1346655082536924,MORGAN PARK,91.877340681314
2022,Census Tract 7505,4761.0,17031750500,750500,75,1.0,20718.0,0.2298001737619461,MORGAN PARK,91.877340681314
2022,Census Tract 2827,2243.0,17031282700,282700,28,1.0,65581.0,0.0342019792317896,NEAR WEST SIDE,158.49246652347665
2022,Census Tract 2828,1498.0,17031282800,282800,28,1.0,65581.0,0.0228419816715207,NEAR WEST SIDE,158.49246652347665
2022,Census Tract 4003,1361.0,17031400300,400300,40,1.0,12366.0,0.1100598415008895,WASHINGTON PARK,42.37388147613499
2022,Census Tract 4005,2634.0,17031400500,400500,40,1.0,12366.0,0.2130033964095099,WASHINGTON PARK,42.37388147613499
2022,Census Tract 4008,2768.0,17031400800,400800,40,1.0,12366.0,0.2238395600841015,WASHINGTON PARK,42.37388147613499
2022,Census Tract 4101,2251.0,17031410100,410100,41,1.0,29559.0,0.0761527791873879,HYDE PARK,45.10538016450888
2022,Census Tract 4105,3405.0,17031410500,410500,41,1.0,29559.0,0.1151933421293007,HYDE PARK,45.10538016450888
2022,Census Tract 4106,2249.0,17031410600,410600,41,1.0,29559.0,0.0760851178997936,HYDE PARK,45.10538016450888
2022,Census Tract 4601,2650.0,17031460100,460100,46,1.0,30315.0,0.0874154708889988,SOUTH CHICAGO,93.2721849914544
2022,Census Tract 4503,3461.0,17031450300,450300,45,1.0,9647.0,0.3587643827096506,AVALON PARK,34.852737729948345
2022,Census Tract 4602,1880.0,17031460200,460200,46,1.0,30315.0,0.0620155038759689,SOUTH CHICAGO,93.2721849914544
2022,Census Tract 6404,3309.0,17031640400,640400,64,1.0,24728.0,0.1338159171789065,CLEARING,71.14519236904174
2022,Census Tract 6405,4132.0,17031640500,640500,64,1.0,24728.0,0.1670980265286315,CLEARING,71.14519236904174
2022,Census Tract 6406,4427.0,17031640600,640600,64,1.0,24728.0,0.1790278227110967,CLEARING,71.14519236904174
2022,Census Tract 6407,3110.0,17031640700,640700,64,1.0,24728.0,0.1257683597541248,CLEARING,71.14519236904174
2022,Census Tract 6408,1505.0,17031640800,640800,64,1.0,24728.0,0.0608621805241022,CLEARING,71.14519236904174
2022,Census Tract 6501,4622.0,17031650100,650100,65,1.0,32594.0,0.1418052402282628,WEST LAWN,82.3153016672832
2022,Census Tract 6502,7211.0,17031650200,650200,65,1.0,32594.0,0.2212370374915628,WEST LAWN,82.3153016672832
2022,Census Tract 7506,3844.0,17031750600,750600,75,1.0,20718.0,0.1855391447050873,MORGAN PARK,91.877340681314
2022,Census Tract 2831,2729.0,17031283100,283100,28,1.0,65581.0,0.041612662203992,NEAR WEST SIDE,158.49246652347665
2022,Census Tract 2838,3504.0,17031283800,283800,28,1.0,65581.0,0.0534301093304463,NEAR WEST SIDE,158.49246652347665
2022,Census Tract 4107,2541.0,17031410700,410700,41,1.0,29559.0,0.0859636658885618,HYDE PARK,45.10538016450888
2022,Census Tract 4108,2890.0,17031410800,410800,41,1.0,29559.0,0.0977705605737677,HYDE PARK,45.10538016450888
2022,Census Tract 4109,3527.0,17031410900,410900,41,1.0,29559.0,0.1193206806725531,HYDE PARK,45.10538016450888
2022,Census Tract 4110,3931.0,17031411000,411000,41,1.0,29559.0,0.1329882607666024,HYDE PARK,45.10538016450888
2022,Census Tract 4111,2388.0,17031411100,411100,41,1.0,29559.0,0.0807875773875976,HYDE PARK,45.10538016450888
2022,Census Tract 4112,1643.0,17031411200,411200,41,1.0,29559.0,0.0555837477587198,HYDE PARK,45.10538016450888
2022,Census Tract 4604,3682.0,17031460400,460400,46,1.0,30315.0,0.1214580240804882,SOUTH CHICAGO,93.2721849914544
2022,Census Tract 4605,6284.0,17031460500,460500,46,1.0,30315.0,0.207290120402441,SOUTH CHICAGO,93.2721849914544
2022,Census Tract 4610,1346.0,17031461000,461000,46,1.0,30315.0,0.044400461817582,SOUTH CHICAGO,93.2721849914544
2022,Census Tract 4201,1629.0,17031420100,420100,42,1.0,24645.0,0.0660986001217285,WOODLAWN,57.81517950095547
2022,Census Tract 4202,1796.0,17031420200,420200,42,1.0,24645.0,0.0728748224792047,WOODLAWN,57.81517950095547
2022,Census Tract 4204,1327.0,17031420400,420400,42,1.0,24645.0,0.0538445932237776,WOODLAWN,57.81517950095547
2022,Census Tract 4207,2274.0,17031420700,420700,42,1.0,24645.0,0.0922702373706634,WOODLAWN,57.81517950095547
2022,Census Tract 4208,2322.0,17031420800,420800,42,1.0,24645.0,0.0942178940961655,WOODLAWN,57.81517950095547
2022,Census Tract 4701,2246.0,17031470100,470100,47,1.0,2246.0,1.0,BURNSIDE,16.995983270423185
2022,Census Tract 4801,2161.0,17031480100,480100,48,1.0,12087.0,0.178787126665012,CALUMET HEIGHTS,48.82624155505823
2022,Census Tract 4802,1057.0,17031480200,480200,48,1.0,12087.0,0.0874493257218499,CALUMET HEIGHTS,48.82624155505823
2022,Census Tract 4803,1131.0,17031480300,480300,48,1.0,12087.0,0.0935716058575328,CALUMET HEIGHTS,48.82624155505823
2022,Census Tract 4804,5013.0,17031480400,480400,48,1.0,12087.0,0.4147431124348473,CALUMET HEIGHTS,48.82624155505823
2022,Census Tract 6504,6794.0,17031650400,650400,65,1.0,32594.0,0.20844327176781,WEST LAWN,82.3153016672832
2022,Census Tract 6505,4159.0,17031650500,650500,65,1.0,32594.0,0.1276001718107627,WEST LAWN,82.3153016672832
2022,Census Tract 6604,4719.0,17031660400,660400,66,1.0,52464.0,0.0899473924977127,CHICAGO LAWN,98.27946509626284
2022,Census Tract 2909,4241.0,17031290900,290900,29,1.0,30409.0,0.1394652898812851,NORTH LAWNDALE,89.48742200680012
2022,Census Tract 2912,1312.0,17031291200,291200,29,1.0,30409.0,0.0431451215100792,NORTH LAWNDALE,89.48742200680012
2022,Census Tract 4212,1986.0,17031421200,421200,42,1.0,24645.0,0.0805842970176506,WOODLAWN,57.81517950095547
2022,Census Tract 2715,1470.0,17031271500,271500,27,1.0,19901.0,0.0738656348927189,EAST GARFIELD PARK,53.88322083574582
2022,Census Tract 2922,2540.0,17031292200,292200,29,1.0,30409.0,0.0835279029234766,NORTH LAWNDALE,89.48742200680012
2022,Census Tract 2924,1765.0,17031292400,292400,29,1.0,30409.0,0.0580420270314709,NORTH LAWNDALE,89.48742200680012
2022,Census Tract 2925,3461.0,17031292500,292500,29,1.0,30409.0,0.1138149889835246,NORTH LAWNDALE,89.48742200680012
2022,Census Tract 2718,656.0,17031271800,271800,27,1.0,19901.0,0.032963167680016,EAST GARFIELD PARK,53.88322083574582
2022,Census Tract 2801,7730.0,17031280100,280100,28,1.0,65581.0,0.1178695048870862,NEAR WEST SIDE,158.49246652347665
2022,Census Tract 2804,1423.0,17031280400,280400,28,1.0,65581.0,0.0216983577560573,NEAR WEST SIDE,158.49246652347665
2022,Census Tract 3006,2844.0,17031300600,300600,30,1.0,69708.0,0.0407987605439834,SOUTH LAWNDALE,127.99829784190968
2022,Census Tract 3007,4791.0,17031300700,300700,30,1.0,69708.0,0.0687295575830607,SOUTH LAWNDALE,127.99829784190968
2022,Census Tract 3011,2409.0,17031301100,301100,30,1.0,69708.0,0.0345584437941125,SOUTH LAWNDALE,127.99829784190968
2022,Census Tract 3012,5209.0,17031301200,301200,30,1.0,69708.0,0.0747259998852355,SOUTH LAWNDALE,127.99829784190968
2022,Census Tract 4805,2725.0,17031480500,480500,48,1.0,12087.0,0.2254488293207578,CALUMET HEIGHTS,48.82624155505823
2022,Census Tract 4905,1775.0,17031490500,490500,49,1.0,37610.0,0.0471948949747407,ROSELAND,134.31370670490057
2022,Census Tract 5202,3652.0,17031520200,520200,52,1.0,23942.0,0.1525352936262634,EAST SIDE,83.24172803329057
2022,Census Tract 5203,5925.0,17031520300,520300,52,1.0,23942.0,0.2474730598947456,EAST SIDE,83.24172803329057
2022,Census Tract 5204,4393.0,17031520400,520400,52,1.0,23942.0,0.1834850889649987,EAST SIDE,83.24172803329057
2022,Census Tract 5205,5171.0,17031520500,520500,52,1.0,23942.0,0.2159802856904185,EAST SIDE,83.24172803329057
2022,Census Tract 5206,2739.0,17031520600,520600,52,1.0,23942.0,0.1144014702196976,EAST SIDE,83.24172803329057
2022,Census Tract 6605,4284.0,17031660500,660500,66,1.0,52464.0,0.0816559926806953,CHICAGO LAWN,98.27946509626284
2022,Census Tract 6606,5849.0,17031660600,660600,66,1.0,52464.0,0.1114859713327234,CHICAGO LAWN,98.27946509626284
2022,Census Tract 6607,1617.0,17031660700,660700,66,1.0,52464.0,0.0308211344922232,CHICAGO LAWN,98.27946509626284
2022,Census Tract 6608,5832.0,17031660800,660800,66,1.0,52464.0,0.1111619396157365,CHICAGO LAWN,98.27946509626284
2022,Census Tract 6609,5631.0,17031660900,660900,66,1.0,52464.0,0.1073307410795974,CHICAGO LAWN,98.27946509626284
2022,Census Tract 6610,5424.0,17031661000,661000,66,1.0,52464.0,0.1033851784080512,CHICAGO LAWN,98.27946509626284
2022,Census Tract 2809,1122.0,17031280900,280900,28,1.0,65581.0,0.0171086137753312,NEAR WEST SIDE,158.49246652347665
2022,Census Tract 3016,3247.0,17031301600,301600,30,1.0,69708.0,0.0465800195099558,SOUTH LAWNDALE,127.99829784190968
2022,Census Tract 4906,1446.0,17031490600,490600,49,1.0,37610.0,0.0384472214836479,ROSELAND,134.31370670490057
2022,Census Tract 4907,2459.0,17031490700,490700,49,1.0,37610.0,0.0653815474607817,ROSELAND,134.31370670490057
2022,Census Tract 4908,3705.0,17031490800,490800,49,1.0,37610.0,0.0985110342993884,ROSELAND,134.31370670490057
2022,Census Tract 4910,3417.0,17031491000,491000,49,1.0,37610.0,0.0908534964105291,ROSELAND,134.31370670490057
2022,Census Tract 4911,4205.0,17031491100,491100,49,1.0,37610.0,0.1118053709119915,ROSELAND,134.31370670490057
2022,Census Tract 5302,4358.0,17031530200,530200,53,1.0,25449.0,0.171244449683681,WEST PULLMAN,99.36519806341394
2022,Census Tract 5303,3484.0,17031530300,530300,53,1.0,25449.0,0.1369012534873669,WEST PULLMAN,99.36519806341394
2022,Census Tract 5304,2356.0,17031530400,530400,53,1.0,25449.0,0.0925773114857165,WEST PULLMAN,99.36519806341394
2022,Census Tract 5306,2385.0,17031530600,530600,53,1.0,25449.0,0.0937168454556171,WEST PULLMAN,99.36519806341394
2022,Census Tract 5601,1284.0,17031560100,560100,56,1.0,36401.0,0.0352737562154885,GARFIELD RIDGE,117.89077840626808
2022,Census Tract 6702,724.0,17031670200,670200,67,1.0,25772.0,0.028092503492162,WEST ENGLEWOOD,87.94769193108257
2022,Census Tract 6703,1332.0,17031670300,670300,67,1.0,25772.0,0.0516839981375135,WEST ENGLEWOOD,87.94769193108257
2022,Census Tract 6704,1616.0,17031670400,670400,67,1.0,25772.0,0.0627037094521185,WEST ENGLEWOOD,87.94769193108257
2022,Census Tract 6611,7186.0,17031661100,661100,66,1.0,52464.0,0.1369701128392802,CHICAGO LAWN,98.27946509626284
2022,Census Tract 6701,1472.0,17031670100,670100,67,1.0,25772.0,0.057116250194009,WEST ENGLEWOOD,87.94769193108257
2022,Census Tract 6706,1174.0,17031670600,670600,67,1.0,25772.0,0.0455533136737544,WEST ENGLEWOOD,87.94769193108257
2022,Census Tract 6707,1092.0,17031670700,670700,67,1.0,25772.0,0.0423715660406642,WEST ENGLEWOOD,87.94769193108257
2022,Census Tract 6708,1022.0,17031670800,670800,67,1.0,25772.0,0.0396554400124165,WEST ENGLEWOOD,87.94769193108257
2022,Census Tract 6709,1246.0,17031670900,670900,67,1.0,25772.0,0.0483470433028092,WEST ENGLEWOOD,87.94769193108257
2022,Census Tract 2609,1351.0,17031260900,260900,26,1.0,16374.0,0.0825088555026261,WEST GARFIELD PARK,36.09284880796031
2022,Census Tract 2610,2268.0,17031261000,261000,26,1.0,16374.0,0.1385122755588127,WEST GARFIELD PARK,36.09284880796031
2022,Census Tract 2819,6749.0,17031281900,281900,28,1.0,65581.0,0.1029109040728259,NEAR WEST SIDE,158.49246652347665
2022,Census Tract 3102,1824.0,17031310200,310200,31,1.0,34237.0,0.0532756958845693,LOWER WEST SIDE,81.55072362189355
2022,Census Tract 3103,1836.0,17031310300,310300,31,1.0,34237.0,0.0536261938838099,LOWER WEST SIDE,81.55072362189355
2022,Census Tract 3104,1456.0,17031310400,310400,31,1.0,34237.0,0.0425270905745246,LOWER WEST SIDE,81.55072362189355
2022,Census Tract 3105,1599.0,17031310500,310500,31,1.0,34237.0,0.0467038583988083,LOWER WEST SIDE,81.55072362189355
2022,Census Tract 4912,1932.0,17031491200,491200,49,1.0,37610.0,0.0513693166710981,ROSELAND,134.31370670490057
2022,Census Tract 4913,2131.0,17031491300,491300,49,1.0,37610.0,0.0566604626429141,ROSELAND,134.31370670490057
2022,Census Tract 4914,2541.0,17031491400,491400,49,1.0,37610.0,0.0675618186652486,ROSELAND,134.31370670490057
2022,Census Tract 5001,3231.0,17031500100,500100,50,1.0,6856.0,0.4712660443407234,PULLMAN,59.00155559069487
2022,Census Tract 5002,1831.0,17031500200,500200,50,1.0,6856.0,0.2670653442240373,PULLMAN,59.00155559069487
2022,Census Tract 5003,1794.0,17031500300,500300,50,1.0,6856.0,0.2616686114352392,PULLMAN,59.00155559069487
2022,Census Tract 5602,1372.0,17031560200,560200,56,1.0,36401.0,0.0376912722177962,GARFIELD RIDGE,117.89077840626808
2022,Census Tract 5603,3079.0,17031560300,560300,56,1.0,36401.0,0.0845855883080135,GARFIELD RIDGE,117.89077840626808
2022,Census Tract 5607,3584.0,17031560700,560700,56,1.0,36401.0,0.0984588335485288,GARFIELD RIDGE,117.89077840626808
2022,Census Tract 5608,6003.0,17031560800,560800,56,1.0,36401.0,0.1649130518392352,GARFIELD RIDGE,117.89077840626808
2022,Census Tract 5609,5131.0,17031560900,560900,56,1.0,36401.0,0.1409576659981868,GARFIELD RIDGE,117.89077840626808
2022,Census Tract 5610,6040.0,17031561000,561000,56,1.0,36401.0,0.1659295074311145,GARFIELD RIDGE,117.89077840626808
2022,Census Tract 301.01,3517.0,17031030101,30101,77,1.0,56099.0,0.0626927396210271,EDGEWATER,48.449990830225794
2022,Census Tract 307.01,1509.0,17031030701,30701,77,1.0,56099.0,0.0268988752027665,EDGEWATER,48.449990830225794
2022,Census Tract 701.03,1439.0,17031070103,70103,7,1.0,69099.0,0.0208251928392596,LINCOLN PARK,88.31640045539218
2022,Census Tract 8319,3074.0,17031831900,831900,6,1.0,101739.0,0.0302145686511563,LAKE VIEW,87.21479925558447
2022,Census Tract 8326,4348.0,17031832600,832600,7,1.0,69099.0,0.0629242101911749,LINCOLN PARK,88.31640045539218
2022,Census Tract 8369,1994.0,17031836900,836900,27,1.0,19901.0,0.1001959700517561,EAST GARFIELD PARK,53.88322083574582
2022,Census Tract 8412,4414.0,17031841200,841200,31,1.0,34237.0,0.1289248473873295,LOWER WEST SIDE,81.55072362189355
2022,Census Tract 8395,1804.0,17031839500,839500,35,1.0,21355.0,0.084476703348162,DOUGLAS,46.004621149279
2022,Census Tract 8358,1852.0,17031835800,835800,38,1.0,24813.0,0.0746382944424293,GRAND BOULEVARD,48.49250314605212
2022,Census Tract 8388,3225.0,17031838800,838800,51,1.0,15218.0,0.2119200946247864,SOUTH DEERING,303.79705960132867
2022,Census Tract 8423,3672.0,17031842300,842300,24,1.0,86514.0,0.0424439975032942,WEST TOWN,127.56290457232984
2022,Census Tract 8419,5983.0,17031841900,841900,28,1.0,65581.0,0.0912306918162272,NEAR WEST SIDE,158.49246652347665
2022,Census Tract 8432,2348.0,17031843200,843200,31,1.0,34237.0,0.0685807751847416,LOWER WEST SIDE,81.55072362189355
2022,Census Tract 8434,1209.0,17031843400,843400,29,1.0,30409.0,0.0397579663915288,NORTH LAWNDALE,89.48742200680012
2022,Census Tract 8426,4540.0,17031842600,842600,61,1.0,41048.0,0.1106022217891249,NEW CITY,134.6369632279751
2022,Census Tract 3018.03,3168.0,17031301803,301803,30,1.0,69708.0,0.0454467206059562,SOUTH LAWNDALE,127.99829784190968
2022,Census Tract 103,6237.0,17031010300,10300,1,1.0,55711.0,0.1119527561881854,ROGERS PARK,51.25990244057384
2022,Census Tract 104,4473.0,17031010400,10400,1,1.0,55711.0,0.0802893503975875,ROGERS PARK,51.25990244057384
2022,Census Tract 106,6379.0,17031010600,10600,1,1.0,55711.0,0.1145016244547755,ROGERS PARK,51.25990244057384
2022,Census Tract 201,3927.0,17031020100,20100,2,1.0,79265.0,0.0495426733110452,WEST RIDGE,98.4290948429624
2022,Census Tract 2808,852.0,17031280800,280800,28,1.0,65581.0,0.0129915676796633,NEAR WEST SIDE,158.49246652347665
2022,Census Tract 4203,2495.0,17031420300,420300,42,1.0,24645.0,0.1012375735443294,WOODLAWN,57.81517950095547
2022,Census Tract 1002,7564.0,17031100200,100200,10,1.0,39326.0,0.1923409449219346,NORWOOD PARK,121.95910544621267
2022,Census Tract 202,7203.0,17031020200,20200,2,1.0,79265.0,0.0908723900838957,WEST RIDGE,98.4290948429624
2022,Census Tract 1302,1545.0,17031130200,130200,13,1.0,19398.0,0.0796473863284874,NORTH PARK,70.28870642060181
2022,Census Tract 204,4256.0,17031020400,20400,2,1.0,79265.0,0.0536933072604554,WEST RIDGE,98.4290948429624
2022,Census Tract 802.02,3800.0,17031080202,80202,8,1.0,101208.0,0.0375464390166785,NEAR NORTH SIDE,76.67589595801923
2022,Census Tract 2402,1966.0,17031240200,240200,24,1.0,86514.0,0.0227246457220796,WEST TOWN,127.56290457232984
2022,Census Tract 6118,2186.0,17031611800,611800,61,1.0,41048.0,0.053254726174235,NEW CITY,134.6369632279751
2022,Census Tract 602,2147.0,17031060200,60200,6,1.0,101739.0,0.0211030185081433,LAKE VIEW,87.21479925558447
2022,Census Tract 2212,2865.0,17031221200,221200,22,1.0,71220.0,0.0402274641954507,LOGAN SQUARE,100.05756668057336
2022,Census Tract 612,2052.0,17031061200,61200,6,1.0,101739.0,0.020169256627252,LAKE VIEW,87.21479925558447
2022,Census Tract 302,5554.0,17031030200,30200,77,1.0,56099.0,0.0990035473003083,EDGEWATER,48.449990830225794
2022,Census Tract 303,3642.0,17031030300,30300,77,1.0,56099.0,0.0649209433323232,EDGEWATER,48.449990830225794
2022,Census Tract 304,2822.0,17031030400,30400,77,1.0,56099.0,0.0503039269862207,EDGEWATER,48.449990830225794
2022,Census Tract 309,3076.0,17031030900,30900,77,1.0,56099.0,0.0548316369275744,EDGEWATER,48.449990830225794
2022,Census Tract 310,3652.0,17031031000,31000,3,1.0,57464.0,0.063552833078101,UPTOWN,65.09564271609112
2022,Census Tract 6006,2953.0,17031600600,600600,60,1.0,33221.0,0.0888895578098191,BRIDGEPORT,58.29151926539481
2022,Census Tract 4206,2663.0,17031420600,420600,42,1.0,24645.0,0.1080543720835869,WOODLAWN,57.81517950095547
2022,Census Tract 1101,5776.0,17031110100,110100,11,1.0,27032.0,0.2136726842261024,JEFFERSON PARK,64.86816166921948
2022,Census Tract 314,4685.0,17031031400,31400,3,1.0,57464.0,0.0815293053041904,UPTOWN,65.09564271609112
2022,Census Tract 409,2006.0,17031040900,40900,4,1.0,42271.0,0.0474557024910695,LINCOLN SQUARE,71.35232822594875
2022,Census Tract 502,5546.0,17031050200,50200,5,1.0,35814.0,0.1548556430446194,NORTH CENTER,57.05416783863191
2022,Census Tract 503,2829.0,17031050300,50300,5,1.0,35814.0,0.0789914558552521,NORTH CENTER,57.05416783863191
2022,Census Tract 717,1485.0,17031071700,71700,7,1.0,69099.0,0.0214909043546216,LINCOLN PARK,88.31640045539218
2022,Census Tract 318,2114.0,17031031800,31800,3,1.0,57464.0,0.0367882500348044,UPTOWN,65.09564271609112
2022,Census Tract 317,6119.0,17031031700,31700,3,1.0,57464.0,0.1064840595851315,UPTOWN,65.09564271609112
2022,Census Tract 6104,1888.0,17031610400,610400,61,1.0,41048.0,0.0459949327616449,NEW CITY,134.6369632279751
2022,Census Tract 506,2232.0,17031050600,50600,5,1.0,35814.0,0.0623219969844195,NORTH CENTER,57.05416783863191
2022,Census Tract 505,5199.0,17031050500,50500,5,1.0,35814.0,0.1451666945887083,NORTH CENTER,57.05416783863191
2022,Census Tract 716,1903.0,17031071600,71600,7,1.0,69099.0,0.0275401959507373,LINCOLN PARK,88.31640045539218
2022,Census Tract 6714,1299.0,17031671400,671400,67,1.0,25772.0,0.0504035387241968,WEST ENGLEWOOD,87.94769193108257
2022,Census Tract 623,1609.0,17031062300,62300,6,1.0,101739.0,0.0158149775405694,LAKE VIEW,87.21479925558447
2022,Census Tract 6304,6003.0,17031630400,630400,63,1.0,34788.0,0.172559503276992,GAGE PARK,61.28489610145672
2022,Census Tract 101,4284.0,17031010100,10100,1,1.0,55711.0,0.0768968426343092,ROGERS PARK,51.25990244057384
2022,Census Tract 6806,1178.0,17031680600,680600,68,1.0,21378.0,0.0551033773037702,ENGLEWOOD,85.65232306609218
2022,Census Tract 305,6344.0,17031030500,30500,77,1.0,56099.0,0.1130857947556997,EDGEWATER,48.449990830225794
2022,Census Tract 205,6646.0,17031020500,20500,2,1.0,79265.0,0.0838453289598183,WEST RIDGE,98.4290948429624
2022,Census Tract 813,6014.0,17031081300,81300,8,1.0,101208.0,0.059422180064817,NEAR NORTH SIDE,76.67589595801923
2022,Census Tract 810,8150.0,17031081000,81000,8,1.0,101208.0,0.0805272310489289,NEAR NORTH SIDE,76.67589595801923
2022,Census Tract 1301,4895.0,17031130100,130100,13,1.0,19398.0,0.2523456026394474,NORTH PARK,70.28870642060181
2022,Census Tract 1702,3752.0,17031170200,170200,17,1.0,42574.0,0.0881289049654718,DUNNING,103.5950011545707
2022,Census Tract 1703,4981.0,17031170300,170300,17,1.0,42574.0,0.1169962888147695,DUNNING,103.5950011545707
2022,Census Tract 1704,3989.0,17031170400,170400,17,1.0,42574.0,0.0936956828111053,DUNNING,103.5950011545707
2022,Census Tract 1705,5161.0,17031170500,170500,17,1.0,42574.0,0.121224221355757,DUNNING,103.5950011545707
2022,Census Tract 1706,2490.0,17031170600,170600,17,1.0,42574.0,0.0584864001503264,DUNNING,103.5950011545707
2022,Census Tract 1707,3260.0,17031170700,170700,17,1.0,42574.0,0.0765725560201061,DUNNING,103.5950011545707
2022,Census Tract 1708,4009.0,17031170800,170800,17,1.0,42574.0,0.0941654530934373,DUNNING,103.5950011545707
2022,Census Tract 2514,3712.0,17031251400,251400,25,1.0,100120.0,0.0370755093887335,AUSTIN,199.25420338818205
2022,Census Tract 2603,1878.0,17031260300,260300,26,1.0,16374.0,0.1146940271161597,WEST GARFIELD PARK,36.09284880796031
2022,Census Tract 2605,1767.0,17031260500,260500,26,1.0,16374.0,0.1079149871747893,WEST GARFIELD PARK,36.09284880796031
2022,Census Tract 2606,2398.0,17031260600,260600,26,1.0,16374.0,0.1464516917063637,WEST GARFIELD PARK,36.09284880796031
2022,Census Tract 2607,1524.0,17031260700,260700,26,1.0,16374.0,0.0930743862220593,WEST GARFIELD PARK,36.09284880796031
2022,Census Tract 2608,2001.0,17031260800,260800,26,1.0,16374.0,0.122205936240381,WEST GARFIELD PARK,36.09284880796031
2022,Census Tract 507,1456.0,17031050700,50700,5,1.0,35814.0,0.040654492656503,NORTH CENTER,57.05416783863191
2022,Census Tract 509,1388.0,17031050900,50900,5,1.0,35814.0,0.0387557938236443,NORTH CENTER,57.05416783863191
2022,Census Tract 510,1707.0,17031051000,51000,5,1.0,35814.0,0.0476629251130842,NORTH CENTER,57.05416783863191
2022,Census Tract 511,1905.0,17031051100,51100,5,1.0,35814.0,0.0531914893617021,NORTH CENTER,57.05416783863191
2022,Census Tract 512,1576.0,17031051200,51200,5,1.0,35814.0,0.0440051376556653,NORTH CENTER,57.05416783863191
2022,Census Tract 1709,1970.0,17031170900,170900,17,1.0,42574.0,0.046272372809696,DUNNING,103.5950011545707
2022,Census Tract 1710,6829.0,17031171000,171000,17,1.0,42574.0,0.1604030629022408,DUNNING,103.5950011545707
2022,Census Tract 1711,4103.0,17031171100,171100,17,1.0,42574.0,0.0963733734203974,DUNNING,103.5950011545707
2022,Census Tract 1801,6544.0,17031180100,180100,18,1.0,13765.0,0.4754086451144206,MONTCLARE,27.57639362717424
2022,Census Tract 1901,2338.0,17031190100,190100,19,1.0,73991.0,0.031598437647822,BELMONT CRAGIN,109.09941466771691
2022,Census Tract 2222,2243.0,17031222200,222200,22,1.0,71220.0,0.0314939623701207,LOGAN SQUARE,100.05756668057336
2022,Census Tract 2225,1468.0,17031222500,222500,22,1.0,71220.0,0.0206121875877562,LOGAN SQUARE,100.05756668057336
2022,Census Tract 2226,1608.0,17031222600,222600,22,1.0,71220.0,0.0225779275484414,LOGAN SQUARE,100.05756668057336
2022,Census Tract 2515,4324.0,17031251500,251500,25,1.0,100120.0,0.0431881741909708,AUSTIN,199.25420338818205
2022,Census Tract 2516,4456.0,17031251600,251600,25,1.0,100120.0,0.0445065920894926,AUSTIN,199.25420338818205
2022,Census Tract 2517,1291.0,17031251700,251700,25,1.0,100120.0,0.0128945265681182,AUSTIN,199.25420338818205
2022,Census Tract 2518,5399.0,17031251800,251800,25,1.0,100120.0,0.0539252896524171,AUSTIN,199.25420338818205
2022,Census Tract 2519,5086.0,17031251900,251900,25,1.0,100120.0,0.0507990411506192,AUSTIN,199.25420338818205
2022,Census Tract 2520,6308.0,17031252000,252000,25,1.0,100120.0,0.0630043947263284,AUSTIN,199.25420338818205
2022,Census Tract 1303,5040.0,17031130300,130300,13,1.0,19398.0,0.259820600061862,NORTH PARK,70.28870642060181
2022,Census Tract 1902,5858.0,17031190200,190200,19,1.0,73991.0,0.0791717911637902,BELMONT CRAGIN,109.09941466771691
2022,Census Tract 1903,5289.0,17031190300,190300,19,1.0,73991.0,0.0714816666891919,BELMONT CRAGIN,109.09941466771691
2022,Census Tract 1908,6049.0,17031190800,190800,19,1.0,73991.0,0.0817531861983214,BELMONT CRAGIN,109.09941466771691
2022,Census Tract 2601,1016.0,17031260100,260100,26,1.0,16374.0,0.0620495908147062,WEST GARFIELD PARK,36.09284880796031
2022,Census Tract 2602,1232.0,17031260200,260200,26,1.0,16374.0,0.0752412361060217,WEST GARFIELD PARK,36.09284880796031
2022,Census Tract 5301,1915.0,17031530100,530100,53,1.0,25449.0,0.0752485362882628,WEST PULLMAN,99.36519806341394
2022,Census Tract 618,1204.0,17031061800,61800,6,1.0,101739.0,0.0118342032062434,LAKE VIEW,87.21479925558447
2022,Census Tract 4102,1281.0,17031410200,410200,41,1.0,29559.0,0.043337054704151,HYDE PARK,45.10538016450888
2022,Census Tract 2229,986.0,17031222900,222900,22,1.0,71220.0,0.0138444257231114,LOGAN SQUARE,100.05756668057336
2022,Census Tract 2410,1792.0,17031241000,241000,24,1.0,86514.0,0.0207134105462699,WEST TOWN,127.56290457232984
2022,Census Tract 1909,1869.0,17031190900,190900,19,1.0,73991.0,0.0252598288981092,BELMONT CRAGIN,109.09941466771691
2022,Census Tract 1912,3775.0,17031191200,191200,19,1.0,73991.0,0.051019718614426,BELMONT CRAGIN,109.09941466771691
2022,Census Tract 2001,3666.0,17031200100,200100,20,1.0,23157.0,0.1583106620028501,HERMOSA,32.60205939915233
2022,Census Tract 2002,4435.0,17031200200,200200,20,1.0,23157.0,0.1915187632249428,HERMOSA,32.60205939915233
2022,Census Tract 2003,1866.0,17031200300,200300,20,1.0,23157.0,0.0805803860603705,HERMOSA,32.60205939915233
2022,Census Tract 2227,2202.0,17031222700,222700,22,1.0,71220.0,0.0309182813816343,LOGAN SQUARE,100.05756668057336
2022,Census Tract 2301,1636.0,17031230100,230100,23,1.0,55416.0,0.0295221596650786,HUMBOLDT PARK,100.48087648273764
2022,Census Tract 2302,1977.0,17031230200,230200,23,1.0,55416.0,0.0356756171502815,HUMBOLDT PARK,100.48087648273764
2022,Census Tract 2303,905.0,17031230300,230300,23,1.0,55416.0,0.0163310235311101,HUMBOLDT PARK,100.48087648273764
2022,Census Tract 2304,2116.0,17031230400,230400,23,1.0,55416.0,0.038183918002021,HUMBOLDT PARK,100.48087648273764
2022,Census Tract 2305,3080.0,17031230500,230500,23,1.0,55416.0,0.0555796159953803,HUMBOLDT PARK,100.48087648273764
2022,Census Tract 3511,2160.0,17031351100,351100,35,1.0,21355.0,0.1011472723015687,DOUGLAS,46.004621149279
2022,Census Tract 6117,1847.0,17031611700,611700,61,1.0,41048.0,0.0449961021243422,NEW CITY,134.6369632279751
2022,Census Tract 3005,3240.0,17031300500,300500,30,1.0,69708.0,0.046479600619728,SOUTH LAWNDALE,127.99829784190968
2022,Census Tract 3815,670.0,17031381500,381500,38,1.0,24813.0,0.0270019747712892,GRAND BOULEVARD,48.49250314605212
2022,Census Tract 4205,2040.0,17031420500,420500,42,1.0,24645.0,0.0827754108338405,WOODLAWN,57.81517950095547
2022,Census Tract 815,4906.0,17031081500,81500,8,1.0,101208.0,0.0484744288989012,NEAR NORTH SIDE,76.67589595801923
2022,Census Tract 816,3725.0,17031081600,81600,8,1.0,101208.0,0.0368053908781914,NEAR NORTH SIDE,76.67589595801923
2022,Census Tract 817,5217.0,17031081700,81700,8,1.0,101208.0,0.051547308513161,NEAR NORTH SIDE,76.67589595801923
2022,Census Tract 818,12213.0,17031081800,81800,8,1.0,101208.0,0.1206722788712354,NEAR NORTH SIDE,76.67589595801923
2022,Census Tract 819,1111.0,17031081900,81900,8,1.0,101208.0,0.0109773930914552,NEAR NORTH SIDE,76.67589595801923
2022,Census Tract 2228,1052.0,17031222800,222800,22,1.0,71220.0,0.0147711317045773,LOGAN SQUARE,100.05756668057336
2022,Census Tract 508,1398.0,17031050800,50800,5,1.0,35814.0,0.0390350142402412,NORTH CENTER,57.05416783863191
2022,Census Tract 2101,4194.0,17031210100,210100,21,1.0,36374.0,0.1153021388904162,AVONDALE,55.29059546222403
2022,Census Tract 2104,2491.0,17031210400,210400,21,1.0,36374.0,0.0684829823500302,AVONDALE,55.29059546222403
2022,Census Tract 2307,5773.0,17031230700,230700,23,1.0,55416.0,0.1041756893316009,HUMBOLDT PARK,100.48087648273764
2022,Census Tract 2308,1029.0,17031230800,230800,23,1.0,55416.0,0.0185686444348202,HUMBOLDT PARK,100.48087648273764
2022,Census Tract 2309,4903.0,17031230900,230900,23,1.0,55416.0,0.0884762523458928,HUMBOLDT PARK,100.48087648273764
2022,Census Tract 5502,2824.0,17031550200,550200,55,1.0,9025.0,0.3129085872576177,HEGEWISCH,145.96574140897752
2022,Census Tract 6705,1004.0,17031670500,670500,67,1.0,25772.0,0.0389570076051528,WEST ENGLEWOOD,87.94769193108257
2022,Census Tract 5808,2096.0,17031580800,580800,58,1.0,42243.0,0.0496176881376796,BRIGHTON PARK,75.89279029683405
2022,Census Tract 2306,8977.0,17031230600,230600,23,1.0,55416.0,0.1619929262306915,HUMBOLDT PARK,100.48087648273764
2022,Census Tract 2423,3805.0,17031242300,242300,24,1.0,86514.0,0.0439813209422752,WEST TOWN,127.56290457232984
2022,Census Tract 2422,4014.0,17031242200,242200,24,1.0,86514.0,0.0463971149178167,WEST TOWN,127.56290457232984
2022,Census Tract 321,7279.0,17031032100,32100,3,1.0,57464.0,0.1266706111652513,UPTOWN,65.09564271609112
2022,Census Tract 3008,4192.0,17031300800,300800,30,1.0,69708.0,0.0601365696907098,SOUTH LAWNDALE,127.99829784190968
2022,Census Tract 609,6943.0,17031060900,60900,6,1.0,101739.0,0.0682432498845084,LAKE VIEW,87.21479925558447
2022,Census Tract 610,2324.0,17031061000,61000,6,1.0,101739.0,0.0228427643283303,LAKE VIEW,87.21479925558447
2022,Census Tract 2107,3724.0,17031210700,210700,21,1.0,36374.0,0.1023808214658822,AVONDALE,55.29059546222403
2022,Census Tract 2916,1429.0,17031291600,291600,29,1.0,30409.0,0.0469926666447433,NORTH LAWNDALE,89.48742200680012
2022,Census Tract 4004,2204.0,17031400400,400400,40,1.0,12366.0,0.178230632379104,WASHINGTON PARK,42.37388147613499
2022,Census Tract 1911,6651.0,17031191100,191100,19,1.0,73991.0,0.0898893108621318,BELMONT CRAGIN,109.09941466771691
2022,Census Tract 1201,4400.0,17031120100,120100,12,1.0,19855.0,0.2216066481994459,FOREST GLEN,89.13089361873274
2022,Census Tract 6112,2072.0,17031611200,611200,61,1.0,41048.0,0.0504774897680764,NEW CITY,134.6369632279751
2022,Census Tract 3009,3937.0,17031300900,300900,30,1.0,69708.0,0.0564784529752682,SOUTH LAWNDALE,127.99829784190968
2022,Census Tract 611,1436.0,17031061100,61100,6,1.0,101739.0,0.0141145480101042,LAKE VIEW,87.21479925558447
2022,Census Tract 615,2023.0,17031061500,61500,6,1.0,101739.0,0.0198842135267694,LAKE VIEW,87.21479925558447
2022,Census Tract 620,2890.0,17031062000,62000,6,1.0,101739.0,0.0284060193239563,LAKE VIEW,87.21479925558447
2022,Census Tract 621,3646.0,17031062100,62100,6,1.0,101739.0,0.035836798081365,LAKE VIEW,87.21479925558447
2022,Census Tract 622,3152.0,17031062200,62200,6,1.0,101739.0,0.0309812363007303,LAKE VIEW,87.21479925558447
2022,Census Tract 902,6505.0,17031090200,90200,9,1.0,11402.0,0.5705139449219435,EDISON PARK,31.63631378020181
2022,Census Tract 901,3526.0,17031090100,90100,9,1.0,11402.0,0.3092439922820558,EDISON PARK,31.63631378020181
2022,Census Tract 2604,939.0,17031260400,260400,26,1.0,16374.0,0.0573470135580798,WEST GARFIELD PARK,36.09284880796031
2022,Census Tract 3515,946.0,17031351500,351500,35,1.0,21355.0,0.0442987590728166,DOUGLAS,46.004621149279
2022,Census Tract 2108,1142.0,17031210800,210800,21,1.0,36374.0,0.0313960521251443,AVONDALE,55.29059546222403
2022,Census Tract 2109,3174.0,17031210900,210900,21,1.0,36374.0,0.0872601308627041,AVONDALE,55.29059546222403
2022,Census Tract 811,4455.0,17031081100,81100,8,1.0,101208.0,0.0440182594261323,NEAR NORTH SIDE,76.67589595801923
2022,Census Tract 2412,1698.0,17031241200,241200,24,1.0,86514.0,0.0196268811984187,WEST TOWN,127.56290457232984
2022,Census Tract 312,5936.0,17031031200,31200,3,1.0,57464.0,0.1032994570513713,UPTOWN,65.09564271609112
2022,Census Tract 625,1420.0,17031062500,62500,6,1.0,101739.0,0.0139572828512173,LAKE VIEW,87.21479925558447
2022,Census Tract 626,2371.0,17031062600,62600,6,1.0,101739.0,0.0233047307325607,LAKE VIEW,87.21479925558447
2022,Census Tract 627,3046.0,17031062700,62700,6,1.0,101739.0,0.0299393546231042,LAKE VIEW,87.21479925558447
2022,Census Tract 628,3682.0,17031062800,62800,6,1.0,101739.0,0.0361906446888607,LAKE VIEW,87.21479925558447
2022,Census Tract 629,4138.0,17031062900,62900,6,1.0,101739.0,0.0406727017171389,LAKE VIEW,87.21479925558447
2022,Census Tract 630,3280.0,17031063000,63000,6,1.0,101739.0,0.0322393575718259,LAKE VIEW,87.21479925558447
2022,Census Tract 624,1799.0,17031062400,62400,6,1.0,101739.0,0.017682501302352,LAKE VIEW,87.21479925558447
2022,Census Tract 631,2352.0,17031063100,63100,6,1.0,101739.0,0.0231179783563825,LAKE VIEW,87.21479925558447
2022,Census Tract 632,6380.0,17031063200,63200,6,1.0,101739.0,0.0627094821061736,LAKE VIEW,87.21479925558447
2022,Census Tract 634,2435.0,17031063400,63400,6,1.0,101739.0,0.0239337913681085,LAKE VIEW,87.21479925558447
2022,Census Tract 903,1371.0,17031090300,90300,9,1.0,11402.0,0.1202420627960007,EDISON PARK,31.63631378020181
2022,Census Tract 1001,5890.0,17031100100,100100,10,1.0,39326.0,0.1497736866195392,NORWOOD PARK,121.95910544621267
2022,Census Tract 1003,6447.0,17031100300,100300,10,1.0,39326.0,0.163937344250623,NORWOOD PARK,121.95910544621267
2022,Census Tract 1401,3520.0,17031140100,140100,14,1.0,47663.0,0.0738518347565197,ALBANY PARK,53.54223080864773
2022,Census Tract 1402,6603.0,17031140200,140200,14,1.0,47663.0,0.1385351320730965,ALBANY PARK,53.54223080864773
2022,Census Tract 1404,5911.0,17031140400,140400,14,1.0,47663.0,0.1240165327402807,ALBANY PARK,53.54223080864773
2022,Census Tract 1405,3171.0,17031140500,140500,14,1.0,47663.0,0.0665295931854897,ALBANY PARK,53.54223080864773
2022,Census Tract 2427,1837.0,17031242700,242700,24,1.0,86514.0,0.0212335575744966,WEST TOWN,127.56290457232984
2022,Census Tract 702,4019.0,17031070200,70200,7,1.0,69099.0,0.0581629256573901,LINCOLN PARK,88.31640045539218
2022,Census Tract 703,3818.0,17031070300,70300,7,1.0,69099.0,0.0552540557750474,LINCOLN PARK,88.31640045539218
2022,Census Tract 704,3421.0,17031070400,70400,7,1.0,69099.0,0.0495086759576839,LINCOLN PARK,88.31640045539218
2022,Census Tract 705,3185.0,17031070500,70500,7,1.0,69099.0,0.0460932864440874,LINCOLN PARK,88.31640045539218
2022,Census Tract 706,3194.0,17031070600,70600,7,1.0,69099.0,0.0462235343492669,LINCOLN PARK,88.31640045539218
2022,Census Tract 707,3741.0,17031070700,70700,7,1.0,69099.0,0.0541397125862892,LINCOLN PARK,88.31640045539218
2022,Census Tract 1004,3325.0,17031100400,100400,10,1.0,39326.0,0.0845496618013527,NORWOOD PARK,121.95910544621267
2022,Census Tract 1006,4914.0,17031100600,100600,10,1.0,39326.0,0.1249555001779992,NORWOOD PARK,121.95910544621267
2022,Census Tract 1007,5372.0,17031100700,100700,10,1.0,39326.0,0.1366017393073285,NORWOOD PARK,121.95910544621267
2022,Census Tract 1102,2821.0,17031110200,110200,11,1.0,27032.0,0.1043577981651376,JEFFERSON PARK,64.86816166921948
2022,Census Tract 1502,7263.0,17031150200,150200,15,1.0,64213.0,0.1131079376450251,PORTAGE PARK,110.19609711747748
2022,Census Tract 1503,7272.0,17031150300,150300,15,1.0,64213.0,0.1132480961799012,PORTAGE PARK,110.19609711747748
2022,Census Tract 1408,6212.0,17031140800,140800,14,1.0,47663.0,0.1303317038373581,ALBANY PARK,53.54223080864773
2022,Census Tract 2312,5957.0,17031231200,231200,23,1.0,55416.0,0.1074960300274289,HUMBOLDT PARK,100.48087648273764
2022,Census Tract 2311,1362.0,17031231100,231100,23,1.0,55416.0,0.024577739281074,HUMBOLDT PARK,100.48087648273764
2022,Census Tract 2424,2705.0,17031242400,242400,24,1.0,86514.0,0.0312666158078461,WEST TOWN,127.56290457232984
2022,Census Tract 2425,3255.0,17031242500,242500,24,1.0,86514.0,0.0376239683750606,WEST TOWN,127.56290457232984
2022,Census Tract 1202,4573.0,17031120200,120200,12,1.0,19855.0,0.2303198186854696,FOREST GLEN,89.13089361873274
2022,Census Tract 1203,7046.0,17031120300,120300,12,1.0,19855.0,0.3548728280030219,FOREST GLEN,89.13089361873274
2022,Census Tract 1204,3836.0,17031120400,120400,12,1.0,19855.0,0.1932007051120624,FOREST GLEN,89.13089361873274
2022,Census Tract 2315,5809.0,17031231500,231500,23,1.0,55416.0,0.1048253212068716,HUMBOLDT PARK,100.48087648273764
2022,Census Tract 711,3186.0,17031071100,71100,7,1.0,69099.0,0.0461077584335518,LINCOLN PARK,88.31640045539218
2022,Census Tract 710,4525.0,17031071000,71000,7,1.0,69099.0,0.0654857523263723,LINCOLN PARK,88.31640045539218
2022,Census Tract 712,2386.0,17031071200,71200,7,1.0,69099.0,0.0345301668620385,LINCOLN PARK,88.31640045539218
2022,Census Tract 713,4129.0,17031071300,71300,7,1.0,69099.0,0.0597548444984732,LINCOLN PARK,88.31640045539218
2022,Census Tract 1103,5304.0,17031110300,110300,11,1.0,27032.0,0.19621189701095,JEFFERSON PARK,64.86816166921948
2022,Census Tract 2203,1998.0,17031220300,220300,22,1.0,71220.0,0.0280539174389216,LOGAN SQUARE,100.05756668057336
2022,Census Tract 2204,2670.0,17031220400,220400,22,1.0,71220.0,0.0374894692502106,LOGAN SQUARE,100.05756668057336
2022,Census Tract 2205,2810.0,17031220500,220500,22,1.0,71220.0,0.0394552092108958,LOGAN SQUARE,100.05756668057336
2022,Census Tract 2403,1272.0,17031240300,240300,24,1.0,86514.0,0.0147028226645398,WEST TOWN,127.56290457232984
2022,Census Tract 2405,2515.0,17031240500,240500,24,1.0,86514.0,0.0290704394664447,WEST TOWN,127.56290457232984
2022,Census Tract 604,3691.0,17031060400,60400,6,1.0,101739.0,0.0362791063407346,LAKE VIEW,87.21479925558447
2022,Census Tract 605,1287.0,17031060500,60500,6,1.0,101739.0,0.0126500162179695,LAKE VIEW,87.21479925558447
2022,Census Tract 2408,1480.0,17031240800,240800,24,1.0,86514.0,0.0171070578172318,WEST TOWN,127.56290457232984
2022,Census Tract 2406,1639.0,17031240600,240600,24,1.0,86514.0,0.0189449106502993,WEST TOWN,127.56290457232984
2022,Census Tract 2407,1634.0,17031240700,240700,24,1.0,86514.0,0.0188871165360519,WEST TOWN,127.56290457232984
2022,Census Tract 2409,1093.0,17031240900,240900,24,1.0,86514.0,0.0126337933744827,WEST TOWN,127.56290457232984
2022,Census Tract 2426,5512.0,17031242600,242600,24,1.0,86514.0,0.0637122315463393,WEST TOWN,127.56290457232984
2022,Census Tract 3106,5542.0,17031310600,310600,31,1.0,34237.0,0.1618716593159447,LOWER WEST SIDE,81.55072362189355
2022,Census Tract 3107,1354.0,17031310700,310700,31,1.0,34237.0,0.0395478575809796,LOWER WEST SIDE,81.55072362189355
2022,Census Tract 3108,4633.0,17031310800,310800,31,1.0,34237.0,0.1353214358734702,LOWER WEST SIDE,81.55072362189355
2022,Census Tract 206.02,5343.0,17031020602,20602,2,1.0,79265.0,0.0674067999747681,WEST RIDGE,98.4290948429624
2022,Census Tract 3109,4914.0,17031310900,310900,31,1.0,34237.0,0.1435289306890206,LOWER WEST SIDE,81.55072362189355
2022,Census Tract 5101,3639.0,17031510100,510100,51,1.0,15218.0,0.2391247207254567,SOUTH DEERING,303.79705960132867
2022,Census Tract 5102,3714.0,17031510200,510200,51,1.0,15218.0,0.2440530950190564,SOUTH DEERING,303.79705960132867
2022,Census Tract 5611,5888.0,17031561100,561100,56,1.0,36401.0,0.1617537979725831,GARFIELD RIDGE,117.89077840626808
2022,Census Tract 1907.01,2835.0,17031190701,190701,19,1.0,73991.0,0.0383154708005027,BELMONT CRAGIN,109.09941466771691
2022,Census Tract 209.01,6179.0,17031020901,20901,2,1.0,79265.0,0.0779536996152147,WEST RIDGE,98.4290948429624
2022,Census Tract 102.02,2865.0,17031010202,10202,1,1.0,55711.0,0.0514261097449336,ROGERS PARK,51.25990244057384
2022,Census Tract 5701,1421.0,17031570100,570100,57,1.0,13867.0,0.1024734982332155,ARCHER HEIGHTS,55.92250571042751
2022,Census Tract 5702,2084.0,17031570200,570200,57,1.0,13867.0,0.1502848489219009,ARCHER HEIGHTS,55.92250571042751
2022,Census Tract 5703,5951.0,17031570300,570300,57,1.0,13867.0,0.4291483377803418,ARCHER HEIGHTS,55.92250571042751
2022,Census Tract 5704,1712.0,17031570400,570400,57,1.0,13867.0,0.1234585707074349,ARCHER HEIGHTS,55.92250571042751
2022,Census Tract 5705,2699.0,17031570500,570500,57,1.0,13867.0,0.1946347443571068,ARCHER HEIGHTS,55.92250571042751
2022,Census Tract 6904,2908.0,17031690400,690400,69,1.0,28991.0,0.1003069918250491,GREATER GRAND CROSSING,98.85316769023828
2022,Census Tract 6913,2332.0,17031691300,691300,69,1.0,28991.0,0.0804387568555758,GREATER GRAND CROSSING,98.85316769023828
2022,Census Tract 6914,2701.0,17031691400,691400,69,1.0,28991.0,0.0931668448828946,GREATER GRAND CROSSING,98.85316769023828
2022,Census Tract 6915,1895.0,17031691500,691500,69,1.0,28991.0,0.0653651133110275,GREATER GRAND CROSSING,98.85316769023828
2022,Census Tract 3204,3004.0,17031320400,320400,32,1.0,41671.0,0.0720885027957092,LOOP,46.3355654497116
2022,Census Tract 5801,2662.0,17031580100,580100,58,1.0,42243.0,0.0630163577397438,BRIGHTON PARK,75.89279029683405
2022,Census Tract 5802,2988.0,17031580200,580200,58,1.0,42243.0,0.0707336126695547,BRIGHTON PARK,75.89279029683405
2022,Census Tract 5803,2569.0,17031580300,580300,58,1.0,42243.0,0.0608148095542456,BRIGHTON PARK,75.89279029683405
2022,Census Tract 5804,4672.0,17031580400,580400,58,1.0,42243.0,0.110598205619866,BRIGHTON PARK,75.89279029683405
2022,Census Tract 5806,5402.0,17031580600,580600,58,1.0,42243.0,0.12787917524797,BRIGHTON PARK,75.89279029683405
2022,Census Tract 5807,6137.0,17031580700,580700,58,1.0,42243.0,0.145278507681746,BRIGHTON PARK,75.89279029683405
2022,Census Tract 6813,2323.0,17031681300,681300,68,1.0,21378.0,0.1086631116100664,ENGLEWOOD,85.65232306609218
2022,Census Tract 6814,1879.0,17031681400,681400,68,1.0,21378.0,0.0878940967349611,ENGLEWOOD,85.65232306609218
2022,Census Tract 6903,2303.0,17031690300,690300,69,1.0,28991.0,0.0794384464144044,GREATER GRAND CROSSING,98.85316769023828
2022,Census Tract 6905,742.0,17031690500,690500,69,1.0,28991.0,0.0255941499085923,GREATER GRAND CROSSING,98.85316769023828
2022,Census Tract 6909,3809.0,17031690900,690900,69,1.0,28991.0,0.1313856024283398,GREATER GRAND CROSSING,98.85316769023828
2022,Census Tract 6910,2655.0,17031691000,691000,69,1.0,28991.0,0.0915801455624159,GREATER GRAND CROSSING,98.85316769023828
2022,Census Tract 7001,3874.0,17031700100,700100,70,1.0,42745.0,0.0906304830974382,ASHBURN,135.46033718240324
2022,Census Tract 7002,6888.0,17031700200,700200,70,1.0,42745.0,0.1611416539946192,ASHBURN,135.46033718240324
2022,Census Tract 3206,6116.0,17031320600,320600,32,1.0,41671.0,0.1467687360514506,LOOP,46.3355654497116
2022,Census Tract 3302,3969.0,17031330200,330200,33,1.0,28216.0,0.14066487099518,NEAR SOUTH SIDE,49.769639444136615
2022,Census Tract 5905,1672.0,17031590500,590500,59,1.0,15479.0,0.1080173137799599,MCKINLEY PARK,39.431799640295466
2022,Census Tract 5906,3813.0,17031590600,590600,59,1.0,15479.0,0.2463337424898249,MCKINLEY PARK,39.431799640295466
2022,Census Tract 6712,840.0,17031671200,671200,67,1.0,25772.0,0.0325935123389725,WEST ENGLEWOOD,87.94769193108257
2022,Census Tract 6711,915.0,17031671100,671100,67,1.0,25772.0,0.0355036473692379,WEST ENGLEWOOD,87.94769193108257
2022,Census Tract 6713,1657.0,17031671300,671300,67,1.0,25772.0,0.0642945832686636,WEST ENGLEWOOD,87.94769193108257
2022,Census Tract 6715,2308.0,17031671500,671500,67,1.0,25772.0,0.0895545553313673,WEST ENGLEWOOD,87.94769193108257
2022,Census Tract 6716,1709.0,17031671600,671600,67,1.0,25772.0,0.0663122768896476,WEST ENGLEWOOD,87.94769193108257
2022,Census Tract 6718,1128.0,17031671800,671800,67,1.0,25772.0,0.0437684308551916,WEST ENGLEWOOD,87.94769193108257
2022,Census Tract 6719,1034.0,17031671900,671900,67,1.0,25772.0,0.040121061617259,WEST ENGLEWOOD,87.94769193108257
2022,Census Tract 7101,1026.0,17031710100,710100,71,1.0,46468.0,0.022079710768701,AUBURN GRESHAM,105.06535358129682
2022,Census Tract 7102,4056.0,17031710200,710200,71,1.0,46468.0,0.0872858741499526,AUBURN GRESHAM,105.06535358129682
2022,Census Tract 7104,5668.0,17031710400,710400,71,1.0,46468.0,0.1219764138762159,AUBURN GRESHAM,105.06535358129682
2022,Census Tract 7105,4087.0,17031710500,710500,71,1.0,46468.0,0.0879529999139192,AUBURN GRESHAM,105.06535358129682
2022,Census Tract 7106,1720.0,17031710600,710600,71,1.0,46468.0,0.0370147198071791,AUBURN GRESHAM,105.06535358129682
2022,Census Tract 7108,4536.0,17031710800,710800,71,1.0,46468.0,0.0976155633984677,AUBURN GRESHAM,105.06535358129682
2022,Census Tract 3403,1698.0,17031340300,340300,34,1.0,13193.0,0.1287046160842871,ARMOUR SQUARE,27.766196090094883
2022,Census Tract 3405,1558.0,17031340500,340500,34,1.0,13193.0,0.1180929280679148,ARMOUR SQUARE,27.766196090094883
2022,Census Tract 3406,1317.0,17031340600,340600,34,1.0,13193.0,0.0998256651254453,ARMOUR SQUARE,27.766196090094883
2022,Census Tract 4302,5455.0,17031430200,430200,43,1.0,54974.0,0.0992287263069814,SOUTH SHORE,81.81271638009841
2022,Census Tract 4303,2611.0,17031430300,430300,43,1.0,54974.0,0.0474951795394186,SOUTH SHORE,81.81271638009841
2022,Census Tract 306.04,2921.0,17031030604,30604,77,1.0,56099.0,0.0520686643255673,EDGEWATER,48.449990830225794
2022,Census Tract 315.02,4622.0,17031031502,31502,3,1.0,57464.0,0.0804329667269942,UPTOWN,65.09564271609112
2022,Census Tract 814.02,5942.0,17031081402,81402,8,1.0,101208.0,0.0587107738518694,NEAR NORTH SIDE,76.67589595801923
2022,Census Tract 802.01,3236.0,17031080201,80201,8,1.0,101208.0,0.0319737570152557,NEAR NORTH SIDE,76.67589595801923
2022,Census Tract 7608.02,2191.0,17031760802,760802,76,1.0,13771.0,0.159102461694866,OHARE,371.8356076134321
2022,Census Tract 1406.01,2762.0,17031140601,140601,14,1.0,47663.0,0.0579485135220191,ALBANY PARK,53.54223080864773
2022,Census Tract 701.02,2980.0,17031070102,70102,7,1.0,69099.0,0.0431265286038871,LINCOLN PARK,88.31640045539218
2022,Census Tract 2105.02,4412.0,17031210502,210502,21,1.0,36374.0,0.1212954308022213,AVONDALE,55.29059546222403
2022,Census Tract 5401.02,3357.0,17031540102,540102,54,1.0,7817.0,0.4294486375847511,RIVERDALE,98.38949739579031
2022,Census Tract 7004.02,3417.0,17031700402,700402,70,1.0,42745.0,0.0799391741724178,ASHBURN,135.46033718240324
2022,Census Tract 308,4236.0,17031030800,30800,77,1.0,56099.0,0.0755093673684022,EDGEWATER,48.449990830225794
2022,Census Tract 311,4898.0,17031031100,31100,3,1.0,57464.0,0.0852359738270917,UPTOWN,65.09564271609112
2022,Census Tract 313,6853.0,17031031300,31300,3,1.0,57464.0,0.1192572741194487,UPTOWN,65.09564271609112
2022,Census Tract 319,2417.0,17031031900,31900,3,1.0,57464.0,0.0420611165251287,UPTOWN,65.09564271609112
2022,Census Tract 1605.01,3270.0,17031160501,160501,16,1.0,53584.0,0.0610256793072559,IRVING PARK,89.61138229311392
2022,Census Tract 401,4011.0,17031040100,40100,4,1.0,42271.0,0.0948877481015353,LINCOLN SQUARE,71.35232822594875
2022,Census Tract 403,3063.0,17031040300,40300,4,1.0,42271.0,0.0724610252892053,LINCOLN SQUARE,71.35232822594875
2022,Census Tract 6116,1995.0,17031611600,611600,61,1.0,41048.0,0.0486016371077762,NEW CITY,134.6369632279751
2022,Census Tract 3404,1630.0,17031340400,340400,34,1.0,13193.0,0.123550367619192,ARMOUR SQUARE,27.766196090094883
2022,Census Tract 4307,2256.0,17031430700,430700,43,1.0,54974.0,0.0410375814021173,SOUTH SHORE,81.81271638009841
2022,Census Tract 1910,2556.0,17031191000,191000,19,1.0,73991.0,0.0345447419280723,BELMONT CRAGIN,109.09941466771691
2022,Census Tract 5604,1744.0,17031560400,560400,56,1.0,36401.0,0.0479107716820966,GARFIELD RIDGE,117.89077840626808
2022,Census Tract 7107,3412.0,17031710700,710700,71,1.0,46468.0,0.0734268744081948,AUBURN GRESHAM,105.06535358129682
2022,Census Tract 5501,6201.0,17031550100,550100,55,1.0,9025.0,0.6870914127423823,HEGEWISCH,145.96574140897752
2022,Census Tract 2832,1727.0,17031283200,283200,28,1.0,65581.0,0.026333846693402,NEAR WEST SIDE,158.49246652347665
2022,Census Tract 1005,5814.0,17031100500,100500,10,1.0,39326.0,0.1478411229212226,NORWOOD PARK,121.95910544621267
2023,Census Tract 5103,4421.0,17031510300,510300,51,1.0,14210.0,0.311118930330753,SOUTH DEERING,303.79705960132867
2023,Census Tract 5201,2061.0,17031520100,520100,52,1.0,22793.0,0.0904224981353924,EAST SIDE,83.24172803329057
2023,Census Tract 5907,2728.0,17031590700,590700,59,1.0,15443.0,0.1766496147121673,MCKINLEY PARK,39.431799640295466
2023,Census Tract 6004,4053.0,17031600400,600400,60,1.0,33123.0,0.1223621048818041,BRIDGEPORT,58.29151926539481
2023,Census Tract 8306,4733.0,17031830600,830600,1,1.0,54388.0,0.0870228726925057,ROGERS PARK,51.25990244057384
2023,Census Tract 8308,2502.0,17031830800,830800,4,1.0,41673.0,0.0600388740911381,LINCOLN SQUARE,71.35232822594875
2023,Census Tract 8307,4096.0,17031830700,830700,3,1.0,57331.0,0.0714447681010273,UPTOWN,65.09564271609112
2023,Census Tract 8309,2918.0,17031830900,830900,22,1.0,70872.0,0.041172818602551,LOGAN SQUARE,100.05756668057336
2023,Census Tract 8352,2228.0,17031835200,835200,56,1.0,36426.0,0.0611651018503266,GARFIELD RIDGE,117.89077840626808
2023,Census Tract 8399,4448.0,17031839900,839900,60,1.0,33123.0,0.1342873531986837,BRIDGEPORT,58.29151926539481
2023,Census Tract 8397,4802.0,17031839700,839700,60,1.0,33123.0,0.1449747909307731,BRIDGEPORT,58.29151926539481
2023,Census Tract 8398,2590.0,17031839800,839800,60,1.0,33123.0,0.0781934003562479,BRIDGEPORT,58.29151926539481
2023,Census Tract 8348,1712.0,17031834800,834800,68,1.0,21411.0,0.0799588996310307,ENGLEWOOD,85.65232306609218
2023,Census Tract 8347,1474.0,17031834700,834700,68,1.0,21411.0,0.0688431180234458,ENGLEWOOD,85.65232306609218
2023,Census Tract 8320,1654.0,17031832000,832000,6,1.0,101163.0,0.0163498512301928,LAKE VIEW,87.21479925558447
2023,Census Tract 8325,3336.0,17031832500,832500,7,1.0,67831.0,0.0491810529109109,LINCOLN PARK,88.31640045539218
2023,Census Tract 8323,2151.0,17031832300,832300,22,1.0,70872.0,0.0303504910260751,LOGAN SQUARE,100.05756668057336
2023,Census Tract 8383,3000.0,17031838300,838300,8,1.0,104712.0,0.0286500114600045,NEAR NORTH SIDE,76.67589595801923
2023,Census Tract 8318,7545.0,17031831800,831800,13,1.0,18742.0,0.4025717639526198,NORTH PARK,70.28870642060181
2023,Census Tract 8317,2110.0,17031831700,831700,15,1.0,61793.0,0.0341462625216448,PORTAGE PARK,110.19609711747748
2023,Census Tract 8351,4470.0,17031835100,835100,63,1.0,35691.0,0.1252416575607296,GAGE PARK,61.28489610145672
2023,Census Tract 8350,5865.0,17031835000,835000,66,1.0,53460.0,0.1097081930415263,CHICAGO LAWN,98.27946509626284
2023,Census Tract 8437,2381.0,17031843700,843700,5,1.0,35408.0,0.0672446904654315,NORTH CENTER,57.05416783863191
2023,Census Tract 2207.02,3825.0,17031220702,220702,22,1.0,70872.0,0.0539705384354893,LOGAN SQUARE,100.05756668057336
2023,Census Tract 8421,6808.0,17031842100,842100,23,1.0,55598.0,0.1224504478578366,HUMBOLDT PARK,100.48087648273764
2023,Census Tract 8433,1601.0,17031843300,843300,29,1.0,31244.0,0.0512418384329791,NORTH LAWNDALE,89.48742200680012
2023,Census Tract 8311,6828.0,17031831100,831100,21,1.0,35489.0,0.1923976443404998,AVONDALE,55.29059546222403
2023,Census Tract 8315,3479.0,17031831500,831500,19,1.0,72918.0,0.047711127567953,BELMONT CRAGIN,109.09941466771691
2023,Census Tract 8316,7209.0,17031831600,831600,18,1.0,14084.0,0.5118574268673672,MONTCLARE,27.57639362717424
2023,Census Tract 8312,4657.0,17031831200,831200,20,1.0,22776.0,0.20446961714085,HERMOSA,32.60205939915233
2023,Census Tract 8310,1139.0,17031831000,831000,22,0.5,70872.0,0.0160712270007901,LOGAN SQUARE,100.05756668057336
2023,Census Tract 8310,1139.0,17031831000,831000,24,0.5,86596.0,0.0131530324726315,WEST TOWN,127.56290457232984
2023,Census Tract 8430,2455.0,17031843000,843000,29,1.0,31244.0,0.0785750864165919,NORTH LAWNDALE,89.48742200680012
2023,Census Tract 8431,1491.0,17031843100,843100,29,1.0,31244.0,0.0477211624631929,NORTH LAWNDALE,89.48742200680012
2023,Census Tract 8429,2630.0,17031842900,842900,28,1.0,66084.0,0.0397978330609527,NEAR WEST SIDE,158.49246652347665
2023,Census Tract 8435,8470.0,17031843500,843500,30,1.0,68798.0,0.1231140440129073,SOUTH LAWNDALE,127.99829784190968
2023,Census Tract 8420,2815.0,17031842000,842000,35,1.0,21756.0,0.1293895936753079,DOUGLAS,46.004621149279
2023,Census Tract 8324,3640.0,17031832400,832400,22,1.0,70872.0,0.0513601986680212,LOGAN SQUARE,100.05756668057336
2023,Census Tract 8329,2054.0,17031832900,832900,28,1.0,66084.0,0.0310816536529265,NEAR WEST SIDE,158.49246652347665
2023,Census Tract 8403,3717.0,17031840300,840300,59,1.0,15443.0,0.2406915754710872,MCKINLEY PARK,39.431799640295466
2023,Census Tract 8386,1620.0,17031838600,838600,29,1.0,31244.0,0.0518499551913967,NORTH LAWNDALE,89.48742200680012
2023,Census Tract 8396,2085.0,17031839600,839600,35,1.0,21756.0,0.0958356315499172,DOUGLAS,46.004621149279
2023,Census Tract 8349,1122.0,17031834900,834900,67,1.0,26729.0,0.0419768790452317,WEST ENGLEWOOD,87.94769193108257
2023,Census Tract 306.03,2163.0,17031030603,30603,77,1.0,56146.0,0.0385245609660527,EDGEWATER,48.449990830225794
2023,Census Tract 8322,3211.0,17031832200,832200,22,1.0,70872.0,0.045307032396433,LOGAN SQUARE,100.05756668057336
2023,Census Tract 8367,2650.0,17031836700,836700,23,1.0,55598.0,0.0476635850210439,HUMBOLDT PARK,100.48087648273764
2023,Census Tract 8368,2524.0,17031836800,836800,27,1.0,20526.0,0.122965994348631,EAST GARFIELD PARK,53.88322083574582
2023,Census Tract 8366,2558.0,17031836600,836600,23,1.0,55598.0,0.0460088492391812,HUMBOLDT PARK,100.48087648273764
2023,Census Tract 8330,4991.0,17031833000,833000,28,1.0,66084.0,0.0755250892803099,NEAR WEST SIDE,158.49246652347665
2023,Census Tract 8425,2717.0,17031842500,842500,69,1.0,29563.0,0.0919054223184386,GREATER GRAND CROSSING,98.85316769023828
2023,Census Tract 8418,2309.0,17031841800,841800,69,1.0,29563.0,0.0781043872408077,GREATER GRAND CROSSING,98.85316769023828
2023,Census Tract 9801,0.0,17031980100,980100,56,0.5,36426.0,0.0,GARFIELD RIDGE,117.89077840626808
2023,Census Tract 9801,0.0,17031980100,980100,64,0.5,24924.0,0.0,CLEARING,71.14519236904174
2023,Census Tract 8428,6806.0,17031842800,842800,58,1.0,42062.0,0.161808758499358,BRIGHTON PARK,75.89279029683405
2023,Census Tract 8438,2001.0,17031843800,843800,61,1.0,41869.0,0.0477919224247056,NEW CITY,134.6369632279751
2023,Census Tract 8410,1165.0,17031841000,841000,33,1.0,29174.0,0.0399328168917529,NEAR SOUTH SIDE,49.769639444136615
2023,Census Tract 8365,1476.0,17031836500,836500,36,1.0,6946.0,0.2124964008062194,OAKLAND,16.913961037490527
2023,Census Tract 8439,1939.0,17031843900,843900,42,0.5,24628.0,0.0787315250933896,WOODLAWN,57.81517950095547
2023,Census Tract 8439,1939.0,17031843900,843900,43,0.5,53673.0,0.0361261714456058,SOUTH SHORE,81.81271638009841
2023,Census Tract 8342,5355.0,17031834200,834200,43,1.0,53673.0,0.0997708344977921,SOUTH SHORE,81.81271638009841
2023,Census Tract 8422,3629.0,17031842200,842200,8,1.0,104712.0,0.0346569638627855,NEAR NORTH SIDE,76.67589595801923
2023,Census Tract 8380,2650.0,17031838000,838000,28,1.0,66084.0,0.0401004781792869,NEAR WEST SIDE,158.49246652347665
2023,Census Tract 107.02,5166.0,17031010702,10702,1,1.0,54388.0,0.0949841876884606,ROGERS PARK,51.25990244057384
2023,Census Tract 105.03,2844.0,17031010503,10503,1,1.0,54388.0,0.0522909465323233,ROGERS PARK,51.25990244057384
2023,Census Tract 105.02,3329.0,17031010502,10502,1,1.0,54388.0,0.0612083547841435,ROGERS PARK,51.25990244057384
2023,Census Tract 107.01,3573.0,17031010701,10701,1,1.0,54388.0,0.0656946385232036,ROGERS PARK,51.25990244057384
2023,Census Tract 209.02,4205.0,17031020902,20902,2,1.0,78227.0,0.0537538190138954,WEST RIDGE,98.4290948429624
2023,Census Tract 203.02,4859.0,17031020302,20302,2,1.0,78227.0,0.0621141038260447,WEST RIDGE,98.4290948429624
2023,Census Tract 206.01,5961.0,17031020601,20601,2,1.0,78227.0,0.0762013115676173,WEST RIDGE,98.4290948429624
2023,Census Tract 203.01,4899.0,17031020301,20301,2,1.0,78227.0,0.0626254362304575,WEST RIDGE,98.4290948429624
2023,Census Tract 7608.03,6598.0,17031760803,760803,76,1.0,13773.0,0.4790532200682494,OHARE,371.8356076134321
2023,Census Tract 5305.01,5024.0,17031530501,530501,53,1.0,24470.0,0.2053126277073968,WEST PULLMAN,99.36519806341394
2023,Census Tract 5305.03,4160.0,17031530503,530503,53,1.0,24470.0,0.170004086636698,WEST PULLMAN,99.36519806341394
2023,Census Tract 6503.01,5218.0,17031650301,650301,65,1.0,32649.0,0.1598211277527642,WEST LAWN,82.3153016672832
2023,Census Tract 6503.02,5349.0,17031650302,650302,65,1.0,32649.0,0.1638335017917853,WEST LAWN,82.3153016672832
2023,Census Tract 5305.02,1393.0,17031530502,530502,53,1.0,24470.0,0.0569268492031058,WEST PULLMAN,99.36519806341394
2023,Census Tract 8313,1237.0,17031831300,831300,25,1.0,98882.0,0.0125098602374547,AUSTIN,199.25420338818205
2023,Census Tract 8314,3118.0,17031831400,831400,25,1.0,98882.0,0.0315325337270686,AUSTIN,199.25420338818205
2023,Census Tract 8370,2366.0,17031837000,837000,27,1.0,20526.0,0.1152684400272824,EAST GARFIELD PARK,53.88322083574582
2023,Census Tract 8424,3238.0,17031842400,842400,44,1.0,30749.0,0.10530423753618,CHATHAM,82.32067029535114
2023,Census Tract 8321,3690.0,17031832100,832100,6,1.0,101163.0,0.0364757866018208,LAKE VIEW,87.21479925558447
2023,Census Tract 208.02,8811.0,17031020802,20802,2,1.0,78227.0,0.1126337453820292,WEST RIDGE,98.4290948429624
2023,Census Tract 207.02,8476.0,17031020702,20702,2,1.0,78227.0,0.108351336495072,WEST RIDGE,98.4290948429624
2023,Census Tract 208.01,5448.0,17031020801,20801,2,1.0,78227.0,0.0696434734810231,WEST RIDGE,98.4290948429624
2023,Census Tract 402.02,7577.0,17031040202,40202,4,1.0,41673.0,0.1818203633047776,LINCOLN SQUARE,71.35232822594875
2023,Census Tract 402.01,7207.0,17031040201,40201,4,1.0,41673.0,0.1729417128596453,LINCOLN SQUARE,71.35232822594875
2023,Census Tract 404.02,4224.0,17031040402,40402,4,1.0,41673.0,0.1013605931898351,LINCOLN SQUARE,71.35232822594875
2023,Census Tract 315.01,4832.0,17031031501,31501,3,1.0,57331.0,0.0842824998691807,UPTOWN,65.09564271609112
2023,Census Tract 812.01,4564.0,17031081201,81201,8,1.0,104712.0,0.0435862174344869,NEAR NORTH SIDE,76.67589595801923
2023,Census Tract 633.01,2912.0,17031063301,63301,6,1.0,101163.0,0.0287852278006781,LAKE VIEW,87.21479925558447
2023,Census Tract 4909.01,2544.0,17031490901,490901,49,1.0,36700.0,0.0693188010899182,ROSELAND,134.31370670490057
2023,Census Tract 4909.02,4768.0,17031490902,490902,49,1.0,36700.0,0.1299182561307902,ROSELAND,134.31370670490057
2023,Census Tract 3018.01,4359.0,17031301801,301801,30,1.0,68798.0,0.0633593999825576,SOUTH LAWNDALE,127.99829784190968
2023,Census Tract 7003.01,6063.0,17031700301,700301,70,1.0,42079.0,0.1440861237196701,ASHBURN,135.46033718240324
2023,Census Tract 3017.02,4322.0,17031301702,301702,30,1.0,68798.0,0.0628215936509782,SOUTH LAWNDALE,127.99829784190968
2023,Census Tract 7004.01,6376.0,17031700401,700401,70,1.0,42079.0,0.1515245134152427,ASHBURN,135.46033718240324
2023,Census Tract 8371,1472.0,17031837100,837100,27,1.0,20526.0,0.0717139238039559,EAST GARFIELD PARK,53.88322083574582
2023,Census Tract 8374,1948.0,17031837400,837400,27,1.0,20526.0,0.0949040241644743,EAST GARFIELD PARK,53.88322083574582
2023,Census Tract 8378,2542.0,17031837800,837800,28,1.0,66084.0,0.038466194540282,NEAR WEST SIDE,158.49246652347665
2023,Census Tract 8373,2530.0,17031837300,837300,27,1.0,20526.0,0.1232583065380493,EAST GARFIELD PARK,53.88322083574582
2023,Census Tract 8415,2254.0,17031841500,841500,29,1.0,31244.0,0.0721418512354372,NORTH LAWNDALE,89.48742200680012
2023,Census Tract 8387,3703.0,17031838700,838700,29,1.0,31244.0,0.1185187556010754,NORTH LAWNDALE,89.48742200680012
2023,Census Tract 1505.01,3914.0,17031150501,150501,15,1.0,61793.0,0.0633405078245108,PORTAGE PARK,110.19609711747748
2023,Census Tract 1504.01,4974.0,17031150401,150401,15,1.0,61793.0,0.0804945543993656,PORTAGE PARK,110.19609711747748
2023,Census Tract 1505.02,3943.0,17031150502,150502,15,1.0,61793.0,0.0638098166458984,PORTAGE PARK,110.19609711747748
2023,Census Tract 1105.02,3443.0,17031110502,110502,11,1.0,26643.0,0.1292271891303532,JEFFERSON PARK,64.86816166921948
2023,Census Tract 1504.02,3907.0,17031150402,150402,15,1.0,61793.0,0.0632272263848656,PORTAGE PARK,110.19609711747748
2023,Census Tract 1403.02,3398.0,17031140302,140302,14,1.0,46620.0,0.0728871728871728,ALBANY PARK,53.54223080864773
2023,Census Tract 1403.01,2960.0,17031140301,140301,14,1.0,46620.0,0.0634920634920634,ALBANY PARK,53.54223080864773
2023,Census Tract 7003.02,5626.0,17031700302,700302,70,1.0,42079.0,0.1337008959338387,ASHBURN,135.46033718240324
2023,Census Tract 5805.01,4571.0,17031580501,580501,58,1.0,42062.0,0.1086729114164804,BRIGHTON PARK,75.89279029683405
2023,Census Tract 5805.02,5113.0,17031580502,580502,58,1.0,42062.0,0.121558651514431,BRIGHTON PARK,75.89279029683405
2023,Census Tract 7302.01,5315.0,17031730201,730201,73,1.0,25312.0,0.2099794563843236,WASHINGTON HEIGHTS,79.63575286171745
2023,Census Tract 3018.02,2491.0,17031301802,301802,30,1.0,68798.0,0.036207447890927,SOUTH LAWNDALE,127.99829784190968
2023,Census Tract 4401.01,3987.0,17031440101,440101,44,1.0,30749.0,0.1296627532602686,CHATHAM,82.32067029535114
2023,Census Tract 3017.01,4167.0,17031301701,301701,30,1.0,68798.0,0.0605686211808482,SOUTH LAWNDALE,127.99829784190968
2023,Census Tract 8391,7989.0,17031839100,839100,32,1.0,42181.0,0.1893980702211896,LOOP,46.3355654497116
2023,Census Tract 8331,8907.0,17031833100,833100,28,1.0,66084.0,0.1347830034501543,NEAR WEST SIDE,158.49246652347665
2023,Census Tract 8381,1592.0,17031838100,838100,28,1.0,66084.0,0.0240905514194056,NEAR WEST SIDE,158.49246652347665
2023,Census Tract 8333,2741.0,17031833300,833300,28,1.0,66084.0,0.0414775134677077,NEAR WEST SIDE,158.49246652347665
2023,Census Tract 8382,1725.0,17031838200,838200,28,1.0,66084.0,0.0261031414563283,NEAR WEST SIDE,158.49246652347665
2023,Census Tract 1407.02,5318.0,17031140702,140702,14,1.0,46620.0,0.114071214071214,ALBANY PARK,53.54223080864773
2023,Census Tract 1406.02,4452.0,17031140602,140602,14,1.0,46620.0,0.0954954954954954,ALBANY PARK,53.54223080864773
2023,Census Tract 1407.01,2846.0,17031140701,140701,14,1.0,46620.0,0.061046761046761,ALBANY PARK,53.54223080864773
2023,Census Tract 1605.02,3911.0,17031160502,160502,16,1.0,53832.0,0.0726519542279685,IRVING PARK,89.61138229311392
2023,Census Tract 1606.02,3731.0,17031160602,160602,16,1.0,53832.0,0.0693082181602021,IRVING PARK,89.61138229311392
2023,Census Tract 1510.02,4712.0,17031151002,151002,15,1.0,61793.0,0.0762545919440713,PORTAGE PARK,110.19609711747748
2023,Census Tract 1510.01,2642.0,17031151001,151001,15,1.0,61793.0,0.0427556519346851,PORTAGE PARK,110.19609711747748
2023,Census Tract 1904.02,4706.0,17031190402,190402,19,1.0,72918.0,0.064538248443457,BELMONT CRAGIN,109.09941466771691
2023,Census Tract 4313.01,3711.0,17031431301,431301,43,1.0,53673.0,0.0691409088368453,SOUTH SHORE,81.81271638009841
2023,Census Tract 4313.02,3783.0,17031431302,431302,43,1.0,53673.0,0.0704823654351349,SOUTH SHORE,81.81271638009841
2023,Census Tract 4603.02,3816.0,17031460302,460302,46,1.0,29381.0,0.1298798543276267,SOUTH CHICAGO,93.2721849914544
2023,Census Tract 4603.01,2976.0,17031460301,460301,46,1.0,29381.0,0.1012899492869541,SOUTH CHICAGO,93.2721849914544
2023,Census Tract 7005.01,6386.0,17031700501,700501,70,1.0,42079.0,0.1517621616483281,ASHBURN,135.46033718240324
2023,Census Tract 7005.02,3442.0,17031700502,700502,70,1.0,42079.0,0.0817985218279902,ASHBURN,135.46033718240324
2023,Census Tract 2106.01,2606.0,17031210601,210601,21,1.0,35489.0,0.0734312040350531,AVONDALE,55.29059546222403
2023,Census Tract 8411,7661.0,17031841100,841100,34,1.0,14207.0,0.5392412191173366,ARMOUR SQUARE,27.766196090094883
2023,Census Tract 8402,2198.0,17031840200,840200,60,1.0,33123.0,0.0663587235455725,BRIDGEPORT,58.29151926539481
2023,Census Tract 8413,4157.0,17031841300,841300,31,1.0,33279.0,0.1249136091829682,LOWER WEST SIDE,81.55072362189355
2023,Census Tract 8407,3669.0,17031840700,840700,30,1.0,68798.0,0.0533300386639146,SOUTH LAWNDALE,127.99829784190968
2023,Census Tract 8417,1216.0,17031841700,841700,30,1.0,68798.0,0.0176749324108258,SOUTH LAWNDALE,127.99829784190968
2023,Census Tract 1906.02,5468.0,17031190602,190602,19,1.0,72918.0,0.0749883430702981,BELMONT CRAGIN,109.09941466771691
2023,Census Tract 1904.01,4122.0,17031190401,190401,19,1.0,72918.0,0.0565292520365341,BELMONT CRAGIN,109.09941466771691
2023,Census Tract 1907.02,4708.0,17031190702,190702,19,1.0,72918.0,0.0645656765133437,BELMONT CRAGIN,109.09941466771691
2023,Census Tract 1913.02,4446.0,17031191302,191302,19,1.0,72918.0,0.0609725993581831,BELMONT CRAGIN,109.09941466771691
2023,Census Tract 1906.01,4062.0,17031190601,190601,19,1.0,72918.0,0.0557064099399325,BELMONT CRAGIN,109.09941466771691
2023,Census Tract 1913.01,4999.0,17031191301,191301,19,1.0,72918.0,0.0685564606818618,BELMONT CRAGIN,109.09941466771691
2023,Census Tract 2004.02,4894.0,17031200402,200402,20,1.0,22776.0,0.2148753073410607,HERMOSA,32.60205939915233
2023,Census Tract 2004.01,3067.0,17031200401,200401,20,1.0,22776.0,0.1346592904812082,HERMOSA,32.60205939915233
2023,Census Tract 2209.02,3154.0,17031220902,220902,22,1.0,70872.0,0.044502765549159,LOGAN SQUARE,100.05756668057336
2023,Census Tract 2105.01,2814.0,17031210501,210501,21,1.0,35489.0,0.0792921750401532,AVONDALE,55.29059546222403
2023,Census Tract 1606.01,3008.0,17031160601,160601,16,1.0,53832.0,0.0558775449546738,IRVING PARK,89.61138229311392
2023,Census Tract 619.01,3489.0,17031061901,61901,6,1.0,101163.0,0.0344888941609086,LAKE VIEW,87.21479925558447
2023,Census Tract 8408,3271.0,17031840800,840800,30,1.0,68798.0,0.0475449867728713,SOUTH LAWNDALE,127.99829784190968
2023,Census Tract 307.03,3081.0,17031030703,30703,77,1.0,56146.0,0.0548747907241833,EDGEWATER,48.449990830225794
2023,Census Tract 814.03,9407.0,17031081403,81403,8,1.0,104712.0,0.0898368859347543,NEAR NORTH SIDE,76.67589595801923
2023,Census Tract 307.02,2201.0,17031030702,30702,77,1.0,56146.0,0.0392013678623588,EDGEWATER,48.449990830225794
2023,Census Tract 4401.02,3251.0,17031440102,440102,44,1.0,30749.0,0.1057270155126996,CHATHAM,82.32067029535114
2023,Census Tract 4402.02,2414.0,17031440202,440202,44,1.0,30749.0,0.0785066181014016,CHATHAM,82.32067029535114
2023,Census Tract 8305,3703.0,17031830500,830500,30,1.0,68798.0,0.0538242390767173,SOUTH LAWNDALE,127.99829784190968
2023,Census Tract 8401,2810.0,17031840100,840100,60,1.0,33123.0,0.0848353108112187,BRIDGEPORT,58.29151926539481
2023,Census Tract 8404,3690.0,17031840400,840400,59,1.0,15443.0,0.2389432105160914,MCKINLEY PARK,39.431799640295466
2023,Census Tract 8392,2330.0,17031839200,839200,35,1.0,21756.0,0.1070968928111785,DOUGLAS,46.004621149279
2023,Census Tract 8355,1603.0,17031835500,835500,37,1.0,2142.0,0.7483660130718954,FULLER PARK,19.916704865338488
2023,Census Tract 701.01,4179.0,17031070101,70101,7,1.0,67831.0,0.0616089988353407,LINCOLN PARK,88.31640045539218
2023,Census Tract 1105.01,5077.0,17031110501,110501,11,1.0,26643.0,0.1905566189993619,JEFFERSON PARK,64.86816166921948
2023,Census Tract 301.04,3401.0,17031030104,30104,77,1.0,56146.0,0.0605742172193922,EDGEWATER,48.449990830225794
2023,Census Tract 814.01,2386.0,17031081401,81401,8,1.0,104712.0,0.0227863091145236,NEAR NORTH SIDE,76.67589595801923
2023,Census Tract 4301.02,3208.0,17031430102,430102,43,1.0,53673.0,0.0597693439904607,SOUTH SHORE,81.81271638009841
2023,Census Tract 4301.01,3825.0,17031430101,430101,43,1.0,53673.0,0.0712648817841372,SOUTH SHORE,81.81271638009841
2023,Census Tract 2521.01,1624.0,17031252101,252101,25,1.0,98882.0,0.0164236160271839,AUSTIN,199.25420338818205
2023,Census Tract 105.01,3519.0,17031010501,10501,1,1.0,54388.0,0.0647017724498051,ROGERS PARK,51.25990244057384
2023,Census Tract 207.01,1669.0,17031020701,20701,2,1.0,78227.0,0.021335344574124,WEST RIDGE,98.4290948429624
2023,Census Tract 102.01,7588.0,17031010201,10201,1,1.0,54388.0,0.139516069721262,ROGERS PARK,51.25990244057384
2023,Census Tract 7608.01,4931.0,17031760801,760801,76,1.0,13773.0,0.3580193131489145,OHARE,371.8356076134321
2023,Census Tract 8390,10337.0,17031839000,839000,32,1.0,42181.0,0.2450629430312225,LOOP,46.3355654497116
2023,Census Tract 4402.01,5748.0,17031440201,440201,44,1.0,30749.0,0.1869329083872646,CHATHAM,82.32067029535114
2023,Census Tract 5401.01,4019.0,17031540101,540101,54,1.0,7536.0,0.5333067940552016,RIVERDALE,98.38949739579031
2023,Census Tract 8340,3490.0,17031834000,834000,49,1.0,36700.0,0.0950953678474114,ROSELAND,134.31370670490057
2023,Census Tract 8339,2579.0,17031833900,833900,46,1.0,29381.0,0.0877778155951124,SOUTH CHICAGO,93.2721849914544
2023,Census Tract 2210,2541.0,17031221000,221000,22,1.0,70872.0,0.0358533694547917,LOGAN SQUARE,100.05756668057336
2023,Census Tract 2211,4374.0,17031221100,221100,22,1.0,70872.0,0.0617168980697595,LOGAN SQUARE,100.05756668057336
2023,Census Tract 2428,1492.0,17031242800,242800,24,1.0,86596.0,0.0172294332301722,WEST TOWN,127.56290457232984
2023,Census Tract 2429,1906.0,17031242900,242900,24,1.0,86596.0,0.0220102545152201,WEST TOWN,127.56290457232984
2023,Census Tract 2430,2253.0,17031243000,243000,24,1.0,86596.0,0.0260173680077601,WEST TOWN,127.56290457232984
2023,Census Tract 2431,2142.0,17031243100,243100,24,1.0,86596.0,0.0247355536052473,WEST TOWN,127.56290457232984
2023,Census Tract 2432,2364.0,17031243200,243200,24,1.0,86596.0,0.0272991824102729,WEST TOWN,127.56290457232984
2023,Census Tract 2433,2214.0,17031243300,243300,24,1.0,86596.0,0.0255670007852556,WEST TOWN,127.56290457232984
2023,Census Tract 2434,3003.0,17031243400,243400,24,1.0,86596.0,0.0346782761328467,WEST TOWN,127.56290457232984
2023,Census Tract 714,4540.0,17031071400,71400,7,1.0,67831.0,0.0669310492252804,LINCOLN PARK,88.31640045539218
2023,Census Tract 1104,4462.0,17031110400,110400,11,1.0,26643.0,0.1674736328491536,JEFFERSON PARK,64.86816166921948
2023,Census Tract 1506,3999.0,17031150600,150600,15,1.0,61793.0,0.0647160681630605,PORTAGE PARK,110.19609711747748
2023,Census Tract 1507,4239.0,17031150700,150700,15,1.0,61793.0,0.0686000032366125,PORTAGE PARK,110.19609711747748
2023,Census Tract 1508,4357.0,17031150800,150800,15,1.0,61793.0,0.0705096046477756,PORTAGE PARK,110.19609711747748
2023,Census Tract 1511,5053.0,17031151100,151100,15,1.0,61793.0,0.0817730163610764,PORTAGE PARK,110.19609711747748
2023,Census Tract 1512,3935.0,17031151200,151200,15,1.0,61793.0,0.0636803521434466,PORTAGE PARK,110.19609711747748
2023,Census Tract 2415,2690.0,17031241500,241500,24,1.0,86596.0,0.0310637904753106,WEST TOWN,127.56290457232984
2023,Census Tract 2411,3455.0,17031241100,241100,24,1.0,86596.0,0.0398979167628989,WEST TOWN,127.56290457232984
2023,Census Tract 2416,3508.0,17031241600,241600,24,1.0,86596.0,0.0405099542704051,WEST TOWN,127.56290457232984
2023,Census Tract 2413,1909.0,17031241300,241300,24,1.0,86596.0,0.0220448981477204,WEST TOWN,127.56290457232984
2023,Census Tract 2414,5897.0,17031241400,241400,24,1.0,86596.0,0.0680978336181809,WEST TOWN,127.56290457232984
2023,Census Tract 2435,4550.0,17031243500,243500,24,1.0,86596.0,0.0525428426255254,WEST TOWN,127.56290457232984
2023,Census Tract 2502,2623.0,17031250200,250200,25,1.0,98882.0,0.0265265670192755,AUSTIN,199.25420338818205
2023,Census Tract 2503,4882.0,17031250300,250300,25,1.0,98882.0,0.0493719787221132,AUSTIN,199.25420338818205
2023,Census Tract 2504,5572.0,17031250400,250400,25,1.0,98882.0,0.0563499929208551,AUSTIN,199.25420338818205
2023,Census Tract 2505,7519.0,17031250500,250500,25,1.0,98882.0,0.0760401286381747,AUSTIN,199.25420338818205
2023,Census Tract 715,5974.0,17031071500,71500,7,1.0,67831.0,0.0880718255664814,LINCOLN PARK,88.31640045539218
2023,Census Tract 718,2773.0,17031071800,71800,7,1.0,67831.0,0.0408810131061019,LINCOLN PARK,88.31640045539218
2023,Census Tract 801,6181.0,17031080100,80100,8,1.0,104712.0,0.0590285736114294,NEAR NORTH SIDE,76.67589595801923
2023,Census Tract 803,6063.0,17031080300,80300,8,1.0,104712.0,0.0579016731606692,NEAR NORTH SIDE,76.67589595801923
2023,Census Tract 804,5986.0,17031080400,80400,8,1.0,104712.0,0.0571663228665291,NEAR NORTH SIDE,76.67589595801923
2023,Census Tract 1601,2652.0,17031160100,160100,16,1.0,53832.0,0.0492643780650913,IRVING PARK,89.61138229311392
2023,Census Tract 1602,3458.0,17031160200,160200,16,1.0,53832.0,0.0642368851240897,IRVING PARK,89.61138229311392
2023,Census Tract 1603,3545.0,17031160300,160300,16,1.0,53832.0,0.0658530242235101,IRVING PARK,89.61138229311392
2023,Census Tract 1604,5200.0,17031160400,160400,16,1.0,53832.0,0.0965968197354733,IRVING PARK,89.61138229311392
2023,Census Tract 1607,6368.0,17031160700,160700,16,1.0,53832.0,0.1182939515529796,IRVING PARK,89.61138229311392
2023,Census Tract 2213,2912.0,17031221300,221300,22,1.0,70872.0,0.0410881589344169,LOGAN SQUARE,100.05756668057336
2023,Census Tract 2215,2877.0,17031221500,221500,22,1.0,70872.0,0.0405943108703013,LOGAN SQUARE,100.05756668057336
2023,Census Tract 2214,3005.0,17031221400,221400,22,1.0,70872.0,0.0424003837904955,LOGAN SQUARE,100.05756668057336
2023,Census Tract 2506,4298.0,17031250600,250600,25,1.0,98882.0,0.0434659493133229,AUSTIN,199.25420338818205
2023,Census Tract 2507,6226.0,17031250700,250700,25,1.0,98882.0,0.0629639368135757,AUSTIN,199.25420338818205
2023,Census Tract 2508,2710.0,17031250800,250800,25,1.0,98882.0,0.0274064035921603,AUSTIN,199.25420338818205
2023,Census Tract 2510,1317.0,17031251000,251000,25,1.0,98882.0,0.0133189053619465,AUSTIN,199.25420338818205
2023,Census Tract 2511,4492.0,17031251100,251100,25,1.0,98882.0,0.0454278837402156,AUSTIN,199.25420338818205
2023,Census Tract 514,2673.0,17031051400,51400,5,1.0,35408.0,0.0754914143696339,NORTH CENTER,57.05416783863191
2023,Census Tract 601,3147.0,17031060100,60100,6,1.0,101163.0,0.031108211500252,LAKE VIEW,87.21479925558447
2023,Census Tract 603,2880.0,17031060300,60300,6,1.0,101163.0,0.0284689066160552,LAKE VIEW,87.21479925558447
2023,Census Tract 608,5204.0,17031060800,60800,6,1.0,101163.0,0.0514417326492887,LAKE VIEW,87.21479925558447
2023,Census Tract 1608,5302.0,17031160800,160800,16,1.0,53832.0,0.0984916035072076,IRVING PARK,89.61138229311392
2023,Census Tract 3201.01,9208.0,17031320101,320101,32,1.0,42181.0,0.2182973376638771,LOOP,46.3355654497116
2023,Census Tract 3301.03,8851.0,17031330103,330103,33,1.0,29174.0,0.303386577089189,NEAR SOUTH SIDE,49.769639444136615
2023,Census Tract 3806,5236.0,17031380600,380600,38,1.0,26345.0,0.1987473903966597,GRAND BOULEVARD,48.49250314605212
2023,Census Tract 3301.02,10062.0,17031330102,330102,33,1.0,29174.0,0.3448961403989854,NEAR SOUTH SIDE,49.769639444136615
2023,Census Tract 3301.01,5060.0,17031330101,330101,33,1.0,29174.0,0.1734421059847809,NEAR SOUTH SIDE,49.769639444136615
2023,Census Tract 4608,4684.0,17031460800,460800,46,1.0,29381.0,0.1594227562029883,SOUTH CHICAGO,93.2721849914544
2023,Census Tract 6306,2759.0,17031630600,630600,63,1.0,35691.0,0.0773024011655599,GAGE PARK,61.28489610145672
2023,Census Tract 4902,3106.0,17031490200,490200,49,1.0,36700.0,0.0846321525885558,ROSELAND,134.31370670490057
2023,Census Tract 6122,3880.0,17031612200,612200,61,1.0,41869.0,0.0926699945066755,NEW CITY,134.6369632279751
2023,Census Tract 8447,1906.0,17031844700,844700,29,1.0,31244.0,0.0610037127128408,NORTH LAWNDALE,89.48742200680012
2023,Census Tract 8446,2274.0,17031844600,844600,38,1.0,26345.0,0.0863161890301765,GRAND BOULEVARD,48.49250314605212
2023,Census Tract 3201.02,5330.0,17031320102,320102,32,1.0,42181.0,0.1263602095730305,LOOP,46.3355654497116
2023,Census Tract 2207.01,2872.0,17031220701,220701,22,1.0,70872.0,0.0405237611468563,LOGAN SQUARE,100.05756668057336
2023,Census Tract 633.02,4152.0,17031063302,63302,6,1.0,101163.0,0.041042673704813,LAKE VIEW,87.21479925558447
2023,Census Tract 2522.01,3195.0,17031252201,252201,25,1.0,98882.0,0.032311239659392,AUSTIN,199.25420338818205
2023,Census Tract 6603.02,4251.0,17031660302,660302,66,1.0,53460.0,0.0795173961840628,CHICAGO LAWN,98.27946509626284
2023,Census Tract 6603.01,1895.0,17031660301,660301,66,1.0,53460.0,0.035447063224841,CHICAGO LAWN,98.27946509626284
2023,Census Tract 7302.02,2968.0,17031730202,730202,73,1.0,25312.0,0.1172566371681416,WASHINGTON HEIGHTS,79.63575286171745
2023,Census Tract 8356,539.0,17031835600,835600,37,1.0,2142.0,0.2516339869281045,FULLER PARK,19.916704865338488
2023,Census Tract 8400,2618.0,17031840000,840000,60,1.0,33123.0,0.0790387344141533,BRIDGEPORT,58.29151926539481
2023,Census Tract 8364,3602.0,17031836400,836400,36,1.0,6946.0,0.5185718399078606,OAKLAND,16.913961037490527
2023,Census Tract 8361,1973.0,17031836100,836100,40,1.0,13111.0,0.1504843261383571,WASHINGTON PARK,42.37388147613499
2023,Census Tract 8346,1906.0,17031834600,834600,68,1.0,21411.0,0.0890196627901546,ENGLEWOOD,85.65232306609218
2023,Census Tract 8436,3059.0,17031843600,843600,38,1.0,26345.0,0.1161131144429683,GRAND BOULEVARD,48.49250314605212
2023,Census Tract 619.02,4758.0,17031061902,61902,6,1.0,101163.0,0.0470330061386079,LAKE VIEW,87.21479925558447
2023,Census Tract 301.02,3403.0,17031030102,30102,77,1.0,56146.0,0.0606098386349873,EDGEWATER,48.449990830225794
2023,Census Tract 301.03,2300.0,17031030103,30103,77,1.0,56146.0,0.0409646279343141,EDGEWATER,48.449990830225794
2023,Census Tract 307.06,2632.0,17031030706,30706,77,1.0,56146.0,0.0468777829230933,EDGEWATER,48.449990830225794
2023,Census Tract 306.01,3768.0,17031030601,30601,77,1.0,56146.0,0.067110746981085,EDGEWATER,48.449990830225794
2023,Census Tract 812.02,3526.0,17031081202,81202,8,1.0,104712.0,0.0336733134693253,NEAR NORTH SIDE,76.67589595801923
2023,Census Tract 633.03,1281.0,17031063303,63303,6,1.0,101163.0,0.0126627324219329,LAKE VIEW,87.21479925558447
2023,Census Tract 2209.01,2858.0,17031220901,220901,22,1.0,70872.0,0.04032622192121,LOGAN SQUARE,100.05756668057336
2023,Census Tract 2106.02,4233.0,17031210602,210602,21,1.0,35489.0,0.1192763955028318,AVONDALE,55.29059546222403
2023,Census Tract 2206.02,4414.0,17031220602,220602,22,1.0,70872.0,0.0622812958573202,LOGAN SQUARE,100.05756668057336
2023,Census Tract 2206.01,1684.0,17031220601,220601,22,1.0,70872.0,0.0237611468563043,LOGAN SQUARE,100.05756668057336
2023,Census Tract 404.01,3364.0,17031040401,40401,4,1.0,41673.0,0.080723729993041,LINCOLN SQUARE,71.35232822594875
2023,Census Tract 2522.02,4872.0,17031252202,252202,25,1.0,98882.0,0.0492708480815517,AUSTIN,199.25420338818205
2023,Census Tract 2521.02,6123.0,17031252102,252102,25,1.0,98882.0,0.0619222912157925,AUSTIN,199.25420338818205
2023,Census Tract 8363,1581.0,17031836300,836300,41,1.0,29591.0,0.0534284072859991,HYDE PARK,45.10538016450888
2023,Census Tract 8345,1606.0,17031834500,834500,40,1.0,13111.0,0.1224925634963008,WASHINGTON PARK,42.37388147613499
2023,Census Tract 8360,2745.0,17031836000,836000,38,1.0,26345.0,0.1041943442778515,GRAND BOULEVARD,48.49250314605212
2023,Census Tract 8362,1919.0,17031836200,836200,41,1.0,29591.0,0.0648507992294954,HYDE PARK,45.10538016450888
2023,Census Tract 8344,4125.0,17031834400,834400,42,1.0,24628.0,0.167492285203833,WOODLAWN,57.81517950095547
2023,Census Tract 8343,6264.0,17031834300,834300,45,1.0,9481.0,0.6606898006539395,AVALON PARK,34.852737729948345
2023,Census Tract 7103,1170.0,17031710300,710300,71,1.0,45049.0,0.0259717196830118,AUBURN GRESHAM,105.06535358129682
2023,Census Tract 1609,2434.0,17031160900,160900,16,1.0,53832.0,0.0452147421607965,IRVING PARK,89.61138229311392
2023,Census Tract 1610,1944.0,17031161000,161000,16,1.0,53832.0,0.0361123495318769,IRVING PARK,89.61138229311392
2023,Census Tract 1611,2007.0,17031161100,161100,16,1.0,53832.0,0.0372826571555951,IRVING PARK,89.61138229311392
2023,Census Tract 1612,2738.0,17031161200,161200,16,1.0,53832.0,0.0508619408530242,IRVING PARK,89.61138229311392
2023,Census Tract 1613,3767.0,17031161300,161300,16,1.0,53832.0,0.0699769653737553,IRVING PARK,89.61138229311392
2023,Census Tract 1701,1959.0,17031170100,170100,17,1.0,41816.0,0.046848096422422,DUNNING,103.5950011545707
2023,Census Tract 2216,3192.0,17031221600,221600,22,1.0,70872.0,0.0450389434473416,LOGAN SQUARE,100.05756668057336
2023,Census Tract 2421,3825.0,17031242100,242100,24,1.0,86596.0,0.0441706314379417,WEST TOWN,127.56290457232984
2023,Census Tract 2420,4540.0,17031242000,242000,24,1.0,86596.0,0.0524273638505242,WEST TOWN,127.56290457232984
2023,Census Tract 2512,4252.0,17031251200,251200,25,1.0,98882.0,0.0430007483667401,AUSTIN,199.25420338818205
2023,Census Tract 2513,4638.0,17031251300,251300,25,1.0,98882.0,0.0469043910924131,AUSTIN,199.25420338818205
2023,Census Tract 513,3028.0,17031051300,51300,5,1.0,35408.0,0.0855173971983732,NORTH CENTER,57.05416783863191
2023,Census Tract 6007,3091.0,17031600700,600700,60,1.0,33123.0,0.0933188418923406,BRIDGEPORT,58.29151926539481
2023,Census Tract 6009,3812.0,17031600900,600900,60,1.0,33123.0,0.1150861938834042,BRIDGEPORT,58.29151926539481
2023,Census Tract 6720,3060.0,17031672000,672000,67,1.0,26729.0,0.1144823973960866,WEST ENGLEWOOD,87.94769193108257
2023,Census Tract 7109,2108.0,17031710900,710900,71,1.0,45049.0,0.0467934915314435,AUBURN GRESHAM,105.06535358129682
2023,Census Tract 7110,3453.0,17031711000,711000,71,1.0,45049.0,0.0766498701414015,AUBURN GRESHAM,105.06535358129682
2023,Census Tract 7111,2618.0,17031711100,711100,71,1.0,45049.0,0.0581144975471153,AUBURN GRESHAM,105.06535358129682
2023,Census Tract 7112,4804.0,17031711200,711200,71,1.0,45049.0,0.1066394370574263,AUBURN GRESHAM,105.06535358129682
2023,Census Tract 7115,2472.0,17031711500,711500,71,1.0,45049.0,0.0548735820994916,AUBURN GRESHAM,105.06535358129682
2023,Census Tract 7113,1610.0,17031711300,711300,71,1.0,45049.0,0.0357388621279051,AUBURN GRESHAM,105.06535358129682
2023,Census Tract 7114,2703.0,17031711400,711400,71,1.0,45049.0,0.0600013318830606,AUBURN GRESHAM,105.06535358129682
2023,Census Tract 2705,1411.0,17031270500,270500,27,1.0,20526.0,0.0687420832115365,EAST GARFIELD PARK,53.88322083574582
2023,Census Tract 2712,1351.0,17031271200,271200,27,1.0,20526.0,0.0658189613173536,EAST GARFIELD PARK,53.88322083574582
2023,Census Tract 2713,880.0,17031271300,271300,27,1.0,20526.0,0.0428724544480171,EAST GARFIELD PARK,53.88322083574582
2023,Census Tract 2714,1499.0,17031271400,271400,27,1.0,20526.0,0.0730293286563383,EAST GARFIELD PARK,53.88322083574582
2023,Census Tract 3501,2566.0,17031350100,350100,35,1.0,21756.0,0.1179444750873322,DOUGLAS,46.004621149279
2023,Census Tract 3504,1615.0,17031350400,350400,35,1.0,21756.0,0.0742323956609671,DOUGLAS,46.004621149279
2023,Census Tract 3510,3867.0,17031351000,351000,35,1.0,21756.0,0.1777440706012134,DOUGLAS,46.004621149279
2023,Census Tract 3514,1642.0,17031351400,351400,35,1.0,21756.0,0.0754734326162897,DOUGLAS,46.004621149279
2023,Census Tract 3602,1868.0,17031360200,360200,36,1.0,6946.0,0.2689317592859199,OAKLAND,16.913961037490527
2023,Census Tract 4304,2974.0,17031430400,430400,43,1.0,53673.0,0.0554096100460194,SOUTH SHORE,81.81271638009841
2023,Census Tract 4306,1972.0,17031430600,430600,43,1.0,53673.0,0.0367410057198218,SOUTH SHORE,81.81271638009841
2023,Census Tract 4308,1897.0,17031430800,430800,43,1.0,53673.0,0.0353436550966035,SOUTH SHORE,81.81271638009841
2023,Census Tract 4305,4000.0,17031430500,430500,43,1.0,53673.0,0.0745253665716468,SOUTH SHORE,81.81271638009841
2023,Census Tract 4309,1545.0,17031430900,430900,43,1.0,53673.0,0.0287854228382985,SOUTH SHORE,81.81271638009841
2023,Census Tract 6103,5417.0,17031610300,610300,61,1.0,41869.0,0.1293797320213045,NEW CITY,134.6369632279751
2023,Census Tract 6810,2561.0,17031681000,681000,68,1.0,21411.0,0.1196114146933819,ENGLEWOOD,85.65232306609218
2023,Census Tract 6811,2105.0,17031681100,681100,68,1.0,21411.0,0.0983139507729671,ENGLEWOOD,85.65232306609218
2023,Census Tract 6805,1412.0,17031680500,680500,68,1.0,21411.0,0.0659474102097052,ENGLEWOOD,85.65232306609218
2023,Census Tract 6809,3307.0,17031680900,680900,68,1.0,21411.0,0.1544533183877446,ENGLEWOOD,85.65232306609218
2023,Census Tract 7201,3329.0,17031720100,720100,72,1.0,19570.0,0.1701073071027082,BEVERLY,88.7793639211539
2023,Census Tract 7202,4161.0,17031720200,720200,72,1.0,19570.0,0.2126213592233009,BEVERLY,88.7793639211539
2023,Census Tract 7203,3434.0,17031720300,720300,72,1.0,19570.0,0.1754726622381195,BEVERLY,88.7793639211539
2023,Census Tract 7204,1835.0,17031720400,720400,72,1.0,19570.0,0.0937659683188553,BEVERLY,88.7793639211539
2023,Census Tract 7205,1888.0,17031720500,720500,72,1.0,19570.0,0.0964741951967296,BEVERLY,88.7793639211539
2023,Census Tract 7206,1930.0,17031720600,720600,72,1.0,19570.0,0.0986203372508942,BEVERLY,88.7793639211539
2023,Census Tract 7207,2993.0,17031720700,720700,72,1.0,19570.0,0.1529381706693919,BEVERLY,88.7793639211539
2023,Census Tract 406,2725.0,17031040600,40600,4,1.0,41673.0,0.0653900607107719,LINCOLN SQUARE,71.35232822594875
2023,Census Tract 407,3626.0,17031040700,40700,4,1.0,41673.0,0.0870107743622969,LINCOLN SQUARE,71.35232822594875
2023,Census Tract 408,1535.0,17031040800,40800,4,1.0,41673.0,0.036834401171022,LINCOLN SQUARE,71.35232822594875
2023,Census Tract 3801,1896.0,17031380100,380100,38,1.0,26345.0,0.0719681153919149,GRAND BOULEVARD,48.49250314605212
2023,Census Tract 3802,1798.0,17031380200,380200,38,1.0,26345.0,0.0682482444486619,GRAND BOULEVARD,48.49250314605212
2023,Census Tract 4312,2593.0,17031431200,431200,43,1.0,53673.0,0.04831106888007,SOUTH SHORE,81.81271638009841
2023,Census Tract 4314,6778.0,17031431400,431400,43,1.0,53673.0,0.1262832336556555,SOUTH SHORE,81.81271638009841
2023,Census Tract 501,2277.0,17031050100,50100,5,1.0,35408.0,0.0643075011296882,NORTH CENTER,57.05416783863191
2023,Census Tract 6108,1572.0,17031610800,610800,61,1.0,41869.0,0.0375456781867252,NEW CITY,134.6369632279751
2023,Census Tract 6113,3567.0,17031611300,611300,61,1.0,41869.0,0.0851942964962143,NEW CITY,134.6369632279751
2023,Census Tract 6114,3939.0,17031611400,611400,61,1.0,41869.0,0.0940791516396379,NEW CITY,134.6369632279751
2023,Census Tract 6115,3565.0,17031611500,611500,61,1.0,41869.0,0.0851465284578088,NEW CITY,134.6369632279751
2023,Census Tract 6119,1709.0,17031611900,611900,61,1.0,41869.0,0.0408177888175022,NEW CITY,134.6369632279751
2023,Census Tract 6812,2009.0,17031681200,681200,68,1.0,21411.0,0.093830274158143,ENGLEWOOD,85.65232306609218
2023,Census Tract 6912,2019.0,17031691200,691200,69,1.0,29563.0,0.0682948279944525,GREATER GRAND CROSSING,98.85316769023828
2023,Census Tract 6911,3177.0,17031691100,691100,69,1.0,29563.0,0.10746541284714,GREATER GRAND CROSSING,98.85316769023828
2023,Census Tract 7301,2441.0,17031730100,730100,73,1.0,25312.0,0.0964364728192161,WASHINGTON HEIGHTS,79.63575286171745
2023,Census Tract 7303,946.0,17031730300,730300,73,1.0,25312.0,0.0373735777496839,WASHINGTON HEIGHTS,79.63575286171745
2023,Census Tract 7304,3916.0,17031730400,730400,73,1.0,25312.0,0.154709228824273,WASHINGTON HEIGHTS,79.63575286171745
2023,Census Tract 7305,4049.0,17031730500,730500,73,1.0,25312.0,0.1599636536030341,WASHINGTON HEIGHTS,79.63575286171745
2023,Census Tract 7306,3544.0,17031730600,730600,73,1.0,25312.0,0.1400126422250316,WASHINGTON HEIGHTS,79.63575286171745
2023,Census Tract 3812,2064.0,17031381200,381200,38,1.0,26345.0,0.0783450370089201,GRAND BOULEVARD,48.49250314605212
2023,Census Tract 3814,1697.0,17031381400,381400,38,1.0,26345.0,0.0644144999051053,GRAND BOULEVARD,48.49250314605212
2023,Census Tract 3817,0.0,17031381700,381700,38,1.0,26345.0,0.0,GRAND BOULEVARD,48.49250314605212
2023,Census Tract 4403,4654.0,17031440300,440300,44,1.0,30749.0,0.151354515594003,CHATHAM,82.32067029535114
2023,Census Tract 6120,1140.0,17031612000,612000,61,1.0,41869.0,0.0272277818911366,NEW CITY,134.6369632279751
2023,Census Tract 6121,751.0,17031612100,612100,61,1.0,41869.0,0.0179368984212663,NEW CITY,134.6369632279751
2023,Census Tract 6201,5117.0,17031620100,620100,62,1.0,18568.0,0.2755816458423094,WEST ELSDON,32.71109141959873
2023,Census Tract 6202,1974.0,17031620200,620200,62,1.0,18568.0,0.1063119345109866,WEST ELSDON,32.71109141959873
2023,Census Tract 6203,7034.0,17031620300,620300,62,1.0,18568.0,0.3788237828522188,WEST ELSDON,32.71109141959873
2023,Census Tract 6204,4443.0,17031620400,620400,62,1.0,18568.0,0.2392826367944851,WEST ELSDON,32.71109141959873
2023,Census Tract 7307,2133.0,17031730700,730700,73,1.0,25312.0,0.0842683312262958,WASHINGTON HEIGHTS,79.63575286171745
2023,Census Tract 7401,2794.0,17031740100,740100,74,1.0,18553.0,0.1505955910095402,MOUNT GREENWOOD,75.58429000631087
2023,Census Tract 7402,6207.0,17031740200,740200,74,1.0,18553.0,0.3345550584811081,MOUNT GREENWOOD,75.58429000631087
2023,Census Tract 7403,5127.0,17031740300,740300,74,1.0,18553.0,0.2763434484988951,MOUNT GREENWOOD,75.58429000631087
2023,Census Tract 7404,4425.0,17031740400,740400,74,1.0,18553.0,0.2385059020104565,MOUNT GREENWOOD,75.58429000631087
2023,Census Tract 3818,1514.0,17031381800,381800,38,1.0,26345.0,0.0574682102865818,GRAND BOULEVARD,48.49250314605212
2023,Census Tract 3819,1289.0,17031381900,381900,38,1.0,26345.0,0.0489276902638071,GRAND BOULEVARD,48.49250314605212
2023,Census Tract 3901,1757.0,17031390100,390100,39,1.0,18138.0,0.0968684529716617,KENWOOD,29.071741922715727
2023,Census Tract 3902,2185.0,17031390200,390200,39,1.0,18138.0,0.1204653214246333,KENWOOD,29.071741922715727
2023,Census Tract 3903,2495.0,17031390300,390300,39,1.0,18138.0,0.1375565111919726,KENWOOD,29.071741922715727
2023,Census Tract 3904,2563.0,17031390400,390400,39,1.0,18138.0,0.1413055463667438,KENWOOD,29.071741922715727
2023,Census Tract 3905,1693.0,17031390500,390500,39,1.0,18138.0,0.0933399492777594,KENWOOD,29.071741922715727
2023,Census Tract 3906,1829.0,17031390600,390600,39,1.0,18138.0,0.1008380196273018,KENWOOD,29.071741922715727
2023,Census Tract 3907,5616.0,17031390700,390700,39,1.0,18138.0,0.3096261991399272,KENWOOD,29.071741922715727
2023,Census Tract 4406,1606.0,17031440600,440600,44,1.0,30749.0,0.0522293407915704,CHATHAM,82.32067029535114
2023,Census Tract 4409,2602.0,17031440900,440900,44,1.0,30749.0,0.0846206380695307,CHATHAM,82.32067029535114
2023,Census Tract 4407,1455.0,17031440700,440700,44,1.0,30749.0,0.0473186119873817,CHATHAM,82.32067029535114
2023,Census Tract 4408,1794.0,17031440800,440800,44,1.0,30749.0,0.0583433607596995,CHATHAM,82.32067029535114
2023,Census Tract 6303,5332.0,17031630300,630300,63,1.0,35691.0,0.1493934044997338,GAGE PARK,61.28489610145672
2023,Census Tract 6305,5945.0,17031630500,630500,63,1.0,35691.0,0.1665686027289793,GAGE PARK,61.28489610145672
2023,Census Tract 6308,6142.0,17031630800,630800,63,1.0,35691.0,0.1720882015073828,GAGE PARK,61.28489610145672
2023,Census Tract 6309,4653.0,17031630900,630900,63,1.0,35691.0,0.1303690005883836,GAGE PARK,61.28489610145672
2023,Census Tract 6401,1471.0,17031640100,640100,64,1.0,24924.0,0.0590194190338629,CLEARING,71.14519236904174
2023,Census Tract 6403,6770.0,17031640300,640300,64,1.0,24924.0,0.2716257422564596,CLEARING,71.14519236904174
2023,Census Tract 7501,3400.0,17031750100,750100,75,1.0,21318.0,0.1594896331738437,MORGAN PARK,91.877340681314
2023,Census Tract 7502,3230.0,17031750200,750200,75,1.0,21318.0,0.1515151515151515,MORGAN PARK,91.877340681314
2023,Census Tract 7503,2590.0,17031750300,750300,75,1.0,21318.0,0.1214935735059574,MORGAN PARK,91.877340681314
2023,Census Tract 7504,3036.0,17031750400,750400,75,1.0,21318.0,0.1424148606811145,MORGAN PARK,91.877340681314
2023,Census Tract 7505,5402.0,17031750500,750500,75,1.0,21318.0,0.253400881883854,MORGAN PARK,91.877340681314
2023,Census Tract 2827,2221.0,17031282700,282700,28,1.0,66084.0,0.0336087403910174,NEAR WEST SIDE,158.49246652347665
2023,Census Tract 2828,1669.0,17031282800,282800,28,1.0,66084.0,0.0252557351249924,NEAR WEST SIDE,158.49246652347665
2023,Census Tract 4003,1291.0,17031400300,400300,40,1.0,13111.0,0.0984669361604759,WASHINGTON PARK,42.37388147613499
2023,Census Tract 4005,2895.0,17031400500,400500,40,1.0,13111.0,0.2208069559911524,WASHINGTON PARK,42.37388147613499
2023,Census Tract 4008,3384.0,17031400800,400800,40,1.0,13111.0,0.2581038822362901,WASHINGTON PARK,42.37388147613499
2023,Census Tract 4101,2192.0,17031410100,410100,41,1.0,29591.0,0.074076577337704,HYDE PARK,45.10538016450888
2023,Census Tract 4105,3267.0,17031410500,410500,41,1.0,29591.0,0.110405190767463,HYDE PARK,45.10538016450888
2023,Census Tract 4106,2378.0,17031410600,410600,41,1.0,29591.0,0.0803622723125274,HYDE PARK,45.10538016450888
2023,Census Tract 4601,2405.0,17031460100,460100,46,1.0,29381.0,0.0818556209795446,SOUTH CHICAGO,93.2721849914544
2023,Census Tract 4503,3217.0,17031450300,450300,45,1.0,9481.0,0.3393101993460605,AVALON PARK,34.852737729948345
2023,Census Tract 4602,2146.0,17031460200,460200,46,1.0,29381.0,0.0730404002586705,SOUTH CHICAGO,93.2721849914544
2023,Census Tract 6404,3353.0,17031640400,640400,64,1.0,24924.0,0.1345289680629112,CLEARING,71.14519236904174
2023,Census Tract 6405,4162.0,17031640500,640500,64,1.0,24924.0,0.1669876424329963,CLEARING,71.14519236904174
2023,Census Tract 6406,4387.0,17031640600,640600,64,1.0,24924.0,0.1760150858610175,CLEARING,71.14519236904174
2023,Census Tract 6407,3325.0,17031640700,640700,64,1.0,24924.0,0.1334055528807575,CLEARING,71.14519236904174
2023,Census Tract 6408,1456.0,17031640800,640800,64,1.0,24924.0,0.0584175894719948,CLEARING,71.14519236904174
2023,Census Tract 6501,4263.0,17031650100,650100,65,1.0,32649.0,0.1305706147202058,WEST LAWN,82.3153016672832
2023,Census Tract 6502,6748.0,17031650200,650200,65,1.0,32649.0,0.2066832062237741,WEST LAWN,82.3153016672832
2023,Census Tract 7506,3660.0,17031750600,750600,75,1.0,21318.0,0.1716858992400788,MORGAN PARK,91.877340681314
2023,Census Tract 2831,2684.0,17031283100,283100,28,1.0,66084.0,0.0406149748804551,NEAR WEST SIDE,158.49246652347665
2023,Census Tract 2838,3573.0,17031283800,283800,28,1.0,66084.0,0.0540675503904122,NEAR WEST SIDE,158.49246652347665
2023,Census Tract 4107,2623.0,17031410700,410700,41,1.0,29591.0,0.088641816768612,HYDE PARK,45.10538016450888
2023,Census Tract 4108,2768.0,17031410800,410800,41,1.0,29591.0,0.093541955324254,HYDE PARK,45.10538016450888
2023,Census Tract 4109,3689.0,17031410900,410900,41,1.0,29591.0,0.1246662836673312,HYDE PARK,45.10538016450888
2023,Census Tract 4110,4051.0,17031411000,411000,41,1.0,29591.0,0.1368997330269338,HYDE PARK,45.10538016450888
2023,Census Tract 4111,2304.0,17031411100,411100,41,1.0,29591.0,0.0778615119461998,HYDE PARK,45.10538016450888
2023,Census Tract 4112,1662.0,17031411200,411200,41,1.0,29591.0,0.0561657260653577,HYDE PARK,45.10538016450888
2023,Census Tract 4604,3948.0,17031460400,460400,46,1.0,29381.0,0.1343725536911609,SOUTH CHICAGO,93.2721849914544
2023,Census Tract 4605,5615.0,17031460500,460500,46,1.0,29381.0,0.1911099009564004,SOUTH CHICAGO,93.2721849914544
2023,Census Tract 4610,1212.0,17031461000,461000,46,1.0,29381.0,0.0412511487015418,SOUTH CHICAGO,93.2721849914544
2023,Census Tract 4201,1586.0,17031420100,420100,42,1.0,24628.0,0.0643982458989767,WOODLAWN,57.81517950095547
2023,Census Tract 4202,1968.0,17031420200,420200,42,1.0,24628.0,0.0799090466136105,WOODLAWN,57.81517950095547
2023,Census Tract 4204,1442.0,17031420400,420400,42,1.0,24628.0,0.0585512424882247,WOODLAWN,57.81517950095547
2023,Census Tract 4207,2363.0,17031420700,420700,42,1.0,24628.0,0.095947701802826,WOODLAWN,57.81517950095547
2023,Census Tract 4208,2275.0,17031420800,420800,42,1.0,24628.0,0.0923745330518109,WOODLAWN,57.81517950095547
2023,Census Tract 4701,2148.0,17031470100,470100,47,1.0,2148.0,1.0,BURNSIDE,16.995983270423185
2023,Census Tract 4801,2099.0,17031480100,480100,48,1.0,11645.0,0.1802490339201373,CALUMET HEIGHTS,48.82624155505823
2023,Census Tract 4802,1013.0,17031480200,480200,48,1.0,11645.0,0.08699012451696,CALUMET HEIGHTS,48.82624155505823
2023,Census Tract 4803,1123.0,17031480300,480300,48,1.0,11645.0,0.0964362387290682,CALUMET HEIGHTS,48.82624155505823
2023,Census Tract 4804,4599.0,17031480400,480400,48,1.0,11645.0,0.3949334478316874,CALUMET HEIGHTS,48.82624155505823
2023,Census Tract 6504,7023.0,17031650400,650400,65,1.0,32649.0,0.2151061288247726,WEST LAWN,82.3153016672832
2023,Census Tract 6505,4048.0,17031650500,650500,65,1.0,32649.0,0.1239854206866979,WEST LAWN,82.3153016672832
2023,Census Tract 6604,5375.0,17031660400,660400,66,1.0,53460.0,0.1005424616535727,CHICAGO LAWN,98.27946509626284
2023,Census Tract 2909,4267.0,17031290900,290900,29,1.0,31244.0,0.1365702214825246,NORTH LAWNDALE,89.48742200680012
2023,Census Tract 2912,1532.0,17031291200,291200,29,1.0,31244.0,0.0490334144155677,NORTH LAWNDALE,89.48742200680012
2023,Census Tract 4212,1865.0,17031421200,421200,42,1.0,24628.0,0.0757268150073087,WOODLAWN,57.81517950095547
2023,Census Tract 2715,1515.0,17031271500,271500,27,1.0,20526.0,0.0738088278281204,EAST GARFIELD PARK,53.88322083574582
2023,Census Tract 2922,2488.0,17031292200,292200,29,1.0,31244.0,0.0796312892075278,NORTH LAWNDALE,89.48742200680012
2023,Census Tract 2924,1787.0,17031292400,292400,29,1.0,31244.0,0.0571949814364357,NORTH LAWNDALE,89.48742200680012
2023,Census Tract 2925,3450.0,17031292500,292500,29,1.0,31244.0,0.1104212008705671,NORTH LAWNDALE,89.48742200680012
2023,Census Tract 2718,793.0,17031271800,271800,27,1.0,20526.0,0.0386339277014518,EAST GARFIELD PARK,53.88322083574582
2023,Census Tract 2801,7867.0,17031280100,280100,28,1.0,66084.0,0.1190454572967738,NEAR WEST SIDE,158.49246652347665
2023,Census Tract 2804,1268.0,17031280400,280400,28,1.0,66084.0,0.0191877005023908,NEAR WEST SIDE,158.49246652347665
2023,Census Tract 3006,2906.0,17031300600,300600,30,1.0,68798.0,0.0422395999883717,SOUTH LAWNDALE,127.99829784190968
2023,Census Tract 3007,4799.0,17031300700,300700,30,1.0,68798.0,0.0697549347364749,SOUTH LAWNDALE,127.99829784190968
2023,Census Tract 3011,2454.0,17031301100,301100,30,1.0,68798.0,0.0356696415593476,SOUTH LAWNDALE,127.99829784190968
2023,Census Tract 3012,4877.0,17031301200,301200,30,1.0,68798.0,0.0708886886246693,SOUTH LAWNDALE,127.99829784190968
2023,Census Tract 4805,2811.0,17031480500,480500,48,1.0,11645.0,0.2413911550021468,CALUMET HEIGHTS,48.82624155505823
2023,Census Tract 4905,1758.0,17031490500,490500,49,1.0,36700.0,0.0479019073569482,ROSELAND,134.31370670490057
2023,Census Tract 5202,3224.0,17031520200,520200,52,1.0,22793.0,0.141446935462642,EAST SIDE,83.24172803329057
2023,Census Tract 5203,6009.0,17031520300,520300,52,1.0,22793.0,0.2636335717106129,EAST SIDE,83.24172803329057
2023,Census Tract 5204,3739.0,17031520400,520400,52,1.0,22793.0,0.1640415917167551,EAST SIDE,83.24172803329057
2023,Census Tract 5205,5144.0,17031520500,520500,52,1.0,22793.0,0.2256833238274909,EAST SIDE,83.24172803329057
2023,Census Tract 5206,2616.0,17031520600,520600,52,1.0,22793.0,0.1147720791471065,EAST SIDE,83.24172803329057
2023,Census Tract 6605,5217.0,17031660500,660500,66,1.0,53460.0,0.0975869809203142,CHICAGO LAWN,98.27946509626284
2023,Census Tract 6606,5514.0,17031660600,660600,66,1.0,53460.0,0.1031425364758698,CHICAGO LAWN,98.27946509626284
2023,Census Tract 6607,1726.0,17031660700,660700,66,1.0,53460.0,0.03228582117471,CHICAGO LAWN,98.27946509626284
2023,Census Tract 6608,6022.0,17031660800,660800,66,1.0,53460.0,0.1126449682005237,CHICAGO LAWN,98.27946509626284
2023,Census Tract 6609,5315.0,17031660900,660900,66,1.0,53460.0,0.0994201271979049,CHICAGO LAWN,98.27946509626284
2023,Census Tract 6610,5085.0,17031661000,661000,66,1.0,53460.0,0.0951178451178451,CHICAGO LAWN,98.27946509626284
2023,Census Tract 2809,1173.0,17031280900,280900,28,1.0,66084.0,0.0177501361903032,NEAR WEST SIDE,158.49246652347665
2023,Census Tract 3016,3481.0,17031301600,301600,30,1.0,68798.0,0.0505974010872409,SOUTH LAWNDALE,127.99829784190968
2023,Census Tract 4906,1326.0,17031490600,490600,49,1.0,36700.0,0.0361307901907356,ROSELAND,134.31370670490057
2023,Census Tract 4907,2298.0,17031490700,490700,49,1.0,36700.0,0.0626158038147138,ROSELAND,134.31370670490057
2023,Census Tract 4908,3398.0,17031490800,490800,49,1.0,36700.0,0.0925885558583106,ROSELAND,134.31370670490057
2023,Census Tract 4910,3576.0,17031491000,491000,49,1.0,36700.0,0.0974386920980926,ROSELAND,134.31370670490057
2023,Census Tract 4911,4143.0,17031491100,491100,49,1.0,36700.0,0.1128882833787466,ROSELAND,134.31370670490057
2023,Census Tract 5302,4082.0,17031530200,530200,53,1.0,24470.0,0.1668165100122599,WEST PULLMAN,99.36519806341394
2023,Census Tract 5303,3459.0,17031530300,530300,53,1.0,24470.0,0.1413567633837351,WEST PULLMAN,99.36519806341394
2023,Census Tract 5304,2343.0,17031530400,530400,53,1.0,24470.0,0.0957498978340825,WEST PULLMAN,99.36519806341394
2023,Census Tract 5306,2151.0,17031530600,530600,53,1.0,24470.0,0.0879035553739272,WEST PULLMAN,99.36519806341394
2023,Census Tract 5601,1250.0,17031560100,560100,56,1.0,36426.0,0.0343161478065118,GARFIELD RIDGE,117.89077840626808
2023,Census Tract 6702,1319.0,17031670200,670200,67,1.0,26729.0,0.0493471510344569,WEST ENGLEWOOD,87.94769193108257
2023,Census Tract 6703,1371.0,17031670300,670300,67,1.0,26729.0,0.051292603539227,WEST ENGLEWOOD,87.94769193108257
2023,Census Tract 6704,1478.0,17031670400,670400,67,1.0,26729.0,0.0552957461932732,WEST ENGLEWOOD,87.94769193108257
2023,Census Tract 6611,7195.0,17031661100,661100,66,1.0,53460.0,0.134586606808829,CHICAGO LAWN,98.27946509626284
2023,Census Tract 6701,1434.0,17031670100,670100,67,1.0,26729.0,0.0536495940738523,WEST ENGLEWOOD,87.94769193108257
2023,Census Tract 6706,1311.0,17031670600,670600,67,1.0,26729.0,0.0490478506491077,WEST ENGLEWOOD,87.94769193108257
2023,Census Tract 6707,942.0,17031670700,670700,67,1.0,26729.0,0.0352426203748737,WEST ENGLEWOOD,87.94769193108257
2023,Census Tract 6708,1121.0,17031670800,670800,67,1.0,26729.0,0.0419394664970631,WEST ENGLEWOOD,87.94769193108257
2023,Census Tract 6709,1110.0,17031670900,670900,67,1.0,26729.0,0.0415279284672079,WEST ENGLEWOOD,87.94769193108257
2023,Census Tract 2609,1162.0,17031260900,260900,26,1.0,15619.0,0.0743965682822203,WEST GARFIELD PARK,36.09284880796031
2023,Census Tract 2610,2143.0,17031261000,261000,26,1.0,15619.0,0.1372046865996542,WEST GARFIELD PARK,36.09284880796031
2023,Census Tract 2819,6709.0,17031281900,281900,28,1.0,66084.0,0.1015223049452212,NEAR WEST SIDE,158.49246652347665
2023,Census Tract 3102,1672.0,17031310200,310200,31,1.0,33279.0,0.0502418942876889,LOWER WEST SIDE,81.55072362189355
2023,Census Tract 3103,1748.0,17031310300,310300,31,1.0,33279.0,0.0525256167553111,LOWER WEST SIDE,81.55072362189355
2023,Census Tract 3104,1462.0,17031310400,310400,31,1.0,33279.0,0.0439316085218906,LOWER WEST SIDE,81.55072362189355
2023,Census Tract 3105,1645.0,17031310500,310500,31,1.0,33279.0,0.0494305718320863,LOWER WEST SIDE,81.55072362189355
2023,Census Tract 4912,1732.0,17031491200,491200,49,1.0,36700.0,0.0471934604904632,ROSELAND,134.31370670490057
2023,Census Tract 4913,2065.0,17031491300,491300,49,1.0,36700.0,0.056267029972752,ROSELAND,134.31370670490057
2023,Census Tract 4914,2496.0,17031491400,491400,49,1.0,36700.0,0.0680108991825613,ROSELAND,134.31370670490057
2023,Census Tract 5001,3066.0,17031500100,500100,50,1.0,6741.0,0.454828660436137,PULLMAN,59.00155559069487
2023,Census Tract 5002,1862.0,17031500200,500200,50,1.0,6741.0,0.2762201453790239,PULLMAN,59.00155559069487
2023,Census Tract 5003,1813.0,17031500300,500300,50,1.0,6741.0,0.268951194184839,PULLMAN,59.00155559069487
2023,Census Tract 5602,1683.0,17031560200,560200,56,1.0,36426.0,0.0462032614066875,GARFIELD RIDGE,117.89077840626808
2023,Census Tract 5603,3399.0,17031560300,560300,56,1.0,36426.0,0.0933124691154669,GARFIELD RIDGE,117.89077840626808
2023,Census Tract 5607,3836.0,17031560700,560700,56,1.0,36426.0,0.1053093943886235,GARFIELD RIDGE,117.89077840626808
2023,Census Tract 5608,5871.0,17031560800,560800,56,1.0,36426.0,0.1611760830176247,GARFIELD RIDGE,117.89077840626808
2023,Census Tract 5609,5120.0,17031560900,560900,56,1.0,36426.0,0.1405589414154724,GARFIELD RIDGE,117.89077840626808
2023,Census Tract 5610,5749.0,17031561000,561000,56,1.0,36426.0,0.1578268269917092,GARFIELD RIDGE,117.89077840626808
2023,Census Tract 301.01,3356.0,17031030101,30101,77,1.0,56146.0,0.0597727353685035,EDGEWATER,48.449990830225794
2023,Census Tract 307.01,1525.0,17031030701,30701,77,1.0,56146.0,0.02716132939123,EDGEWATER,48.449990830225794
2023,Census Tract 701.03,1449.0,17031070103,70103,7,1.0,67831.0,0.0213619141690377,LINCOLN PARK,88.31640045539218
2023,Census Tract 8319,2874.0,17031831900,831900,6,1.0,101163.0,0.0284095963939384,LAKE VIEW,87.21479925558447
2023,Census Tract 8326,4247.0,17031832600,832600,7,1.0,67831.0,0.0626114903215344,LINCOLN PARK,88.31640045539218
2023,Census Tract 8369,2237.0,17031836900,836900,27,1.0,20526.0,0.108983727954789,EAST GARFIELD PARK,53.88322083574582
2023,Census Tract 8412,4516.0,17031841200,841200,31,1.0,33279.0,0.1357011929444995,LOWER WEST SIDE,81.55072362189355
2023,Census Tract 8395,1770.0,17031839500,839500,35,1.0,21756.0,0.0813568670711527,DOUGLAS,46.004621149279
2023,Census Tract 8358,2093.0,17031835800,835800,38,1.0,26345.0,0.0794458151451888,GRAND BOULEVARD,48.49250314605212
2023,Census Tract 8388,2992.0,17031838800,838800,51,1.0,14210.0,0.2105559465165376,SOUTH DEERING,303.79705960132867
2023,Census Tract 8423,3406.0,17031842300,842300,24,1.0,86596.0,0.0393320707653933,WEST TOWN,127.56290457232984
2023,Census Tract 8419,6253.0,17031841900,841900,28,1.0,66084.0,0.0946219962472005,NEAR WEST SIDE,158.49246652347665
2023,Census Tract 8432,2131.0,17031843200,843200,31,1.0,33279.0,0.0640343760329336,LOWER WEST SIDE,81.55072362189355
2023,Census Tract 8434,1208.0,17031843400,843400,29,1.0,31244.0,0.0386634233772884,NORTH LAWNDALE,89.48742200680012
2023,Census Tract 8426,4587.0,17031842600,842600,61,1.0,41869.0,0.1095559960830208,NEW CITY,134.6369632279751
2023,Census Tract 3018.03,3264.0,17031301803,301803,30,1.0,68798.0,0.0474432396290589,SOUTH LAWNDALE,127.99829784190968
2023,Census Tract 103,6311.0,17031010300,10300,1,1.0,54388.0,0.1160366257262631,ROGERS PARK,51.25990244057384
2023,Census Tract 104,4282.0,17031010400,10400,1,1.0,54388.0,0.0787306023387511,ROGERS PARK,51.25990244057384
2023,Census Tract 106,6708.0,17031010600,10600,1,1.0,54388.0,0.1233360300066191,ROGERS PARK,51.25990244057384
2023,Census Tract 201,4066.0,17031020100,20100,2,1.0,78227.0,0.0519769389085609,WEST RIDGE,98.4290948429624
2023,Census Tract 2808,1036.0,17031280800,280800,28,1.0,66084.0,0.0156770171297136,NEAR WEST SIDE,158.49246652347665
2023,Census Tract 4203,2456.0,17031420300,420300,42,1.0,24628.0,0.0997238915056033,WOODLAWN,57.81517950095547
2023,Census Tract 1002,7560.0,17031100200,100200,10,1.0,38566.0,0.196027589068091,NORWOOD PARK,121.95910544621267
2023,Census Tract 202,7231.0,17031020200,20200,2,1.0,78227.0,0.0924361154077236,WEST RIDGE,98.4290948429624
2023,Census Tract 1302,1502.0,17031130200,130200,13,1.0,18742.0,0.0801408601003094,NORTH PARK,70.28870642060181
2023,Census Tract 204,4325.0,17031020400,20400,2,1.0,78227.0,0.0552878162271338,WEST RIDGE,98.4290948429624
2023,Census Tract 802.02,4127.0,17031080202,80202,8,1.0,104712.0,0.0394128657651463,NEAR NORTH SIDE,76.67589595801923
2023,Census Tract 2402,1914.0,17031240200,240200,24,1.0,86596.0,0.022102637535221,WEST TOWN,127.56290457232984
2023,Census Tract 6118,1396.0,17031611800,611800,61,1.0,41869.0,0.033342090807041,NEW CITY,134.6369632279751
2023,Census Tract 602,2179.0,17031060200,60200,6,1.0,101163.0,0.0215394956654112,LAKE VIEW,87.21479925558447
2023,Census Tract 2212,3168.0,17031221200,221200,22,1.0,70872.0,0.0447003047748052,LOGAN SQUARE,100.05756668057336
2023,Census Tract 612,2065.0,17031061200,61200,6,1.0,101163.0,0.0204126014451924,LAKE VIEW,87.21479925558447
2023,Census Tract 302,5536.0,17031030200,30200,77,1.0,56146.0,0.0986000783671143,EDGEWATER,48.449990830225794
2023,Census Tract 303,3298.0,17031030300,30300,77,1.0,56146.0,0.0587397143162469,EDGEWATER,48.449990830225794
2023,Census Tract 304,2870.0,17031030400,30400,77,1.0,56146.0,0.0511167313789049,EDGEWATER,48.449990830225794
2023,Census Tract 309,2976.0,17031030900,30900,77,1.0,56146.0,0.0530046664054429,EDGEWATER,48.449990830225794
2023,Census Tract 310,3797.0,17031031000,31000,3,1.0,57331.0,0.066229439570215,UPTOWN,65.09564271609112
2023,Census Tract 6006,2701.0,17031600600,600600,60,1.0,33123.0,0.0815445460858014,BRIDGEPORT,58.29151926539481
2023,Census Tract 4206,2590.0,17031420600,420600,42,1.0,24628.0,0.1051648530128309,WOODLAWN,57.81517950095547
2023,Census Tract 1101,5763.0,17031110100,110100,11,1.0,26643.0,0.2163044702173178,JEFFERSON PARK,64.86816166921948
2023,Census Tract 314,4771.0,17031031400,31400,3,1.0,57331.0,0.0832185030786136,UPTOWN,65.09564271609112
2023,Census Tract 409,2009.0,17031040900,40900,4,1.0,41673.0,0.0482086722818131,LINCOLN SQUARE,71.35232822594875
2023,Census Tract 502,5373.0,17031050200,50200,5,1.0,35408.0,0.1517453682783551,NORTH CENTER,57.05416783863191
2023,Census Tract 503,2725.0,17031050300,50300,5,1.0,35408.0,0.0769600090375056,NORTH CENTER,57.05416783863191
2023,Census Tract 717,1564.0,17031071700,71700,7,1.0,67831.0,0.0230573041824534,LINCOLN PARK,88.31640045539218
2023,Census Tract 318,1980.0,17031031800,31800,3,1.0,57331.0,0.0345362892675864,UPTOWN,65.09564271609112
2023,Census Tract 317,6139.0,17031031700,31700,3,1.0,57331.0,0.1070799392998552,UPTOWN,65.09564271609112
2023,Census Tract 6104,2034.0,17031610400,610400,61,1.0,41869.0,0.0485800950583964,NEW CITY,134.6369632279751
2023,Census Tract 506,2286.0,17031050600,50600,5,1.0,35408.0,0.0645616809760506,NORTH CENTER,57.05416783863191
2023,Census Tract 505,5134.0,17031050500,50500,5,1.0,35408.0,0.1449954812471758,NORTH CENTER,57.05416783863191
2023,Census Tract 716,1814.0,17031071600,71600,7,1.0,67831.0,0.0267429346464006,LINCOLN PARK,88.31640045539218
2023,Census Tract 6714,1507.0,17031671400,671400,67,1.0,26729.0,0.0563807100901642,WEST ENGLEWOOD,87.94769193108257
2023,Census Tract 623,1567.0,17031062300,62300,6,1.0,101163.0,0.0154898530094995,LAKE VIEW,87.21479925558447
2023,Census Tract 6304,6390.0,17031630400,630400,63,1.0,35691.0,0.1790367319492309,GAGE PARK,61.28489610145672
2023,Census Tract 101,3726.0,17031010100,10100,1,1.0,54388.0,0.0685077590644995,ROGERS PARK,51.25990244057384
2023,Census Tract 6806,996.0,17031680600,680600,68,1.0,21411.0,0.0465181448788006,ENGLEWOOD,85.65232306609218
2023,Census Tract 305,6439.0,17031030500,30500,77,1.0,56146.0,0.1146831475082819,EDGEWATER,48.449990830225794
2023,Census Tract 205,6796.0,17031020500,20500,2,1.0,78227.0,0.0868753755097345,WEST RIDGE,98.4290948429624
2023,Census Tract 813,5768.0,17031081300,81300,8,1.0,104712.0,0.0550844220337688,NEAR NORTH SIDE,76.67589595801923
2023,Census Tract 810,8442.0,17031081000,81000,8,1.0,104712.0,0.0806211322484529,NEAR NORTH SIDE,76.67589595801923
2023,Census Tract 1301,4765.0,17031130100,130100,13,1.0,18742.0,0.2542418098388646,NORTH PARK,70.28870642060181
2023,Census Tract 1702,3657.0,17031170200,170200,17,1.0,41816.0,0.0874545628467572,DUNNING,103.5950011545707
2023,Census Tract 1703,5039.0,17031170300,170300,17,1.0,41816.0,0.120504113258083,DUNNING,103.5950011545707
2023,Census Tract 1704,3963.0,17031170400,170400,17,1.0,41816.0,0.0947723359479625,DUNNING,103.5950011545707
2023,Census Tract 1705,5000.0,17031170500,170500,17,1.0,41816.0,0.119571455902047,DUNNING,103.5950011545707
2023,Census Tract 1706,2566.0,17031170600,170600,17,1.0,41816.0,0.0613640711689305,DUNNING,103.5950011545707
2023,Census Tract 1707,3276.0,17031170700,170700,17,1.0,41816.0,0.0783432179070212,DUNNING,103.5950011545707
2023,Census Tract 1708,4016.0,17031170800,170800,17,1.0,41816.0,0.0960397933805242,DUNNING,103.5950011545707
2023,Census Tract 2514,3269.0,17031251400,251400,25,1.0,98882.0,0.0330596063995469,AUSTIN,199.25420338818205
2023,Census Tract 2603,1615.0,17031260300,260300,26,1.0,15619.0,0.1033997054869069,WEST GARFIELD PARK,36.09284880796031
2023,Census Tract 2605,1594.0,17031260500,260500,26,1.0,15619.0,0.1020551891926499,WEST GARFIELD PARK,36.09284880796031
2023,Census Tract 2606,2115.0,17031260600,260600,26,1.0,15619.0,0.1354119982073116,WEST GARFIELD PARK,36.09284880796031
2023,Census Tract 2607,1216.0,17031260700,260700,26,1.0,15619.0,0.077853895896024,WEST GARFIELD PARK,36.09284880796031
2023,Census Tract 2608,1782.0,17031260800,260800,26,1.0,15619.0,0.1140918112555221,WEST GARFIELD PARK,36.09284880796031
2023,Census Tract 507,1484.0,17031050700,50700,5,1.0,35408.0,0.0419114324446452,NORTH CENTER,57.05416783863191
2023,Census Tract 509,1542.0,17031050900,50900,5,1.0,35408.0,0.0435494803434252,NORTH CENTER,57.05416783863191
2023,Census Tract 510,1665.0,17031051000,51000,5,1.0,35408.0,0.0470232715770447,NORTH CENTER,57.05416783863191
2023,Census Tract 511,1864.0,17031051100,51100,5,1.0,35408.0,0.052643470402169,NORTH CENTER,57.05416783863191
2023,Census Tract 512,1565.0,17031051200,51200,5,1.0,35408.0,0.0441990510619069,NORTH CENTER,57.05416783863191
2023,Census Tract 1709,1922.0,17031170900,170900,17,1.0,41816.0,0.0459632676487468,DUNNING,103.5950011545707
2023,Census Tract 1710,6274.0,17031171000,171000,17,1.0,41816.0,0.1500382628658886,DUNNING,103.5950011545707
2023,Census Tract 1711,4144.0,17031171100,171100,17,1.0,41816.0,0.0991008226516166,DUNNING,103.5950011545707
2023,Census Tract 1801,6875.0,17031180100,180100,18,1.0,14084.0,0.4881425731326327,MONTCLARE,27.57639362717424
2023,Census Tract 1901,2403.0,17031190100,190100,19,1.0,72918.0,0.0329548259688965,BELMONT CRAGIN,109.09941466771691
2023,Census Tract 2222,2183.0,17031222200,222200,22,1.0,70872.0,0.0308020092561237,LOGAN SQUARE,100.05756668057336
2023,Census Tract 2225,1374.0,17031222500,222500,22,1.0,70872.0,0.0193870640027091,LOGAN SQUARE,100.05756668057336
2023,Census Tract 2226,1552.0,17031222600,222600,22,1.0,70872.0,0.0218986341573541,LOGAN SQUARE,100.05756668057336
2023,Census Tract 2515,4526.0,17031251500,251500,25,1.0,98882.0,0.0457717279181246,AUSTIN,199.25420338818205
2023,Census Tract 2516,4418.0,17031251600,251600,25,1.0,98882.0,0.0446795170000606,AUSTIN,199.25420338818205
2023,Census Tract 2517,1188.0,17031251700,251700,25,1.0,98882.0,0.0120143200987035,AUSTIN,199.25420338818205
2023,Census Tract 2518,5641.0,17031251800,251800,25,1.0,98882.0,0.0570477943407293,AUSTIN,199.25420338818205
2023,Census Tract 2519,5355.0,17031251900,251900,25,1.0,98882.0,0.0541554580206711,AUSTIN,199.25420338818205
2023,Census Tract 2520,5787.0,17031252000,252000,25,1.0,98882.0,0.0585243016929269,AUSTIN,199.25420338818205
2023,Census Tract 1303,4930.0,17031130300,130300,13,1.0,18742.0,0.2630455661082062,NORTH PARK,70.28870642060181
2023,Census Tract 1902,5753.0,17031190200,190200,19,1.0,72918.0,0.078896843029156,BELMONT CRAGIN,109.09941466771691
2023,Census Tract 1903,5609.0,17031190300,190300,19,1.0,72918.0,0.076922021997312,BELMONT CRAGIN,109.09941466771691
2023,Census Tract 1908,6326.0,17031190800,190800,19,1.0,72918.0,0.0867549850517019,BELMONT CRAGIN,109.09941466771691
2023,Census Tract 2601,1145.0,17031260100,260100,26,1.0,15619.0,0.0733081503297266,WEST GARFIELD PARK,36.09284880796031
2023,Census Tract 2602,1274.0,17031260200,260200,26,1.0,15619.0,0.081567321851591,WEST GARFIELD PARK,36.09284880796031
2023,Census Tract 5301,1858.0,17031530100,530100,53,1.0,24470.0,0.0759297098487944,WEST PULLMAN,99.36519806341394
2023,Census Tract 618,1144.0,17031061800,61800,6,1.0,101163.0,0.0113084823502664,LAKE VIEW,87.21479925558447
2023,Census Tract 4102,1157.0,17031410200,410200,41,1.0,29591.0,0.039099726268122,HYDE PARK,45.10538016450888
2023,Census Tract 2229,1056.0,17031222900,222900,22,1.0,70872.0,0.0149001015916017,LOGAN SQUARE,100.05756668057336
2023,Census Tract 2410,1810.0,17031241000,241000,24,1.0,86596.0,0.020901658275209,WEST TOWN,127.56290457232984
2023,Census Tract 1909,1720.0,17031190900,190900,19,1.0,72918.0,0.0235881401025809,BELMONT CRAGIN,109.09941466771691
2023,Census Tract 1912,3767.0,17031191200,191200,19,1.0,72918.0,0.051660769631641,BELMONT CRAGIN,109.09941466771691
2023,Census Tract 2001,3703.0,17031200100,200100,20,1.0,22776.0,0.162583421145065,HERMOSA,32.60205939915233
2023,Census Tract 2002,4634.0,17031200200,200200,20,1.0,22776.0,0.2034597822269055,HERMOSA,32.60205939915233
2023,Census Tract 2003,1821.0,17031200300,200300,20,1.0,22776.0,0.0799525816649104,HERMOSA,32.60205939915233
2023,Census Tract 2227,2120.0,17031222700,222700,22,1.0,70872.0,0.0299130827407156,LOGAN SQUARE,100.05756668057336
2023,Census Tract 2301,1484.0,17031230100,230100,23,1.0,55598.0,0.0266916076117845,HUMBOLDT PARK,100.48087648273764
2023,Census Tract 2302,1897.0,17031230200,230200,23,1.0,55598.0,0.034119932371668,HUMBOLDT PARK,100.48087648273764
2023,Census Tract 2303,1002.0,17031230300,230300,23,1.0,55598.0,0.0180222310155041,HUMBOLDT PARK,100.48087648273764
2023,Census Tract 2304,2206.0,17031230400,230400,23,1.0,55598.0,0.0396776862477067,HUMBOLDT PARK,100.48087648273764
2023,Census Tract 2305,3339.0,17031230500,230500,23,1.0,55598.0,0.0600561171265153,HUMBOLDT PARK,100.48087648273764
2023,Census Tract 3511,2150.0,17031351100,351100,35,1.0,21756.0,0.0988233131090274,DOUGLAS,46.004621149279
2023,Census Tract 6117,1942.0,17031611700,611700,61,1.0,41869.0,0.0463827652917432,NEW CITY,134.6369632279751
2023,Census Tract 3005,3467.0,17031300500,300500,30,1.0,68798.0,0.0503939067996162,SOUTH LAWNDALE,127.99829784190968
2023,Census Tract 3815,680.0,17031381500,381500,38,1.0,26345.0,0.0258113494021636,GRAND BOULEVARD,48.49250314605212
2023,Census Tract 4205,2019.0,17031420500,420500,42,1.0,24628.0,0.0819798603215851,WOODLAWN,57.81517950095547
2023,Census Tract 815,4978.0,17031081500,81500,8,1.0,104712.0,0.0475399190159676,NEAR NORTH SIDE,76.67589595801923
2023,Census Tract 816,4210.0,17031081600,81600,8,1.0,104712.0,0.0402055160822064,NEAR NORTH SIDE,76.67589595801923
2023,Census Tract 817,5211.0,17031081700,81700,8,1.0,104712.0,0.0497650699060279,NEAR NORTH SIDE,76.67589595801923
2023,Census Tract 818,12366.0,17031081800,81800,8,1.0,104712.0,0.1180953472381389,NEAR NORTH SIDE,76.67589595801923
2023,Census Tract 819,1284.0,17031081900,81900,8,1.0,104712.0,0.0122622049048819,NEAR NORTH SIDE,76.67589595801923
2023,Census Tract 2228,951.0,17031222800,222800,22,1.0,70872.0,0.0134185573992549,LOGAN SQUARE,100.05756668057336
2023,Census Tract 508,1411.0,17031050800,50800,5,1.0,35408.0,0.0398497514685946,NORTH CENTER,57.05416783863191
2023,Census Tract 2101,4238.0,17031210100,210100,21,1.0,35489.0,0.119417284228916,AVONDALE,55.29059546222403
2023,Census Tract 2104,2763.0,17031210400,210400,21,1.0,35489.0,0.077855110034095,AVONDALE,55.29059546222403
2023,Census Tract 2307,6020.0,17031230700,230700,23,1.0,55598.0,0.1082772761610129,HUMBOLDT PARK,100.48087648273764
2023,Census Tract 2308,1082.0,17031230800,230800,23,1.0,55598.0,0.0194611316953847,HUMBOLDT PARK,100.48087648273764
2023,Census Tract 2309,4850.0,17031230900,230900,23,1.0,55598.0,0.0872333537177596,HUMBOLDT PARK,100.48087648273764
2023,Census Tract 5502,2720.0,17031550200,550200,55,1.0,8971.0,0.3031991974138892,HEGEWISCH,145.96574140897752
2023,Census Tract 6705,1177.0,17031670500,670500,67,1.0,26729.0,0.0440345691945078,WEST ENGLEWOOD,87.94769193108257
2023,Census Tract 5808,1988.0,17031580800,580800,58,1.0,42062.0,0.0472635633113023,BRIGHTON PARK,75.89279029683405
2023,Census Tract 2306,8313.0,17031230600,230600,23,1.0,55598.0,0.1495197668980898,HUMBOLDT PARK,100.48087648273764
2023,Census Tract 2423,3186.0,17031242300,242300,24,1.0,86596.0,0.0367915377153679,WEST TOWN,127.56290457232984
2023,Census Tract 2422,4070.0,17031242200,242200,24,1.0,86596.0,0.0469998614254699,WEST TOWN,127.56290457232984
2023,Census Tract 321,7122.0,17031032100,32100,3,1.0,57331.0,0.1242259859412883,UPTOWN,65.09564271609112
2023,Census Tract 3008,4177.0,17031300800,300800,30,1.0,68798.0,0.0607139742434373,SOUTH LAWNDALE,127.99829784190968
2023,Census Tract 609,7241.0,17031060900,60900,6,1.0,101163.0,0.0715775530579362,LAKE VIEW,87.21479925558447
2023,Census Tract 610,2221.0,17031061000,61000,6,1.0,101163.0,0.0219546672202287,LAKE VIEW,87.21479925558447
2023,Census Tract 2107,3670.0,17031210700,210700,21,1.0,35489.0,0.1034123249457578,AVONDALE,55.29059546222403
2023,Census Tract 2916,1482.0,17031291600,291600,29,1.0,31244.0,0.047433107156574,NORTH LAWNDALE,89.48742200680012
2023,Census Tract 4004,1962.0,17031400400,400400,40,1.0,13111.0,0.1496453359774235,WASHINGTON PARK,42.37388147613499
2023,Census Tract 1911,6295.0,17031191100,191100,19,1.0,72918.0,0.0863298499684577,BELMONT CRAGIN,109.09941466771691
2023,Census Tract 1201,4104.0,17031120100,120100,12,1.0,19517.0,0.210278218988574,FOREST GLEN,89.13089361873274
2023,Census Tract 6112,2322.0,17031611200,611200,61,1.0,41869.0,0.0554586925887888,NEW CITY,134.6369632279751
2023,Census Tract 3009,3705.0,17031300900,300900,30,1.0,68798.0,0.0538533096892351,SOUTH LAWNDALE,127.99829784190968
2023,Census Tract 611,1368.0,17031061100,61100,6,1.0,101163.0,0.0135227306426262,LAKE VIEW,87.21479925558447
2023,Census Tract 615,1843.0,17031061500,61500,6,1.0,101163.0,0.0182181232268714,LAKE VIEW,87.21479925558447
2023,Census Tract 620,2963.0,17031062000,62000,6,1.0,101163.0,0.0292893646886707,LAKE VIEW,87.21479925558447
2023,Census Tract 621,3602.0,17031062100,62100,6,1.0,101163.0,0.035605903344108,LAKE VIEW,87.21479925558447
2023,Census Tract 622,3226.0,17031062200,62200,6,1.0,101163.0,0.0318891294247897,LAKE VIEW,87.21479925558447
2023,Census Tract 902,6372.0,17031090200,90200,9,1.0,11203.0,0.5687762206551816,EDISON PARK,31.63631378020181
2023,Census Tract 901,3467.0,17031090100,90100,9,1.0,11203.0,0.309470677497099,EDISON PARK,31.63631378020181
2023,Census Tract 2604,1573.0,17031260400,260400,26,1.0,15619.0,0.1007106728983929,WEST GARFIELD PARK,36.09284880796031
2023,Census Tract 3515,916.0,17031351500,351500,35,1.0,21756.0,0.0421033278176135,DOUGLAS,46.004621149279
2023,Census Tract 2108,1063.0,17031210800,210800,21,1.0,35489.0,0.0299529431654878,AVONDALE,55.29059546222403
2023,Census Tract 2109,2938.0,17031210900,210900,21,1.0,35489.0,0.0827862154470399,AVONDALE,55.29059546222403
2023,Census Tract 811,4030.0,17031081100,81100,8,1.0,104712.0,0.0384865153946061,NEAR NORTH SIDE,76.67589595801923
2023,Census Tract 2412,1684.0,17031241200,241200,24,1.0,86596.0,0.0194466257101944,WEST TOWN,127.56290457232984
2023,Census Tract 312,5953.0,17031031200,31200,3,1.0,57331.0,0.1038356212171425,UPTOWN,65.09564271609112
2023,Census Tract 625,1463.0,17031062500,62500,6,1.0,101163.0,0.0144618091594753,LAKE VIEW,87.21479925558447
2023,Census Tract 626,2362.0,17031062600,62600,6,1.0,101163.0,0.0233484574399731,LAKE VIEW,87.21479925558447
2023,Census Tract 627,2898.0,17031062700,62700,6,1.0,101163.0,0.0286468372824056,LAKE VIEW,87.21479925558447
2023,Census Tract 628,3766.0,17031062800,62800,6,1.0,101163.0,0.0372270494153,LAKE VIEW,87.21479925558447
2023,Census Tract 629,4325.0,17031062900,62900,6,1.0,101163.0,0.0427527851091802,LAKE VIEW,87.21479925558447
2023,Census Tract 630,3017.0,17031063000,63000,6,1.0,101163.0,0.0298231566877217,LAKE VIEW,87.21479925558447
2023,Census Tract 624,1763.0,17031062400,62400,6,1.0,101163.0,0.0174273202653143,LAKE VIEW,87.21479925558447
2023,Census Tract 631,2357.0,17031063100,63100,6,1.0,101163.0,0.0232990322548757,LAKE VIEW,87.21479925558447
2023,Census Tract 632,6481.0,17031063200,63200,6,1.0,101163.0,0.0640649249231438,LAKE VIEW,87.21479925558447
2023,Census Tract 634,2395.0,17031063400,63400,6,1.0,101163.0,0.0236746636616154,LAKE VIEW,87.21479925558447
2023,Census Tract 903,1364.0,17031090300,90300,9,1.0,11203.0,0.1217531018477193,EDISON PARK,31.63631378020181
2023,Census Tract 1001,5582.0,17031100100,100100,10,1.0,38566.0,0.1447388891769953,NORWOOD PARK,121.95910544621267
2023,Census Tract 1003,6289.0,17031100300,100300,10,1.0,38566.0,0.1630710988954,NORWOOD PARK,121.95910544621267
2023,Census Tract 1401,3622.0,17031140100,140100,14,1.0,46620.0,0.0776919776919776,ALBANY PARK,53.54223080864773
2023,Census Tract 1402,6528.0,17031140200,140200,14,1.0,46620.0,0.14002574002574,ALBANY PARK,53.54223080864773
2023,Census Tract 1404,5795.0,17031140400,140400,14,1.0,46620.0,0.1243028743028743,ALBANY PARK,53.54223080864773
2023,Census Tract 1405,3080.0,17031140500,140500,14,1.0,46620.0,0.066066066066066,ALBANY PARK,53.54223080864773
2023,Census Tract 2427,1918.0,17031242700,242700,24,1.0,86596.0,0.0221488290452214,WEST TOWN,127.56290457232984
2023,Census Tract 702,3801.0,17031070200,70200,7,1.0,67831.0,0.0560363255738526,LINCOLN PARK,88.31640045539218
2023,Census Tract 703,3618.0,17031070300,70300,7,1.0,67831.0,0.0533384440742433,LINCOLN PARK,88.31640045539218
2023,Census Tract 704,3282.0,17031070400,70400,7,1.0,67831.0,0.0483849567306983,LINCOLN PARK,88.31640045539218
2023,Census Tract 705,3138.0,17031070500,70500,7,1.0,67831.0,0.0462620335834647,LINCOLN PARK,88.31640045539218
2023,Census Tract 706,3316.0,17031070600,70600,7,1.0,67831.0,0.0488862024737951,LINCOLN PARK,88.31640045539218
2023,Census Tract 707,3673.0,17031070700,70700,7,1.0,67831.0,0.0541492827763117,LINCOLN PARK,88.31640045539218
2023,Census Tract 1004,3403.0,17031100400,100400,10,1.0,38566.0,0.0882383446559145,NORWOOD PARK,121.95910544621267
2023,Census Tract 1006,4888.0,17031100600,100600,10,1.0,38566.0,0.1267437639371467,NORWOOD PARK,121.95910544621267
2023,Census Tract 1007,5247.0,17031100700,100700,10,1.0,38566.0,0.1360524814603536,NORWOOD PARK,121.95910544621267
2023,Census Tract 1102,2834.0,17031110200,110200,11,1.0,26643.0,0.1063694028450249,JEFFERSON PARK,64.86816166921948
2023,Census Tract 1502,7056.0,17031150200,150200,15,1.0,61793.0,0.1141876911624294,PORTAGE PARK,110.19609711747748
2023,Census Tract 1503,6952.0,17031150300,150300,15,1.0,61793.0,0.1125046526305568,PORTAGE PARK,110.19609711747748
2023,Census Tract 1408,6219.0,17031140800,140800,14,1.0,46620.0,0.1333976833976834,ALBANY PARK,53.54223080864773
2023,Census Tract 2312,5701.0,17031231200,231200,23,1.0,55598.0,0.1025396596999892,HUMBOLDT PARK,100.48087648273764
2023,Census Tract 2311,1505.0,17031231100,231100,23,1.0,55598.0,0.0270693190402532,HUMBOLDT PARK,100.48087648273764
2023,Census Tract 2424,3183.0,17031242400,242400,24,1.0,86596.0,0.0367568940828675,WEST TOWN,127.56290457232984
2023,Census Tract 2425,3333.0,17031242500,242500,24,1.0,86596.0,0.0384890757078848,WEST TOWN,127.56290457232984
2023,Census Tract 1202,4488.0,17031120200,120200,12,1.0,19517.0,0.229953373981657,FOREST GLEN,89.13089361873274
2023,Census Tract 1203,7093.0,17031120300,120300,12,1.0,19517.0,0.3634267561612953,FOREST GLEN,89.13089361873274
2023,Census Tract 1204,3832.0,17031120400,120400,12,1.0,19517.0,0.1963416508684736,FOREST GLEN,89.13089361873274
2023,Census Tract 2315,6183.0,17031231500,231500,23,1.0,55598.0,0.1112090362962696,HUMBOLDT PARK,100.48087648273764
2023,Census Tract 711,3279.0,17031071100,71100,7,1.0,67831.0,0.0483407291651309,LINCOLN PARK,88.31640045539218
2023,Census Tract 710,4289.0,17031071000,71000,7,1.0,67831.0,0.0632306762394775,LINCOLN PARK,88.31640045539218
2023,Census Tract 712,2696.0,17031071200,71200,7,1.0,67831.0,0.0397458389232062,LINCOLN PARK,88.31640045539218
2023,Census Tract 713,3894.0,17031071300,71300,7,1.0,67831.0,0.057407380106441,LINCOLN PARK,88.31640045539218
2023,Census Tract 1103,5064.0,17031110300,110300,11,1.0,26643.0,0.1900686859587884,JEFFERSON PARK,64.86816166921948
2023,Census Tract 2203,2124.0,17031220300,220300,22,1.0,70872.0,0.0299695225194717,LOGAN SQUARE,100.05756668057336
2023,Census Tract 2204,2622.0,17031220400,220400,22,1.0,70872.0,0.0369962749746021,LOGAN SQUARE,100.05756668057336
2023,Census Tract 2205,2955.0,17031220500,220500,22,1.0,70872.0,0.0416948865560447,LOGAN SQUARE,100.05756668057336
2023,Census Tract 2403,1290.0,17031240300,240300,24,1.0,86596.0,0.0148967619751489,WEST TOWN,127.56290457232984
2023,Census Tract 2405,2487.0,17031240500,240500,24,1.0,86596.0,0.0287195713427871,WEST TOWN,127.56290457232984
2023,Census Tract 604,3664.0,17031060400,60400,6,1.0,101163.0,0.0362187756393147,LAKE VIEW,87.21479925558447
2023,Census Tract 605,1212.0,17031060500,60500,6,1.0,101163.0,0.0119806648675899,LAKE VIEW,87.21479925558447
2023,Census Tract 2408,1573.0,17031240800,240800,24,1.0,86596.0,0.0181648113076816,WEST TOWN,127.56290457232984
2023,Census Tract 2406,1814.0,17031240600,240600,24,1.0,86596.0,0.0209478497852094,WEST TOWN,127.56290457232984
2023,Census Tract 2407,1578.0,17031240700,240700,24,1.0,86596.0,0.0182225506951822,WEST TOWN,127.56290457232984
2023,Census Tract 2409,1112.0,17031240900,240900,24,1.0,86596.0,0.0128412397801284,WEST TOWN,127.56290457232984
2023,Census Tract 2426,5351.0,17031242600,242600,24,1.0,86596.0,0.0617926925031179,WEST TOWN,127.56290457232984
2023,Census Tract 3106,5136.0,17031310600,310600,31,1.0,33279.0,0.1543315604435229,LOWER WEST SIDE,81.55072362189355
2023,Census Tract 3107,1448.0,17031310700,310700,31,1.0,33279.0,0.0435109228041708,LOWER WEST SIDE,81.55072362189355
2023,Census Tract 3108,4294.0,17031310800,310800,31,1.0,33279.0,0.1290303194206556,LOWER WEST SIDE,81.55072362189355
2023,Census Tract 206.02,5175.0,17031020602,20602,2,1.0,78227.0,0.0661536298209058,WEST RIDGE,98.4290948429624
2023,Census Tract 3109,5070.0,17031310900,310900,31,1.0,33279.0,0.152348327774272,LOWER WEST SIDE,81.55072362189355
2023,Census Tract 5101,3659.0,17031510100,510100,51,1.0,14210.0,0.2574947220267417,SOUTH DEERING,303.79705960132867
2023,Census Tract 5102,3138.0,17031510200,510200,51,1.0,14210.0,0.2208304011259676,SOUTH DEERING,303.79705960132867
2023,Census Tract 5611,5770.0,17031561100,561100,56,1.0,36426.0,0.1584033382748586,GARFIELD RIDGE,117.89077840626808
2023,Census Tract 1907.01,2661.0,17031190701,190701,19,1.0,72918.0,0.0364930469842837,BELMONT CRAGIN,109.09941466771691
2023,Census Tract 209.01,6306.0,17031020901,20901,2,1.0,78227.0,0.0806115535556777,WEST RIDGE,98.4290948429624
2023,Census Tract 102.02,2609.0,17031010202,10202,1,1.0,54388.0,0.0479701404721629,ROGERS PARK,51.25990244057384
2023,Census Tract 5701,1358.0,17031570100,570100,57,1.0,14021.0,0.0968547179231153,ARCHER HEIGHTS,55.92250571042751
2023,Census Tract 5702,2082.0,17031570200,570200,57,1.0,14021.0,0.1484915483916981,ARCHER HEIGHTS,55.92250571042751
2023,Census Tract 5703,6061.0,17031570300,570300,57,1.0,14021.0,0.4322801512017687,ARCHER HEIGHTS,55.92250571042751
2023,Census Tract 5704,1784.0,17031570400,570400,57,1.0,14021.0,0.127237714856287,ARCHER HEIGHTS,55.92250571042751
2023,Census Tract 5705,2736.0,17031570500,570500,57,1.0,14021.0,0.1951358676271307,ARCHER HEIGHTS,55.92250571042751
2023,Census Tract 6904,3217.0,17031690400,690400,69,1.0,29563.0,0.1088184555018097,GREATER GRAND CROSSING,98.85316769023828
2023,Census Tract 6913,2465.0,17031691300,691300,69,1.0,29563.0,0.0833812535940195,GREATER GRAND CROSSING,98.85316769023828
2023,Census Tract 6914,2793.0,17031691400,691400,69,1.0,29563.0,0.094476203362311,GREATER GRAND CROSSING,98.85316769023828
2023,Census Tract 6915,1794.0,17031691500,691500,69,1.0,29563.0,0.0606839630619355,GREATER GRAND CROSSING,98.85316769023828
2023,Census Tract 3204,3253.0,17031320400,320400,32,1.0,42181.0,0.0771200303454161,LOOP,46.3355654497116
2023,Census Tract 5801,2227.0,17031580100,580100,58,1.0,42062.0,0.0529456516570776,BRIGHTON PARK,75.89279029683405
2023,Census Tract 5802,3130.0,17031580200,580200,58,1.0,42062.0,0.0744139603442537,BRIGHTON PARK,75.89279029683405
2023,Census Tract 5803,2399.0,17031580300,580300,58,1.0,42062.0,0.0570348533117778,BRIGHTON PARK,75.89279029683405
2023,Census Tract 5804,4730.0,17031580400,580400,58,1.0,42062.0,0.1124530455042556,BRIGHTON PARK,75.89279029683405
2023,Census Tract 5806,5357.0,17031580600,580600,58,1.0,42062.0,0.1273596120013313,BRIGHTON PARK,75.89279029683405
2023,Census Tract 5807,5741.0,17031580700,580700,58,1.0,42062.0,0.1364889924397318,BRIGHTON PARK,75.89279029683405
2023,Census Tract 6813,2103.0,17031681300,681300,68,1.0,21411.0,0.0982205408434916,ENGLEWOOD,85.65232306609218
2023,Census Tract 6814,1826.0,17031681400,681400,68,1.0,21411.0,0.0852832656111344,ENGLEWOOD,85.65232306609218
2023,Census Tract 6903,1974.0,17031690300,690300,69,1.0,29563.0,0.0667726550079491,GREATER GRAND CROSSING,98.85316769023828
2023,Census Tract 6905,807.0,17031690500,690500,69,1.0,29563.0,0.0272976355579609,GREATER GRAND CROSSING,98.85316769023828
2023,Census Tract 6909,3891.0,17031690900,690900,69,1.0,29563.0,0.1316172242329939,GREATER GRAND CROSSING,98.85316769023828
2023,Census Tract 6910,2400.0,17031691000,691000,69,1.0,29563.0,0.0811825592801813,GREATER GRAND CROSSING,98.85316769023828
2023,Census Tract 7001,3819.0,17031700100,700100,70,1.0,42079.0,0.0907578602153093,ASHBURN,135.46033718240324
2023,Census Tract 7002,6914.0,17031700200,700200,70,1.0,42079.0,0.1643099883552365,ASHBURN,135.46033718240324
2023,Census Tract 3206,6064.0,17031320600,320600,32,1.0,42181.0,0.1437614091652639,LOOP,46.3355654497116
2023,Census Tract 3302,4036.0,17031330200,330200,33,1.0,29174.0,0.1383423596352917,NEAR SOUTH SIDE,49.769639444136615
2023,Census Tract 5905,1569.0,17031590500,590500,59,1.0,15443.0,0.1015994301625331,MCKINLEY PARK,39.431799640295466
2023,Census Tract 5906,3739.0,17031590600,590600,59,1.0,15443.0,0.2421161691381208,MCKINLEY PARK,39.431799640295466
2023,Census Tract 6712,754.0,17031671200,671200,67,1.0,26729.0,0.0282090613191664,WEST ENGLEWOOD,87.94769193108257
2023,Census Tract 6711,892.0,17031671100,671100,67,1.0,26729.0,0.0333719929664409,WEST ENGLEWOOD,87.94769193108257
2023,Census Tract 6713,1662.0,17031671300,671300,67,1.0,26729.0,0.0621796550563058,WEST ENGLEWOOD,87.94769193108257
2023,Census Tract 6715,2440.0,17031671500,671500,67,1.0,26729.0,0.09128661753152,WEST ENGLEWOOD,87.94769193108257
2023,Census Tract 6716,1737.0,17031671600,671600,67,1.0,26729.0,0.064985596168955,WEST ENGLEWOOD,87.94769193108257
2023,Census Tract 6718,1222.0,17031671800,671800,67,1.0,26729.0,0.0457181338620973,WEST ENGLEWOOD,87.94769193108257
2023,Census Tract 6719,1070.0,17031671900,671900,67,1.0,26729.0,0.0400314265404616,WEST ENGLEWOOD,87.94769193108257
2023,Census Tract 7101,800.0,17031710100,710100,71,1.0,45049.0,0.0177584408088969,AUBURN GRESHAM,105.06535358129682
2023,Census Tract 7102,4084.0,17031710200,710200,71,1.0,45049.0,0.090656840329419,AUBURN GRESHAM,105.06535358129682
2023,Census Tract 7104,5466.0,17031710400,710400,71,1.0,45049.0,0.1213345468267886,AUBURN GRESHAM,105.06535358129682
2023,Census Tract 7105,3753.0,17031710500,710500,71,1.0,45049.0,0.0833092854447379,AUBURN GRESHAM,105.06535358129682
2023,Census Tract 7106,1802.0,17031710600,710600,71,1.0,45049.0,0.0400008879220404,AUBURN GRESHAM,105.06535358129682
2023,Census Tract 7108,4714.0,17031710800,710800,71,1.0,45049.0,0.1046416124664254,AUBURN GRESHAM,105.06535358129682
2023,Census Tract 3403,1751.0,17031340300,340300,34,1.0,14207.0,0.1232491025550784,ARMOUR SQUARE,27.766196090094883
2023,Census Tract 3405,1613.0,17031340500,340500,34,1.0,14207.0,0.1135355810515942,ARMOUR SQUARE,27.766196090094883
2023,Census Tract 3406,1473.0,17031340600,340600,34,1.0,14207.0,0.1036812838741465,ARMOUR SQUARE,27.766196090094883
2023,Census Tract 4302,5139.0,17031430200,430200,43,1.0,53673.0,0.0957464647029232,SOUTH SHORE,81.81271638009841
2023,Census Tract 4303,2659.0,17031430300,430300,43,1.0,53673.0,0.0495407374285022,SOUTH SHORE,81.81271638009841
2023,Census Tract 306.04,2793.0,17031030604,30604,77,1.0,56146.0,0.0497453068784953,EDGEWATER,48.449990830225794
2023,Census Tract 315.02,4630.0,17031031502,31502,3,1.0,57331.0,0.0807591006610734,UPTOWN,65.09564271609112
2023,Census Tract 814.02,6138.0,17031081402,81402,8,1.0,104712.0,0.0586179234471693,NEAR NORTH SIDE,76.67589595801923
2023,Census Tract 802.01,3416.0,17031080201,80201,8,1.0,104712.0,0.0326228130491252,NEAR NORTH SIDE,76.67589595801923
2023,Census Tract 7608.02,2244.0,17031760802,760802,76,1.0,13773.0,0.1629274667828359,OHARE,371.8356076134321
2023,Census Tract 1406.01,2402.0,17031140601,140601,14,1.0,46620.0,0.0515229515229515,ALBANY PARK,53.54223080864773
2023,Census Tract 701.02,2969.0,17031070102,70102,7,1.0,67831.0,0.0437705473898365,LINCOLN PARK,88.31640045539218
2023,Census Tract 2105.02,4336.0,17031210502,210502,21,1.0,35489.0,0.1221787032601651,AVONDALE,55.29059546222403
2023,Census Tract 5401.02,3517.0,17031540102,540102,54,1.0,7536.0,0.4666932059447983,RIVERDALE,98.38949739579031
2023,Census Tract 7004.02,3453.0,17031700402,700402,70,1.0,42079.0,0.0820599348843841,ASHBURN,135.46033718240324
2023,Census Tract 308,4404.0,17031030800,30800,77,1.0,56146.0,0.0784383571403127,EDGEWATER,48.449990830225794
2023,Census Tract 311,4699.0,17031031100,31100,3,1.0,57331.0,0.0819626380143378,UPTOWN,65.09564271609112
2023,Census Tract 313,6841.0,17031031300,31300,3,1.0,57331.0,0.1193246236765449,UPTOWN,65.09564271609112
2023,Census Tract 319,2471.0,17031031900,31900,3,1.0,57331.0,0.0431005913031344,UPTOWN,65.09564271609112
2023,Census Tract 1605.01,3767.0,17031160501,160501,16,1.0,53832.0,0.0699769653737553,IRVING PARK,89.61138229311392
2023,Census Tract 401,3899.0,17031040100,40100,4,1.0,41673.0,0.0935617786096513,LINCOLN SQUARE,71.35232822594875
2023,Census Tract 403,3005.0,17031040300,40300,4,1.0,41673.0,0.0721090394260072,LINCOLN SQUARE,71.35232822594875
2023,Census Tract 6116,2047.0,17031611600,611600,61,1.0,41869.0,0.0488905873080321,NEW CITY,134.6369632279751
2023,Census Tract 3404,1709.0,17031340400,340400,34,1.0,14207.0,0.1202928134018441,ARMOUR SQUARE,27.766196090094883
2023,Census Tract 4307,2295.0,17031430700,430700,43,1.0,53673.0,0.0427589290704823,SOUTH SHORE,81.81271638009841
2023,Census Tract 1910,2394.0,17031191000,191000,19,1.0,72918.0,0.0328313996544063,BELMONT CRAGIN,109.09941466771691
2023,Census Tract 5604,1520.0,17031560400,560400,56,1.0,36426.0,0.0417284357327183,GARFIELD RIDGE,117.89077840626808
2023,Census Tract 7107,3492.0,17031710700,710700,71,1.0,45049.0,0.0775155941308353,AUBURN GRESHAM,105.06535358129682
2023,Census Tract 5501,6251.0,17031550100,550100,55,1.0,8971.0,0.6968008025861108,HEGEWISCH,145.96574140897752
2023,Census Tract 2832,1799.0,17031283200,283200,28,1.0,66084.0,0.027222928394165,NEAR WEST SIDE,158.49246652347665
2023,Census Tract 1005,5597.0,17031100500,100500,10,1.0,38566.0,0.1451278328060986,NORWOOD PARK,121.95910544621267
2024,Census Tract 5103,4344.0,17031510300,510300,51,1.0,12854.0,0.3379492764898086,SOUTH DEERING,303.79705960132867
2024,Census Tract 5201,1816.0,17031520100,520100,52,1.0,22687.0,0.0800458412306607,EAST SIDE,83.24172803329057
2024,Census Tract 5907,2544.0,17031590700,590700,59,1.0,14854.0,0.1712669987882052,MCKINLEY PARK,39.431799640295466
2024,Census Tract 6004,4135.0,17031600400,600400,60,1.0,33675.0,0.1227913882702301,BRIDGEPORT,58.29151926539481
2024,Census Tract 8306,4665.0,17031830600,830600,1,1.0,54173.0,0.0861130083251804,ROGERS PARK,51.25990244057384
2024,Census Tract 8308,2603.0,17031830800,830800,4,1.0,41651.0,0.0624954983073635,LINCOLN SQUARE,71.35232822594875
2024,Census Tract 8307,4285.0,17031830700,830700,3,1.0,56344.0,0.0760506886270055,UPTOWN,65.09564271609112
2024,Census Tract 8309,3359.0,17031830900,830900,22,1.0,71160.0,0.047203485103991,LOGAN SQUARE,100.05756668057336
2024,Census Tract 8352,2057.0,17031835200,835200,56,1.0,36732.0,0.0560002177937493,GARFIELD RIDGE,117.89077840626808
2024,Census Tract 8399,4568.0,17031839900,839900,60,1.0,33675.0,0.1356495916852264,BRIDGEPORT,58.29151926539481
2024,Census Tract 8397,4910.0,17031839700,839700,60,1.0,33675.0,0.1458054936896807,BRIDGEPORT,58.29151926539481
2024,Census Tract 8398,2747.0,17031839800,839800,60,1.0,33675.0,0.0815738678544914,BRIDGEPORT,58.29151926539481
2024,Census Tract 8348,1780.0,17031834800,834800,68,1.0,23195.0,0.0767406768700151,ENGLEWOOD,85.65232306609218
2024,Census Tract 8347,1580.0,17031834700,834700,68,1.0,23195.0,0.068118128907092,ENGLEWOOD,85.65232306609218
2024,Census Tract 8320,1874.0,17031832000,832000,6,1.0,102827.0,0.0182247853190309,LAKE VIEW,87.21479925558447
2024,Census Tract 8325,3439.0,17031832500,832500,7,1.0,67987.0,0.05058319972936,LINCOLN PARK,88.31640045539218
2024,Census Tract 8323,2316.0,17031832300,832300,22,1.0,71160.0,0.0325463743676222,LOGAN SQUARE,100.05756668057336
2024,Census Tract 8383,3014.0,17031838300,838300,8,1.0,107331.0,0.0280813558058715,NEAR NORTH SIDE,76.67589595801923
2024,Census Tract 8318,6600.0,17031831800,831800,13,1.0,18356.0,0.3595554587056003,NORTH PARK,70.28870642060181
2024,Census Tract 8317,2270.0,17031831700,831700,15,1.0,63031.0,0.0360140248449175,PORTAGE PARK,110.19609711747748
2024,Census Tract 8351,4617.0,17031835100,835100,63,1.0,36081.0,0.1279620853080568,GAGE PARK,61.28489610145672
2024,Census Tract 8350,5468.0,17031835000,835000,66,1.0,54409.0,0.1004980793618702,CHICAGO LAWN,98.27946509626284
2024,Census Tract 8437,2602.0,17031843700,843700,5,1.0,36014.0,0.0722496806797356,NORTH CENTER,57.05416783863191
2024,Census Tract 2207.02,3903.0,17031220702,220702,22,1.0,71160.0,0.0548482293423271,LOGAN SQUARE,100.05756668057336
2024,Census Tract 8421,6780.0,17031842100,842100,23,1.0,56153.0,0.1207415454205474,HUMBOLDT PARK,100.48087648273764
2024,Census Tract 8433,1718.0,17031843300,843300,29,1.0,33958.0,0.0505919076506272,NORTH LAWNDALE,89.48742200680012
2024,Census Tract 8311,6760.0,17031831100,831100,21,1.0,35533.0,0.190245687107759,AVONDALE,55.29059546222403
2024,Census Tract 8315,3778.0,17031831500,831500,19,1.0,72088.0,0.0524081677949173,BELMONT CRAGIN,109.09941466771691
2024,Census Tract 8316,7240.0,17031831600,831600,18,1.0,14280.0,0.5070028011204482,MONTCLARE,27.57639362717424
2024,Census Tract 8312,4597.0,17031831200,831200,20,1.0,22576.0,0.2036233167965981,HERMOSA,32.60205939915233
2024,Census Tract 8310,1216.0,17031831000,831000,22,0.5,71160.0,0.017088251826869,LOGAN SQUARE,100.05756668057336
2024,Census Tract 8310,1216.0,17031831000,831000,24,0.5,88197.0,0.0137873170289238,WEST TOWN,127.56290457232984
2024,Census Tract 8430,2271.0,17031843000,843000,29,1.0,33958.0,0.066876730078332,NORTH LAWNDALE,89.48742200680012
2024,Census Tract 8431,1381.0,17031843100,843100,29,1.0,33958.0,0.0406678838565286,NORTH LAWNDALE,89.48742200680012
2024,Census Tract 8429,2422.0,17031842900,842900,28,1.0,68165.0,0.0355314310863346,NEAR WEST SIDE,158.49246652347665
2024,Census Tract 8435,8706.0,17031843500,843500,30,1.0,69884.0,0.124577871902009,SOUTH LAWNDALE,127.99829784190968
2024,Census Tract 8420,2768.0,17031842000,842000,35,1.0,21088.0,0.1312594840667678,DOUGLAS,46.004621149279
2024,Census Tract 8324,3487.0,17031832400,832400,22,1.0,71160.0,0.0490022484541877,LOGAN SQUARE,100.05756668057336
2024,Census Tract 8329,2162.0,17031832900,832900,28,1.0,68165.0,0.0317171568987016,NEAR WEST SIDE,158.49246652347665
2024,Census Tract 8403,3548.0,17031840300,840300,59,1.0,14854.0,0.2388582200080786,MCKINLEY PARK,39.431799640295466
2024,Census Tract 8386,1642.0,17031838600,838600,29,1.0,33958.0,0.0483538488721361,NORTH LAWNDALE,89.48742200680012
2024,Census Tract 8396,1687.0,17031839600,839600,35,1.0,21088.0,0.0799981031866464,DOUGLAS,46.004621149279
2024,Census Tract 8349,1010.0,17031834900,834900,67,1.0,28144.0,0.035886867538374,WEST ENGLEWOOD,87.94769193108257
2024,Census Tract 306.03,1996.0,17031030603,30603,77,1.0,56563.0,0.0352880858511747,EDGEWATER,48.449990830225794
2024,Census Tract 8322,3206.0,17031832200,832200,22,1.0,71160.0,0.0450534007869589,LOGAN SQUARE,100.05756668057336
2024,Census Tract 8367,3150.0,17031836700,836700,23,1.0,56153.0,0.0560967357042366,HUMBOLDT PARK,100.48087648273764
2024,Census Tract 8368,2867.0,17031836800,836800,27,1.0,20731.0,0.1382953065457527,EAST GARFIELD PARK,53.88322083574582
2024,Census Tract 8366,2906.0,17031836600,836600,23,1.0,56153.0,0.0517514647480989,HUMBOLDT PARK,100.48087648273764
2024,Census Tract 8330,6109.0,17031833000,833000,28,1.0,68165.0,0.0896207731240372,NEAR WEST SIDE,158.49246652347665
2024,Census Tract 8425,3066.0,17031842500,842500,69,1.0,29143.0,0.1052053666403596,GREATER GRAND CROSSING,98.85316769023828
2024,Census Tract 8418,2249.0,17031841800,841800,69,1.0,29143.0,0.0771711903373022,GREATER GRAND CROSSING,98.85316769023828
2024,Census Tract 9801,0.0,17031980100,980100,56,0.5,36732.0,0.0,GARFIELD RIDGE,117.89077840626808
2024,Census Tract 9801,0.0,17031980100,980100,64,0.5,23629.0,0.0,CLEARING,71.14519236904174
2024,Census Tract 8428,7411.0,17031842800,842800,58,1.0,42994.0,0.1723728892403591,BRIGHTON PARK,75.89279029683405
2024,Census Tract 8438,1960.0,17031843800,843800,61,1.0,40140.0,0.0488290981564524,NEW CITY,134.6369632279751
2024,Census Tract 8410,1280.0,17031841000,841000,33,1.0,30482.0,0.0419919952759005,NEAR SOUTH SIDE,49.769639444136615
2024,Census Tract 8365,1680.0,17031836500,836500,36,1.0,6937.0,0.2421796165489404,OAKLAND,16.913961037490527
2024,Census Tract 8439,1856.0,17031843900,843900,42,0.5,24355.0,0.0762061178402792,WOODLAWN,57.81517950095547
2024,Census Tract 8439,1856.0,17031843900,843900,43,0.5,53034.0,0.034996417392616,SOUTH SHORE,81.81271638009841
2024,Census Tract 8342,4687.0,17031834200,834200,43,1.0,53034.0,0.0883772674133574,SOUTH SHORE,81.81271638009841
2024,Census Tract 8422,3807.0,17031842200,842200,8,1.0,107331.0,0.0354697151801436,NEAR NORTH SIDE,76.67589595801923
2024,Census Tract 8380,3069.0,17031838000,838000,28,1.0,68165.0,0.0450231056994058,NEAR WEST SIDE,158.49246652347665
2024,Census Tract 107.02,4739.0,17031010702,10702,1,1.0,54173.0,0.0874790024550975,ROGERS PARK,51.25990244057384
2024,Census Tract 105.03,2757.0,17031010503,10503,1,1.0,54173.0,0.0508925110294796,ROGERS PARK,51.25990244057384
2024,Census Tract 105.02,3286.0,17031010502,10502,1,1.0,54173.0,0.0606575231203736,ROGERS PARK,51.25990244057384
2024,Census Tract 107.01,3478.0,17031010701,10701,1,1.0,54173.0,0.0642017241061045,ROGERS PARK,51.25990244057384
2024,Census Tract 209.02,4107.0,17031020902,20902,2,1.0,78373.0,0.0524032511196458,WEST RIDGE,98.4290948429624
2024,Census Tract 203.02,5064.0,17031020302,20302,2,1.0,78373.0,0.0646140890357648,WEST RIDGE,98.4290948429624
2024,Census Tract 206.01,6275.0,17031020601,20601,2,1.0,78373.0,0.0800658390006762,WEST RIDGE,98.4290948429624
2024,Census Tract 203.01,4978.0,17031020301,20301,2,1.0,78373.0,0.0635167723578273,WEST RIDGE,98.4290948429624
2024,Census Tract 7608.03,7061.0,17031760803,760803,76,1.0,14145.0,0.4991869918699187,OHARE,371.8356076134321
2024,Census Tract 5305.01,5885.0,17031530501,530501,53,1.0,24549.0,0.2397246323679172,WEST PULLMAN,99.36519806341394
2024,Census Tract 5305.03,3668.0,17031530503,530503,53,1.0,24549.0,0.1494154548046763,WEST PULLMAN,99.36519806341394
2024,Census Tract 6503.01,4696.0,17031650301,650301,65,1.0,31942.0,0.1470164673470665,WEST LAWN,82.3153016672832
2024,Census Tract 6503.02,5242.0,17031650302,650302,65,1.0,31942.0,0.1641099492830755,WEST LAWN,82.3153016672832
2024,Census Tract 5305.02,1335.0,17031530502,530502,53,1.0,24549.0,0.054381033850666,WEST PULLMAN,99.36519806341394
2024,Census Tract 8313,1310.0,17031831300,831300,25,1.0,97452.0,0.0134425152895784,AUSTIN,199.25420338818205
2024,Census Tract 8314,2767.0,17031831400,831400,25,1.0,97452.0,0.0283934655009645,AUSTIN,199.25420338818205
2024,Census Tract 8370,2318.0,17031837000,837000,27,1.0,20731.0,0.1118132265689064,EAST GARFIELD PARK,53.88322083574582
2024,Census Tract 8424,2855.0,17031842400,842400,44,1.0,29895.0,0.0955009198862686,CHATHAM,82.32067029535114
2024,Census Tract 8321,3957.0,17031832100,832100,6,1.0,102827.0,0.0384821107296721,LAKE VIEW,87.21479925558447
2024,Census Tract 208.02,8964.0,17031020802,20802,2,1.0,78373.0,0.1143761244306074,WEST RIDGE,98.4290948429624
2024,Census Tract 207.02,8057.0,17031020702,20702,2,1.0,78373.0,0.1028032613272428,WEST RIDGE,98.4290948429624
2024,Census Tract 208.01,5332.0,17031020801,20801,2,1.0,78373.0,0.0680336340321284,WEST RIDGE,98.4290948429624
2024,Census Tract 402.02,7198.0,17031040202,40202,4,1.0,41651.0,0.1728169791841732,LINCOLN SQUARE,71.35232822594875
2024,Census Tract 402.01,7083.0,17031040201,40201,4,1.0,41651.0,0.1700559410338287,LINCOLN SQUARE,71.35232822594875
2024,Census Tract 404.02,4209.0,17031040402,40402,4,1.0,41651.0,0.1010539963026097,LINCOLN SQUARE,71.35232822594875
2024,Census Tract 315.01,4792.0,17031031501,31501,3,1.0,56344.0,0.0850489848076103,UPTOWN,65.09564271609112
2024,Census Tract 812.01,4442.0,17031081201,81201,8,1.0,107331.0,0.0413859928631988,NEAR NORTH SIDE,76.67589595801923
2024,Census Tract 633.01,2898.0,17031063301,63301,6,1.0,102827.0,0.0281832592607,LAKE VIEW,87.21479925558447
2024,Census Tract 4909.01,2758.0,17031490901,490901,49,1.0,36635.0,0.0752831991265183,ROSELAND,134.31370670490057
2024,Census Tract 4909.02,4725.0,17031490902,490902,49,1.0,36635.0,0.1289750238842636,ROSELAND,134.31370670490057
2024,Census Tract 3018.01,4714.0,17031301801,301801,30,1.0,69884.0,0.0674546391162497,SOUTH LAWNDALE,127.99829784190968
2024,Census Tract 7003.01,6153.0,17031700301,700301,70,1.0,42007.0,0.1464755874020996,ASHBURN,135.46033718240324
2024,Census Tract 3017.02,3801.0,17031301702,301702,30,1.0,69884.0,0.0543901322191059,SOUTH LAWNDALE,127.99829784190968
2024,Census Tract 7004.01,6367.0,17031700401,700401,70,1.0,42007.0,0.1515699764324993,ASHBURN,135.46033718240324
2024,Census Tract 8371,1584.0,17031837100,837100,27,1.0,20731.0,0.076407312720081,EAST GARFIELD PARK,53.88322083574582
2024,Census Tract 8374,1956.0,17031837400,837400,27,1.0,20731.0,0.0943514543437364,EAST GARFIELD PARK,53.88322083574582
2024,Census Tract 8378,2467.0,17031837800,837800,28,1.0,68165.0,0.0361915939265018,NEAR WEST SIDE,158.49246652347665
2024,Census Tract 8373,2164.0,17031837300,837300,27,1.0,20731.0,0.1043847378322319,EAST GARFIELD PARK,53.88322083574582
2024,Census Tract 8415,2735.0,17031841500,841500,29,1.0,33958.0,0.0805406678838565,NORTH LAWNDALE,89.48742200680012
2024,Census Tract 8387,4136.0,17031838700,838700,29,1.0,33958.0,0.1217975145768302,NORTH LAWNDALE,89.48742200680012
2024,Census Tract 1505.01,3935.0,17031150501,150501,15,1.0,63031.0,0.0624295981342514,PORTAGE PARK,110.19609711747748
2024,Census Tract 1504.01,5310.0,17031150401,150401,15,1.0,63031.0,0.0842442607605781,PORTAGE PARK,110.19609711747748
2024,Census Tract 1505.02,4460.0,17031150502,150502,15,1.0,63031.0,0.0707588329552125,PORTAGE PARK,110.19609711747748
2024,Census Tract 1105.02,3519.0,17031110502,110502,11,1.0,26649.0,0.1320499831138129,JEFFERSON PARK,64.86816166921948
2024,Census Tract 1504.02,3923.0,17031150402,150402,15,1.0,63031.0,0.062239215624058,PORTAGE PARK,110.19609711747748
2024,Census Tract 1403.02,3407.0,17031140302,140302,14,1.0,45538.0,0.0748166366551012,ALBANY PARK,53.54223080864773
2024,Census Tract 1403.01,2715.0,17031140301,140301,14,1.0,45538.0,0.0596205366946286,ALBANY PARK,53.54223080864773
2024,Census Tract 7003.02,5587.0,17031700302,700302,70,1.0,42007.0,0.1330016425833789,ASHBURN,135.46033718240324
2024,Census Tract 5805.01,4728.0,17031580501,580501,58,1.0,42994.0,0.1099688328603991,BRIGHTON PARK,75.89279029683405
2024,Census Tract 5805.02,5304.0,17031580502,580502,58,1.0,42994.0,0.1233660510768944,BRIGHTON PARK,75.89279029683405
2024,Census Tract 7302.01,5755.0,17031730201,730201,73,1.0,24851.0,0.2315802180998752,WASHINGTON HEIGHTS,79.63575286171745
2024,Census Tract 3018.02,2513.0,17031301802,301802,30,1.0,69884.0,0.0359595901780092,SOUTH LAWNDALE,127.99829784190968
2024,Census Tract 4401.01,3582.0,17031440101,440101,44,1.0,29895.0,0.1198193677872554,CHATHAM,82.32067029535114
2024,Census Tract 3017.01,4496.0,17031301701,301701,30,1.0,69884.0,0.0643351840192318,SOUTH LAWNDALE,127.99829784190968
2024,Census Tract 8391,8355.0,17031839100,839100,32,1.0,42550.0,0.1963572267920094,LOOP,46.3355654497116
2024,Census Tract 8331,9022.0,17031833100,833100,28,1.0,68165.0,0.1323553143108633,NEAR WEST SIDE,158.49246652347665
2024,Census Tract 8381,1873.0,17031838100,838100,28,1.0,68165.0,0.0274774444362942,NEAR WEST SIDE,158.49246652347665
2024,Census Tract 8333,2861.0,17031833300,833300,28,1.0,68165.0,0.0419716863492994,NEAR WEST SIDE,158.49246652347665
2024,Census Tract 8382,1606.0,17031838200,838200,28,1.0,68165.0,0.0235604782513019,NEAR WEST SIDE,158.49246652347665
2024,Census Tract 1407.02,5120.0,17031140702,140702,14,1.0,45538.0,0.1124335719618779,ALBANY PARK,53.54223080864773
2024,Census Tract 1406.02,4211.0,17031140602,140602,14,1.0,45538.0,0.0924722210022398,ALBANY PARK,53.54223080864773
2024,Census Tract 1407.01,2870.0,17031140701,140701,14,1.0,45538.0,0.0630242874083183,ALBANY PARK,53.54223080864773
2024,Census Tract 1605.02,4227.0,17031160502,160502,16,1.0,53332.0,0.0792582314557864,IRVING PARK,89.61138229311392
2024,Census Tract 1606.02,3418.0,17031160602,160602,16,1.0,53332.0,0.0640891022275556,IRVING PARK,89.61138229311392
2024,Census Tract 1510.02,4473.0,17031151002,151002,15,1.0,63031.0,0.0709650806745886,PORTAGE PARK,110.19609711747748
2024,Census Tract 1510.01,2616.0,17031151001,151001,15,1.0,63031.0,0.0415033872221605,PORTAGE PARK,110.19609711747748
2024,Census Tract 1904.02,4580.0,17031190402,190402,19,1.0,72088.0,0.0635334591055376,BELMONT CRAGIN,109.09941466771691
2024,Census Tract 4313.01,3702.0,17031431301,431301,43,1.0,53034.0,0.0698042765018667,SOUTH SHORE,81.81271638009841
2024,Census Tract 4313.02,3463.0,17031431302,431302,43,1.0,53034.0,0.0652977335294339,SOUTH SHORE,81.81271638009841
2024,Census Tract 4603.02,3309.0,17031460302,460302,46,1.0,27551.0,0.1201045334107654,SOUTH CHICAGO,93.2721849914544
2024,Census Tract 4603.01,2721.0,17031460301,460301,46,1.0,27551.0,0.098762295379478,SOUTH CHICAGO,93.2721849914544
2024,Census Tract 7005.01,6924.0,17031700501,700501,70,1.0,42007.0,0.1648296712452686,ASHBURN,135.46033718240324
2024,Census Tract 7005.02,3318.0,17031700502,700502,70,1.0,42007.0,0.078986835527412,ASHBURN,135.46033718240324
2024,Census Tract 2106.01,2429.0,17031210601,210601,21,1.0,35533.0,0.0683589902344299,AVONDALE,55.29059546222403
2024,Census Tract 8411,7324.0,17031841100,841100,34,1.0,13848.0,0.5288850375505488,ARMOUR SQUARE,27.766196090094883
2024,Census Tract 8402,2233.0,17031840200,840200,60,1.0,33675.0,0.0663103192279138,BRIDGEPORT,58.29151926539481
2024,Census Tract 8413,3970.0,17031841300,841300,31,1.0,33446.0,0.1186987980625485,LOWER WEST SIDE,81.55072362189355
2024,Census Tract 8407,4001.0,17031840700,840700,30,1.0,69884.0,0.0572520176292141,SOUTH LAWNDALE,127.99829784190968
2024,Census Tract 8417,1249.0,17031841700,841700,30,1.0,69884.0,0.0178724743861255,SOUTH LAWNDALE,127.99829784190968
2024,Census Tract 1906.02,5745.0,17031190602,190602,19,1.0,72088.0,0.0796942625679724,BELMONT CRAGIN,109.09941466771691
2024,Census Tract 1904.01,3855.0,17031190401,190401,19,1.0,72088.0,0.0534763067362112,BELMONT CRAGIN,109.09941466771691
2024,Census Tract 1907.02,4392.0,17031190702,190702,19,1.0,72088.0,0.060925535456664,BELMONT CRAGIN,109.09941466771691
2024,Census Tract 1913.02,4227.0,17031191302,191302,19,1.0,72088.0,0.0586366662967484,BELMONT CRAGIN,109.09941466771691
2024,Census Tract 1906.01,3788.0,17031190601,190601,19,1.0,72088.0,0.0525468871379425,BELMONT CRAGIN,109.09941466771691
2024,Census Tract 1913.01,4856.0,17031191301,191301,19,1.0,72088.0,0.0673621129730329,BELMONT CRAGIN,109.09941466771691
2024,Census Tract 2004.02,4378.0,17031200402,200402,20,1.0,22576.0,0.1939227498228207,HERMOSA,32.60205939915233
2024,Census Tract 2004.01,3138.0,17031200401,200401,20,1.0,22576.0,0.1389971651311126,HERMOSA,32.60205939915233
2024,Census Tract 2209.02,3020.0,17031220902,220902,22,1.0,71160.0,0.0424395727937043,LOGAN SQUARE,100.05756668057336
2024,Census Tract 2105.01,2899.0,17031210501,210501,21,1.0,35533.0,0.0815861312019812,AVONDALE,55.29059546222403
2024,Census Tract 1606.01,3049.0,17031160601,160601,16,1.0,53332.0,0.0571701792544813,IRVING PARK,89.61138229311392
2024,Census Tract 619.01,3709.0,17031061901,61901,6,1.0,102827.0,0.0360702928219242,LAKE VIEW,87.21479925558447
2024,Census Tract 8408,3457.0,17031840800,840800,30,1.0,69884.0,0.0494676893137198,SOUTH LAWNDALE,127.99829784190968
2024,Census Tract 307.03,3237.0,17031030703,30703,77,1.0,56563.0,0.0572282233969202,EDGEWATER,48.449990830225794
2024,Census Tract 814.03,10291.0,17031081403,81403,8,1.0,107331.0,0.0958809663564114,NEAR NORTH SIDE,76.67589595801923
2024,Census Tract 307.02,2039.0,17031030702,30702,77,1.0,56563.0,0.0360483001255237,EDGEWATER,48.449990830225794
2024,Census Tract 4401.02,3185.0,17031440102,440102,44,1.0,29895.0,0.10653955510955,CHATHAM,82.32067029535114
2024,Census Tract 4402.02,2608.0,17031440202,440202,44,1.0,29895.0,0.0872386686736912,CHATHAM,82.32067029535114
2024,Census Tract 8305,4071.0,17031830500,830500,30,1.0,69884.0,0.0582536775227519,SOUTH LAWNDALE,127.99829784190968
2024,Census Tract 8401,2879.0,17031840100,840100,60,1.0,33675.0,0.085493689680772,BRIDGEPORT,58.29151926539481
2024,Census Tract 8404,3426.0,17031840400,840400,59,1.0,14854.0,0.2306449441227952,MCKINLEY PARK,39.431799640295466
2024,Census Tract 8392,2295.0,17031839200,839200,35,1.0,21088.0,0.1088296661608497,DOUGLAS,46.004621149279
2024,Census Tract 8355,1545.0,17031835500,835500,37,1.0,2270.0,0.6806167400881057,FULLER PARK,19.916704865338488
2024,Census Tract 701.01,4003.0,17031070101,70101,7,1.0,67987.0,0.0588789033197523,LINCOLN PARK,88.31640045539218
2024,Census Tract 1105.01,5017.0,17031110501,110501,11,1.0,26649.0,0.1882622237232166,JEFFERSON PARK,64.86816166921948
2024,Census Tract 301.04,3612.0,17031030104,30104,77,1.0,56563.0,0.0638579990453123,EDGEWATER,48.449990830225794
2024,Census Tract 814.01,2503.0,17031081401,81401,8,1.0,107331.0,0.0233203827412397,NEAR NORTH SIDE,76.67589595801923
2024,Census Tract 4301.02,3582.0,17031430102,430102,43,1.0,53034.0,0.067541577101482,SOUTH SHORE,81.81271638009841
2024,Census Tract 4301.01,3776.0,17031430101,430101,43,1.0,53034.0,0.0711996077987706,SOUTH SHORE,81.81271638009841
2024,Census Tract 2521.01,1801.0,17031252101,252101,25,1.0,97452.0,0.0184808931576571,AUSTIN,199.25420338818205
2024,Census Tract 105.01,3718.0,17031010501,10501,1,1.0,54173.0,0.0686319753382681,ROGERS PARK,51.25990244057384
2024,Census Tract 207.01,1771.0,17031020701,20701,2,1.0,78373.0,0.0225970678677605,WEST RIDGE,98.4290948429624
2024,Census Tract 102.01,7361.0,17031010201,10201,1,1.0,54173.0,0.1358794971664851,ROGERS PARK,51.25990244057384
2024,Census Tract 7608.01,4804.0,17031760801,760801,76,1.0,14145.0,0.3396253092965712,OHARE,371.8356076134321
2024,Census Tract 8390,10391.0,17031839000,839000,32,1.0,42550.0,0.2442068155111633,LOOP,46.3355654497116
2024,Census Tract 4402.01,5310.0,17031440201,440201,44,1.0,29895.0,0.1776216758655293,CHATHAM,82.32067029535114
2024,Census Tract 5401.01,4115.0,17031540101,540101,54,1.0,7518.0,0.5473530194200585,RIVERDALE,98.38949739579031
2024,Census Tract 8340,3029.0,17031834000,834000,49,1.0,36635.0,0.0826804967926845,ROSELAND,134.31370670490057
2024,Census Tract 8339,2716.0,17031833900,833900,46,1.0,27551.0,0.0985808137635657,SOUTH CHICAGO,93.2721849914544
2024,Census Tract 2210,2504.0,17031221000,221000,22,1.0,71160.0,0.0351883080382237,LOGAN SQUARE,100.05756668057336
2024,Census Tract 2211,4186.0,17031221100,221100,22,1.0,71160.0,0.0588251826869027,LOGAN SQUARE,100.05756668057336
2024,Census Tract 2428,1575.0,17031242800,242800,24,1.0,88197.0,0.0178577502636144,WEST TOWN,127.56290457232984
2024,Census Tract 2429,2242.0,17031242900,242900,24,1.0,88197.0,0.0254203657720784,WEST TOWN,127.56290457232984
2024,Census Tract 2430,2364.0,17031243000,243000,24,1.0,88197.0,0.026803632776625,WEST TOWN,127.56290457232984
2024,Census Tract 2431,1912.0,17031243100,243100,24,1.0,88197.0,0.0216787419073211,WEST TOWN,127.56290457232984
2024,Census Tract 2432,2587.0,17031243200,243200,24,1.0,88197.0,0.0293320634488701,WEST TOWN,127.56290457232984
2024,Census Tract 2433,2340.0,17031243300,243300,24,1.0,88197.0,0.0265315146773699,WEST TOWN,127.56290457232984
2024,Census Tract 2434,2972.0,17031243400,243400,24,1.0,88197.0,0.033697291291087,WEST TOWN,127.56290457232984
2024,Census Tract 714,4448.0,17031071400,71400,7,1.0,67987.0,0.065424272287349,LINCOLN PARK,88.31640045539218
2024,Census Tract 1104,4658.0,17031110400,110400,11,1.0,26649.0,0.174790798904274,JEFFERSON PARK,64.86816166921948
2024,Census Tract 1506,4036.0,17031150600,150600,15,1.0,63031.0,0.0640319842617124,PORTAGE PARK,110.19609711747748
2024,Census Tract 1507,3915.0,17031150700,150700,15,1.0,63031.0,0.0621122939505957,PORTAGE PARK,110.19609711747748
2024,Census Tract 1508,4652.0,17031150800,150800,15,1.0,63031.0,0.0738049531183068,PORTAGE PARK,110.19609711747748
2024,Census Tract 1511,5408.0,17031151100,151100,15,1.0,63031.0,0.0857990512604908,PORTAGE PARK,110.19609711747748
2024,Census Tract 1512,3447.0,17031151200,151200,15,1.0,63031.0,0.0546873760530532,PORTAGE PARK,110.19609711747748
2024,Census Tract 2415,2769.0,17031241500,241500,24,1.0,88197.0,0.0313956257015544,WEST TOWN,127.56290457232984
2024,Census Tract 2411,3498.0,17031241100,241100,24,1.0,88197.0,0.0396612129664274,WEST TOWN,127.56290457232984
2024,Census Tract 2416,3779.0,17031241600,241600,24,1.0,88197.0,0.0428472623785389,WEST TOWN,127.56290457232984
2024,Census Tract 2413,1844.0,17031241300,241300,24,1.0,88197.0,0.0209077406260983,WEST TOWN,127.56290457232984
2024,Census Tract 2414,5693.0,17031241400,241400,24,1.0,88197.0,0.0645486807941313,WEST TOWN,127.56290457232984
2024,Census Tract 2435,4824.0,17031243500,243500,24,1.0,88197.0,0.0546957379502704,WEST TOWN,127.56290457232984
2024,Census Tract 2502,2610.0,17031250200,250200,25,1.0,97452.0,0.0267824159586257,AUSTIN,199.25420338818205
2024,Census Tract 2503,5144.0,17031250300,250300,25,1.0,97452.0,0.0527849608012149,AUSTIN,199.25420338818205
2024,Census Tract 2504,5733.0,17031250400,250400,25,1.0,97452.0,0.0588289619504987,AUSTIN,199.25420338818205
2024,Census Tract 2505,7509.0,17031250500,250500,25,1.0,97452.0,0.0770533185568279,AUSTIN,199.25420338818205
2024,Census Tract 715,5482.0,17031071500,71500,7,1.0,67987.0,0.0806330622030682,LINCOLN PARK,88.31640045539218
2024,Census Tract 718,2860.0,17031071800,71800,7,1.0,67987.0,0.0420668657243296,LINCOLN PARK,88.31640045539218
2024,Census Tract 801,6387.0,17031080100,80100,8,1.0,107331.0,0.0595075048215333,NEAR NORTH SIDE,76.67589595801923
2024,Census Tract 803,6101.0,17031080300,80300,8,1.0,107331.0,0.0568428506209762,NEAR NORTH SIDE,76.67589595801923
2024,Census Tract 804,5415.0,17031080400,80400,8,1.0,107331.0,0.0504514073287307,NEAR NORTH SIDE,76.67589595801923
2024,Census Tract 1601,2614.0,17031160100,160100,16,1.0,53332.0,0.0490137253431335,IRVING PARK,89.61138229311392
2024,Census Tract 1602,3363.0,17031160200,160200,16,1.0,53332.0,0.0630578264456611,IRVING PARK,89.61138229311392
2024,Census Tract 1603,3567.0,17031160300,160300,16,1.0,53332.0,0.0668829220730518,IRVING PARK,89.61138229311392
2024,Census Tract 1604,5419.0,17031160400,160400,16,1.0,53332.0,0.1016087902197555,IRVING PARK,89.61138229311392
2024,Census Tract 1607,6093.0,17031160700,160700,16,1.0,53332.0,0.1142466061651541,IRVING PARK,89.61138229311392
2024,Census Tract 2213,2769.0,17031221300,221300,22,1.0,71160.0,0.0389123102866779,LOGAN SQUARE,100.05756668057336
2024,Census Tract 2215,3237.0,17031221500,221500,22,1.0,71160.0,0.0454890387858347,LOGAN SQUARE,100.05756668057336
2024,Census Tract 2214,2995.0,17031221400,221400,22,1.0,71160.0,0.042088251826869,LOGAN SQUARE,100.05756668057336
2024,Census Tract 2506,3887.0,17031250600,250600,25,1.0,97452.0,0.0398863030004515,AUSTIN,199.25420338818205
2024,Census Tract 2507,6676.0,17031250700,250700,25,1.0,97452.0,0.0685055206665845,AUSTIN,199.25420338818205
2024,Census Tract 2508,2742.0,17031250800,250800,25,1.0,97452.0,0.0281369289496367,AUSTIN,199.25420338818205
2024,Census Tract 2510,1196.0,17031251000,251000,25,1.0,97452.0,0.0122727086155235,AUSTIN,199.25420338818205
2024,Census Tract 2511,4521.0,17031251100,251100,25,1.0,97452.0,0.0463920699421253,AUSTIN,199.25420338818205
2024,Census Tract 514,2606.0,17031051400,51400,5,1.0,36014.0,0.0723607485977675,NORTH CENTER,57.05416783863191
2024,Census Tract 601,2895.0,17031060100,60100,6,1.0,102827.0,0.028154084044074,LAKE VIEW,87.21479925558447
2024,Census Tract 603,3057.0,17031060300,60300,6,1.0,102827.0,0.0297295457418771,LAKE VIEW,87.21479925558447
2024,Census Tract 608,5413.0,17031060800,60800,6,1.0,102827.0,0.0526418158654828,LAKE VIEW,87.21479925558447
2024,Census Tract 1608,4677.0,17031160800,160800,16,1.0,53332.0,0.0876959423985599,IRVING PARK,89.61138229311392
2024,Census Tract 3201.01,8972.0,17031320101,320101,32,1.0,42550.0,0.2108578143360752,LOOP,46.3355654497116
2024,Census Tract 3301.03,8408.0,17031330103,330103,33,1.0,30482.0,0.2758349189685716,NEAR SOUTH SIDE,49.769639444136615
2024,Census Tract 3806,4952.0,17031380600,380600,38,1.0,25181.0,0.1966562090465033,GRAND BOULEVARD,48.49250314605212
2024,Census Tract 3301.02,11992.0,17031330102,330102,33,1.0,30482.0,0.3934125057410931,NEAR SOUTH SIDE,49.769639444136615
2024,Census Tract 3301.01,4821.0,17031330101,330101,33,1.0,30482.0,0.1581589134571222,NEAR SOUTH SIDE,49.769639444136615
2024,Census Tract 4608,4257.0,17031460800,460800,46,1.0,27551.0,0.1545134477877391,SOUTH CHICAGO,93.2721849914544
2024,Census Tract 6306,2864.0,17031630600,630600,63,1.0,36081.0,0.0793769574014024,GAGE PARK,61.28489610145672
2024,Census Tract 4902,2879.0,17031490200,490200,49,1.0,36635.0,0.0785860515900095,ROSELAND,134.31370670490057
2024,Census Tract 6122,4038.0,17031612200,612200,61,1.0,40140.0,0.1005979073243647,NEW CITY,134.6369632279751
2024,Census Tract 8447,2311.0,17031844700,844700,29,1.0,33958.0,0.0680546557512221,NORTH LAWNDALE,89.48742200680012
2024,Census Tract 8446,2081.0,17031844600,844600,38,1.0,25181.0,0.0826416742782256,GRAND BOULEVARD,48.49250314605212
2024,Census Tract 3201.02,5040.0,17031320102,320102,32,1.0,42550.0,0.1184488836662749,LOOP,46.3355654497116
2024,Census Tract 2207.01,2851.0,17031220701,220701,22,1.0,71160.0,0.0400646430578977,LOGAN SQUARE,100.05756668057336
2024,Census Tract 633.02,4358.0,17031063302,63302,6,1.0,102827.0,0.0423818646853452,LAKE VIEW,87.21479925558447
2024,Census Tract 2522.01,3128.0,17031252201,252201,25,1.0,97452.0,0.0320978533021384,AUSTIN,199.25420338818205
2024,Census Tract 6603.02,4661.0,17031660302,660302,66,1.0,54409.0,0.0856659743792387,CHICAGO LAWN,98.27946509626284
2024,Census Tract 6603.01,1818.0,17031660301,660301,66,1.0,54409.0,0.0334135896634747,CHICAGO LAWN,98.27946509626284
2024,Census Tract 7302.02,2895.0,17031730202,730202,73,1.0,24851.0,0.1164943060641423,WASHINGTON HEIGHTS,79.63575286171745
2024,Census Tract 8356,725.0,17031835600,835600,37,1.0,2270.0,0.3193832599118942,FULLER PARK,19.916704865338488
2024,Census Tract 8400,2622.0,17031840000,840000,60,1.0,33675.0,0.0778619153674833,BRIDGEPORT,58.29151926539481
2024,Census Tract 8364,3357.0,17031836400,836400,36,1.0,6937.0,0.4839267694969006,OAKLAND,16.913961037490527
2024,Census Tract 8361,2110.0,17031836100,836100,40,1.0,12313.0,0.1713635994477381,WASHINGTON PARK,42.37388147613499
2024,Census Tract 8346,2299.0,17031834600,834600,68,1.0,23195.0,0.0991161888338003,ENGLEWOOD,85.65232306609218
2024,Census Tract 8436,2974.0,17031843600,843600,38,1.0,25181.0,0.1181049203764743,GRAND BOULEVARD,48.49250314605212
2024,Census Tract 619.02,4581.0,17031061902,61902,6,1.0,102827.0,0.0445505557878767,LAKE VIEW,87.21479925558447
2024,Census Tract 301.02,3374.0,17031030102,30102,77,1.0,56563.0,0.0596503014337994,EDGEWATER,48.449990830225794
2024,Census Tract 301.03,2132.0,17031030103,30103,77,1.0,56563.0,0.0376924844863249,EDGEWATER,48.449990830225794
2024,Census Tract 307.06,2717.0,17031030706,30706,77,1.0,56563.0,0.0480349344978165,EDGEWATER,48.449990830225794
2024,Census Tract 306.01,3907.0,17031030601,30601,77,1.0,56563.0,0.0690734225553807,EDGEWATER,48.449990830225794
2024,Census Tract 812.02,3501.0,17031081202,81202,8,1.0,107331.0,0.032618721525002,NEAR NORTH SIDE,76.67589595801923
2024,Census Tract 633.03,1315.0,17031063303,63303,6,1.0,102827.0,0.0127884699543894,LAKE VIEW,87.21479925558447
2024,Census Tract 2209.01,2994.0,17031220901,220901,22,1.0,71160.0,0.0420741989881956,LOGAN SQUARE,100.05756668057336
2024,Census Tract 2106.02,3942.0,17031210602,210602,21,1.0,35533.0,0.1109391270086961,AVONDALE,55.29059546222403
2024,Census Tract 2206.02,4358.0,17031220602,220602,22,1.0,71160.0,0.0612422709387296,LOGAN SQUARE,100.05756668057336
2024,Census Tract 2206.01,1680.0,17031220601,220601,22,1.0,71160.0,0.0236087689713322,LOGAN SQUARE,100.05756668057336
2024,Census Tract 404.01,3441.0,17031040401,40401,4,1.0,41651.0,0.0826150632637871,LINCOLN SQUARE,71.35232822594875
2024,Census Tract 2522.02,5129.0,17031252202,252202,25,1.0,97452.0,0.0526310388704182,AUSTIN,199.25420338818205
2024,Census Tract 2521.02,5766.0,17031252102,252102,25,1.0,97452.0,0.0591675901982514,AUSTIN,199.25420338818205
2024,Census Tract 8363,1849.0,17031836300,836300,41,1.0,30599.0,0.0604268113337037,HYDE PARK,45.10538016450888
2024,Census Tract 8345,1616.0,17031834500,834500,40,1.0,12313.0,0.1312434012831966,WASHINGTON PARK,42.37388147613499
2024,Census Tract 8360,2695.0,17031836000,836000,38,1.0,25181.0,0.1070251380008736,GRAND BOULEVARD,48.49250314605212
2024,Census Tract 8362,2281.0,17031836200,836200,41,1.0,30599.0,0.0745449197686198,HYDE PARK,45.10538016450888
2024,Census Tract 8344,3733.0,17031834400,834400,42,1.0,24355.0,0.1532744816259495,WOODLAWN,57.81517950095547
2024,Census Tract 8343,6103.0,17031834300,834300,45,1.0,9071.0,0.6728034395325764,AVALON PARK,34.852737729948345
2024,Census Tract 7103,1180.0,17031710300,710300,71,1.0,43779.0,0.0269535622101921,AUBURN GRESHAM,105.06535358129682
2024,Census Tract 1609,2496.0,17031160900,160900,16,1.0,53332.0,0.0468011700292507,IRVING PARK,89.61138229311392
2024,Census Tract 1610,2060.0,17031161000,161000,16,1.0,53332.0,0.0386259656491412,IRVING PARK,89.61138229311392
2024,Census Tract 1611,2098.0,17031161100,161100,16,1.0,53332.0,0.0393384834620865,IRVING PARK,89.61138229311392
2024,Census Tract 1612,2837.0,17031161200,161200,16,1.0,53332.0,0.0531950798769969,IRVING PARK,89.61138229311392
2024,Census Tract 1613,3890.0,17031161300,161300,16,1.0,53332.0,0.072939323483087,IRVING PARK,89.61138229311392
2024,Census Tract 1701,2085.0,17031170100,170100,17,1.0,41233.0,0.0505662939878252,DUNNING,103.5950011545707
2024,Census Tract 2216,3406.0,17031221600,221600,22,1.0,71160.0,0.0478639685216413,LOGAN SQUARE,100.05756668057336
2024,Census Tract 2421,3792.0,17031242100,242100,24,1.0,88197.0,0.0429946596823021,WEST TOWN,127.56290457232984
2024,Census Tract 2420,4575.0,17031242000,242000,24,1.0,88197.0,0.051872512670499,WEST TOWN,127.56290457232984
2024,Census Tract 2512,4314.0,17031251200,251200,25,1.0,97452.0,0.0442679472971309,AUSTIN,199.25420338818205
2024,Census Tract 2513,4515.0,17031251300,251300,25,1.0,97452.0,0.0463305011698066,AUSTIN,199.25420338818205
2024,Census Tract 513,2810.0,17031051300,51300,5,1.0,36014.0,0.0780252124173932,NORTH CENTER,57.05416783863191
2024,Census Tract 6007,3171.0,17031600700,600700,60,1.0,33675.0,0.0941648106904231,BRIDGEPORT,58.29151926539481
2024,Census Tract 6009,3742.0,17031600900,600900,60,1.0,33675.0,0.1111210096510764,BRIDGEPORT,58.29151926539481
2024,Census Tract 6720,3787.0,17031672000,672000,67,1.0,28144.0,0.1345579874928937,WEST ENGLEWOOD,87.94769193108257
2024,Census Tract 7109,2078.0,17031710900,710900,71,1.0,43779.0,0.0474656798921857,AUBURN GRESHAM,105.06535358129682
2024,Census Tract 7110,3419.0,17031711000,711000,71,1.0,43779.0,0.0780968044039379,AUBURN GRESHAM,105.06535358129682
2024,Census Tract 7111,2575.0,17031711100,711100,71,1.0,43779.0,0.0588181548230887,AUBURN GRESHAM,105.06535358129682
2024,Census Tract 7112,4626.0,17031711200,711200,71,1.0,43779.0,0.1056671006647022,AUBURN GRESHAM,105.06535358129682
2024,Census Tract 7115,2117.0,17031711500,711500,71,1.0,43779.0,0.0483565179652344,AUBURN GRESHAM,105.06535358129682
2024,Census Tract 7113,1506.0,17031711300,711300,71,1.0,43779.0,0.0344000548208044,AUBURN GRESHAM,105.06535358129682
2024,Census Tract 7114,2672.0,17031711400,711400,71,1.0,43779.0,0.0610338290047739,AUBURN GRESHAM,105.06535358129682
2024,Census Tract 2705,1426.0,17031270500,270500,27,1.0,20731.0,0.0687858762240123,EAST GARFIELD PARK,53.88322083574582
2024,Census Tract 2712,1299.0,17031271200,271200,27,1.0,20731.0,0.0626597848632482,EAST GARFIELD PARK,53.88322083574582
2024,Census Tract 2713,953.0,17031271300,271300,27,1.0,20731.0,0.0459698036756548,EAST GARFIELD PARK,53.88322083574582
2024,Census Tract 2714,1508.0,17031271400,271400,27,1.0,20731.0,0.0727413052915923,EAST GARFIELD PARK,53.88322083574582
2024,Census Tract 3501,2435.0,17031350100,350100,35,1.0,21088.0,0.1154685128983308,DOUGLAS,46.004621149279
2024,Census Tract 3504,1457.0,17031350400,350400,35,1.0,21088.0,0.0690914264036418,DOUGLAS,46.004621149279
2024,Census Tract 3510,4259.0,17031351000,351000,35,1.0,21088.0,0.2019632018209408,DOUGLAS,46.004621149279
2024,Census Tract 3514,1387.0,17031351400,351400,35,1.0,21088.0,0.0657720030349013,DOUGLAS,46.004621149279
2024,Census Tract 3602,1900.0,17031360200,360200,36,1.0,6937.0,0.2738936139541588,OAKLAND,16.913961037490527
2024,Census Tract 4304,3014.0,17031430400,430400,43,1.0,53034.0,0.056831466606328,SOUTH SHORE,81.81271638009841
2024,Census Tract 4306,1722.0,17031430600,430600,43,1.0,53034.0,0.0324697363955198,SOUTH SHORE,81.81271638009841
2024,Census Tract 4308,1935.0,17031430800,430800,43,1.0,53034.0,0.0364860278312026,SOUTH SHORE,81.81271638009841
2024,Census Tract 4305,3531.0,17031430500,430500,43,1.0,53034.0,0.0665799298563185,SOUTH SHORE,81.81271638009841
2024,Census Tract 4309,1541.0,17031430900,430900,43,1.0,53034.0,0.0290568314666063,SOUTH SHORE,81.81271638009841
2024,Census Tract 6103,5067.0,17031610300,610300,61,1.0,40140.0,0.1262331838565022,NEW CITY,134.6369632279751
2024,Census Tract 6810,2410.0,17031681000,681000,68,1.0,23195.0,0.1039017029532226,ENGLEWOOD,85.65232306609218
2024,Census Tract 6811,2367.0,17031681100,681100,68,1.0,23195.0,0.1020478551411942,ENGLEWOOD,85.65232306609218
2024,Census Tract 6805,1636.0,17031680500,680500,68,1.0,23195.0,0.0705324423367105,ENGLEWOOD,85.65232306609218
2024,Census Tract 6809,3954.0,17031680900,680900,68,1.0,23195.0,0.1704677732269885,ENGLEWOOD,85.65232306609218
2024,Census Tract 7201,3434.0,17031720100,720100,72,1.0,19521.0,0.1759131192049587,BEVERLY,88.7793639211539
2024,Census Tract 7202,3868.0,17031720200,720200,72,1.0,19521.0,0.1981455868039547,BEVERLY,88.7793639211539
2024,Census Tract 7203,3448.0,17031720300,720300,72,1.0,19521.0,0.1766302955791199,BEVERLY,88.7793639211539
2024,Census Tract 7204,1927.0,17031720400,720400,72,1.0,19521.0,0.0987142052148967,BEVERLY,88.7793639211539
2024,Census Tract 7205,1965.0,17031720500,720500,72,1.0,19521.0,0.1006608268019056,BEVERLY,88.7793639211539
2024,Census Tract 7206,1944.0,17031720600,720600,72,1.0,19521.0,0.0995850622406639,BEVERLY,88.7793639211539
2024,Census Tract 7207,2935.0,17031720700,720700,72,1.0,19521.0,0.1503509041545002,BEVERLY,88.7793639211539
2024,Census Tract 406,2521.0,17031040600,40600,4,1.0,41651.0,0.0605267580610309,LINCOLN SQUARE,71.35232822594875
2024,Census Tract 407,3681.0,17031040700,40700,4,1.0,41651.0,0.0883772298384192,LINCOLN SQUARE,71.35232822594875
2024,Census Tract 408,1670.0,17031040800,40800,4,1.0,41651.0,0.0400950757484814,LINCOLN SQUARE,71.35232822594875
2024,Census Tract 3801,1787.0,17031380100,380100,38,1.0,25181.0,0.0709662046781303,GRAND BOULEVARD,48.49250314605212
2024,Census Tract 3802,1689.0,17031380200,380200,38,1.0,25181.0,0.0670743814780985,GRAND BOULEVARD,48.49250314605212
2024,Census Tract 4312,2892.0,17031431200,431200,43,1.0,53034.0,0.0545310555492702,SOUTH SHORE,81.81271638009841
2024,Census Tract 4314,6850.0,17031431400,431400,43,1.0,53034.0,0.1291624241052909,SOUTH SHORE,81.81271638009841
2024,Census Tract 501,2163.0,17031050100,50100,5,1.0,36014.0,0.0600599766757372,NORTH CENTER,57.05416783863191
2024,Census Tract 6108,1584.0,17031610800,610800,61,1.0,40140.0,0.0394618834080717,NEW CITY,134.6369632279751
2024,Census Tract 6113,3365.0,17031611300,611300,61,1.0,40140.0,0.0838315894369706,NEW CITY,134.6369632279751
2024,Census Tract 6114,3536.0,17031611400,611400,61,1.0,40140.0,0.0880916791230692,NEW CITY,134.6369632279751
2024,Census Tract 6115,3226.0,17031611500,611500,61,1.0,40140.0,0.0803687095166915,NEW CITY,134.6369632279751
2024,Census Tract 6119,1797.0,17031611900,611900,61,1.0,40140.0,0.0447683109118086,NEW CITY,134.6369632279751
2024,Census Tract 6812,2139.0,17031681200,681200,68,1.0,23195.0,0.0922181504634619,ENGLEWOOD,85.65232306609218
2024,Census Tract 6912,1878.0,17031691200,691200,69,1.0,29143.0,0.0644408605840167,GREATER GRAND CROSSING,98.85316769023828
2024,Census Tract 6911,2627.0,17031691100,691100,69,1.0,29143.0,0.0901417149915931,GREATER GRAND CROSSING,98.85316769023828
2024,Census Tract 7301,2236.0,17031730100,730100,73,1.0,24851.0,0.0899762585006639,WASHINGTON HEIGHTS,79.63575286171745
2024,Census Tract 7303,1079.0,17031730300,730300,73,1.0,24851.0,0.0434187759043901,WASHINGTON HEIGHTS,79.63575286171745
2024,Census Tract 7304,3547.0,17031730400,730400,73,1.0,24851.0,0.1427306748219387,WASHINGTON HEIGHTS,79.63575286171745
2024,Census Tract 7305,4067.0,17031730500,730500,73,1.0,24851.0,0.1636553861011629,WASHINGTON HEIGHTS,79.63575286171745
2024,Census Tract 7306,3267.0,17031730600,730600,73,1.0,24851.0,0.1314635225946642,WASHINGTON HEIGHTS,79.63575286171745
2024,Census Tract 3812,1952.0,17031381200,381200,38,1.0,25181.0,0.0775187641475715,GRAND BOULEVARD,48.49250314605212
2024,Census Tract 3814,1579.0,17031381400,381400,38,1.0,25181.0,0.062706008498471,GRAND BOULEVARD,48.49250314605212
2024,Census Tract 3817,0.0,17031381700,381700,38,1.0,25181.0,0.0,GRAND BOULEVARD,48.49250314605212
2024,Census Tract 4403,4400.0,17031440300,440300,44,1.0,29895.0,0.1471818029770864,CHATHAM,82.32067029535114
2024,Census Tract 6120,1214.0,17031612000,612000,61,1.0,40140.0,0.0302441454907822,NEW CITY,134.6369632279751
2024,Census Tract 6121,961.0,17031612100,612100,61,1.0,40140.0,0.0239412057797708,NEW CITY,134.6369632279751
2024,Census Tract 6201,4814.0,17031620100,620100,62,1.0,17901.0,0.2689235238254846,WEST ELSDON,32.71109141959873
2024,Census Tract 6202,1947.0,17031620200,620200,62,1.0,17901.0,0.1087648734707558,WEST ELSDON,32.71109141959873
2024,Census Tract 6203,6507.0,17031620300,620300,62,1.0,17901.0,0.363499245852187,WEST ELSDON,32.71109141959873
2024,Census Tract 6204,4633.0,17031620400,620400,62,1.0,17901.0,0.2588123568515725,WEST ELSDON,32.71109141959873
2024,Census Tract 7307,2005.0,17031730700,730700,73,1.0,24851.0,0.0806808579131624,WASHINGTON HEIGHTS,79.63575286171745
2024,Census Tract 7401,3003.0,17031740100,740100,74,1.0,19059.0,0.1575633558948528,MOUNT GREENWOOD,75.58429000631087
2024,Census Tract 7402,6192.0,17031740200,740200,74,1.0,19059.0,0.3248858806862899,MOUNT GREENWOOD,75.58429000631087
2024,Census Tract 7403,5266.0,17031740300,740300,74,1.0,19059.0,0.276299910803295,MOUNT GREENWOOD,75.58429000631087
2024,Census Tract 7404,4598.0,17031740400,740400,74,1.0,19059.0,0.2412508526155622,MOUNT GREENWOOD,75.58429000631087
2024,Census Tract 3818,1448.0,17031381800,381800,38,1.0,25181.0,0.057503673404551,GRAND BOULEVARD,48.49250314605212
2024,Census Tract 3819,1324.0,17031381900,381900,38,1.0,25181.0,0.0525793256820618,GRAND BOULEVARD,48.49250314605212
2024,Census Tract 3901,1887.0,17031390100,390100,39,1.0,18417.0,0.1024596839876201,KENWOOD,29.071741922715727
2024,Census Tract 3902,2012.0,17031390200,390200,39,1.0,18417.0,0.1092468914589781,KENWOOD,29.071741922715727
2024,Census Tract 3903,2531.0,17031390300,390300,39,1.0,18417.0,0.1374273768800564,KENWOOD,29.071741922715727
2024,Census Tract 3904,2499.0,17031390400,390400,39,1.0,18417.0,0.1356898517673888,KENWOOD,29.071741922715727
2024,Census Tract 3905,1753.0,17031390500,390500,39,1.0,18417.0,0.0951837975783243,KENWOOD,29.071741922715727
2024,Census Tract 3906,1898.0,17031390600,390600,39,1.0,18417.0,0.1030569582450996,KENWOOD,29.071741922715727
2024,Census Tract 3907,5837.0,17031390700,390700,39,1.0,18417.0,0.3169354400825324,KENWOOD,29.071741922715727
2024,Census Tract 4406,1957.0,17031440600,440600,44,1.0,29895.0,0.0654624519150359,CHATHAM,82.32067029535114
2024,Census Tract 4409,2593.0,17031440900,440900,44,1.0,29895.0,0.0867369125271784,CHATHAM,82.32067029535114
2024,Census Tract 4407,1428.0,17031440700,440700,44,1.0,29895.0,0.047767185148018,CHATHAM,82.32067029535114
2024,Census Tract 4408,1977.0,17031440800,440800,44,1.0,29895.0,0.0661314601103863,CHATHAM,82.32067029535114
2024,Census Tract 6303,5193.0,17031630300,630300,63,1.0,36081.0,0.143926166126216,GAGE PARK,61.28489610145672
2024,Census Tract 6305,6026.0,17031630500,630500,63,1.0,36081.0,0.1670131093927551,GAGE PARK,61.28489610145672
2024,Census Tract 6308,5928.0,17031630800,630800,63,1.0,36081.0,0.1642969984202211,GAGE PARK,61.28489610145672
2024,Census Tract 6309,3998.0,17031630900,630900,63,1.0,36081.0,0.1108062415121532,GAGE PARK,61.28489610145672
2024,Census Tract 6401,1464.0,17031640100,640100,64,1.0,23629.0,0.0619577637648652,CLEARING,71.14519236904174
2024,Census Tract 6403,6158.0,17031640300,640300,64,1.0,23629.0,0.2606119598798087,CLEARING,71.14519236904174
2024,Census Tract 7501,3246.0,17031750100,750100,75,1.0,20865.0,0.1555715312724658,MORGAN PARK,91.877340681314
2024,Census Tract 7502,3079.0,17031750200,750200,75,1.0,20865.0,0.1475676971004073,MORGAN PARK,91.877340681314
2024,Census Tract 7503,2493.0,17031750300,750300,75,1.0,20865.0,0.1194823867721064,MORGAN PARK,91.877340681314
2024,Census Tract 7504,3142.0,17031750400,750400,75,1.0,20865.0,0.1505871075964533,MORGAN PARK,91.877340681314
2024,Census Tract 7505,5487.0,17031750500,750500,75,1.0,20865.0,0.2629762760603882,MORGAN PARK,91.877340681314
2024,Census Tract 2827,2239.0,17031282700,282700,28,1.0,68165.0,0.0328467688696545,NEAR WEST SIDE,158.49246652347665
2024,Census Tract 2828,1727.0,17031282800,282800,28,1.0,68165.0,0.025335582777085,NEAR WEST SIDE,158.49246652347665
2024,Census Tract 4003,1311.0,17031400300,400300,40,1.0,12313.0,0.106472833590514,WASHINGTON PARK,42.37388147613499
2024,Census Tract 4005,2308.0,17031400500,400500,40,1.0,12313.0,0.1874441647039714,WASHINGTON PARK,42.37388147613499
2024,Census Tract 4008,2909.0,17031400800,400800,40,1.0,12313.0,0.2362543653049622,WASHINGTON PARK,42.37388147613499
2024,Census Tract 4101,2287.0,17031410100,410100,41,1.0,30599.0,0.0747410046079937,HYDE PARK,45.10538016450888
2024,Census Tract 4105,2887.0,17031410500,410500,41,1.0,30599.0,0.0943494885453773,HYDE PARK,45.10538016450888
2024,Census Tract 4106,2600.0,17031410600,410600,41,1.0,30599.0,0.0849700970619954,HYDE PARK,45.10538016450888
2024,Census Tract 4601,2351.0,17031460100,460100,46,1.0,27551.0,0.0853326558019672,SOUTH CHICAGO,93.2721849914544
2024,Census Tract 4503,2968.0,17031450300,450300,45,1.0,9071.0,0.3271965604674237,AVALON PARK,34.852737729948345
2024,Census Tract 4602,2196.0,17031460200,460200,46,1.0,27551.0,0.0797067257086857,SOUTH CHICAGO,93.2721849914544
2024,Census Tract 6404,3306.0,17031640400,640400,64,1.0,23629.0,0.1399128189936095,CLEARING,71.14519236904174
2024,Census Tract 6405,4091.0,17031640500,640500,64,1.0,23629.0,0.1731347073511363,CLEARING,71.14519236904174
2024,Census Tract 6406,4042.0,17031640600,640600,64,1.0,23629.0,0.1710609843835964,CLEARING,71.14519236904174
2024,Census Tract 6407,3080.0,17031640700,640700,64,1.0,23629.0,0.1303483008167929,CLEARING,71.14519236904174
2024,Census Tract 6408,1488.0,17031640800,640800,64,1.0,23629.0,0.0629734648101908,CLEARING,71.14519236904174
2024,Census Tract 6501,4283.0,17031650100,650100,65,1.0,31942.0,0.1340867822929058,WEST LAWN,82.3153016672832
2024,Census Tract 6502,6782.0,17031650200,650200,65,1.0,31942.0,0.2123223342307933,WEST LAWN,82.3153016672832
2024,Census Tract 7506,3418.0,17031750600,750600,75,1.0,20865.0,0.1638150011981787,MORGAN PARK,91.877340681314
2024,Census Tract 2831,2560.0,17031283100,283100,28,1.0,68165.0,0.0375559304628475,NEAR WEST SIDE,158.49246652347665
2024,Census Tract 2838,3515.0,17031283800,283800,28,1.0,68165.0,0.05156605295973,NEAR WEST SIDE,158.49246652347665
2024,Census Tract 4107,2494.0,17031410700,410700,41,1.0,30599.0,0.081505931566391,HYDE PARK,45.10538016450888
2024,Census Tract 4108,2770.0,17031410800,410800,41,1.0,30599.0,0.0905258341775875,HYDE PARK,45.10538016450888
2024,Census Tract 4109,3693.0,17031410900,410900,41,1.0,30599.0,0.1206902186345959,HYDE PARK,45.10538016450888
2024,Census Tract 4110,4548.0,17031411000,411000,41,1.0,30599.0,0.1486323082453675,HYDE PARK,45.10538016450888
2024,Census Tract 4111,2359.0,17031411100,411100,41,1.0,30599.0,0.0770940226804797,HYDE PARK,45.10538016450888
2024,Census Tract 4112,1698.0,17031411200,411200,41,1.0,30599.0,0.0554920095427955,HYDE PARK,45.10538016450888
2024,Census Tract 4604,3817.0,17031460400,460400,46,1.0,27551.0,0.138543065587456,SOUTH CHICAGO,93.2721849914544
2024,Census Tract 4605,4954.0,17031460500,460500,46,1.0,27551.0,0.1798119850459148,SOUTH CHICAGO,93.2721849914544
2024,Census Tract 4610,1230.0,17031461000,461000,46,1.0,27551.0,0.0446444775144277,SOUTH CHICAGO,93.2721849914544
2024,Census Tract 4201,1431.0,17031420100,420100,42,1.0,24355.0,0.0587559022787928,WOODLAWN,57.81517950095547
2024,Census Tract 4202,2011.0,17031420200,420200,42,1.0,24355.0,0.0825703141038801,WOODLAWN,57.81517950095547
2024,Census Tract 4204,1463.0,17031420400,420400,42,1.0,24355.0,0.0600698008622459,WOODLAWN,57.81517950095547
2024,Census Tract 4207,2424.0,17031420700,420700,42,1.0,24355.0,0.0995278176965715,WOODLAWN,57.81517950095547
2024,Census Tract 4208,2146.0,17031420800,420800,42,1.0,24355.0,0.0881133237528228,WOODLAWN,57.81517950095547
2024,Census Tract 4701,2304.0,17031470100,470100,47,1.0,2304.0,1.0,BURNSIDE,16.995983270423185
2024,Census Tract 4801,1989.0,17031480100,480100,48,1.0,11229.0,0.1771306438685546,CALUMET HEIGHTS,48.82624155505823
2024,Census Tract 4802,1029.0,17031480200,480200,48,1.0,11229.0,0.0916377237510018,CALUMET HEIGHTS,48.82624155505823
2024,Census Tract 4803,1296.0,17031480300,480300,48,1.0,11229.0,0.1154154421586962,CALUMET HEIGHTS,48.82624155505823
2024,Census Tract 4804,4084.0,17031480400,480400,48,1.0,11229.0,0.363701131000089,CALUMET HEIGHTS,48.82624155505823
2024,Census Tract 6504,6907.0,17031650400,650400,65,1.0,31942.0,0.2162356771648613,WEST LAWN,82.3153016672832
2024,Census Tract 6505,4032.0,17031650500,650500,65,1.0,31942.0,0.1262287896812973,WEST LAWN,82.3153016672832
2024,Census Tract 6604,4981.0,17031660400,660400,66,1.0,54409.0,0.0915473542980021,CHICAGO LAWN,98.27946509626284
2024,Census Tract 2909,4870.0,17031290900,290900,29,1.0,33958.0,0.1434124506743624,NORTH LAWNDALE,89.48742200680012
2024,Census Tract 2912,2225.0,17031291200,291200,29,1.0,33958.0,0.0655221155545085,NORTH LAWNDALE,89.48742200680012
2024,Census Tract 4212,2049.0,17031421200,421200,42,1.0,24355.0,0.0841305686717306,WOODLAWN,57.81517950095547
2024,Census Tract 2715,1469.0,17031271500,271500,27,1.0,20731.0,0.0708600646374994,EAST GARFIELD PARK,53.88322083574582
2024,Census Tract 2922,2658.0,17031292200,292200,29,1.0,33958.0,0.0782731609635432,NORTH LAWNDALE,89.48742200680012
2024,Census Tract 2924,1916.0,17031292400,292400,29,1.0,33958.0,0.0564226397314329,NORTH LAWNDALE,89.48742200680012
2024,Census Tract 2925,3310.0,17031292500,292500,29,1.0,33958.0,0.0974733494316508,NORTH LAWNDALE,89.48742200680012
2024,Census Tract 2718,1006.0,17031271800,271800,27,1.0,20731.0,0.0485263614876272,EAST GARFIELD PARK,53.88322083574582
2024,Census Tract 2801,7742.0,17031280100,280100,28,1.0,68165.0,0.1135773490794396,NEAR WEST SIDE,158.49246652347665
2024,Census Tract 2804,1508.0,17031280400,280400,28,1.0,68165.0,0.0221227902882711,NEAR WEST SIDE,158.49246652347665
2024,Census Tract 3006,3260.0,17031300600,300600,30,1.0,69884.0,0.0466487321847633,SOUTH LAWNDALE,127.99829784190968
2024,Census Tract 3007,4329.0,17031300700,300700,30,1.0,69884.0,0.0619455097017915,SOUTH LAWNDALE,127.99829784190968
2024,Census Tract 3011,2403.0,17031301100,301100,30,1.0,69884.0,0.0343855532024497,SOUTH LAWNDALE,127.99829784190968
2024,Census Tract 3012,4087.0,17031301200,301200,30,1.0,69884.0,0.0584826283555606,SOUTH LAWNDALE,127.99829784190968
2024,Census Tract 4805,2831.0,17031480500,480500,48,1.0,11229.0,0.2521150592216582,CALUMET HEIGHTS,48.82624155505823
2024,Census Tract 4905,1971.0,17031490500,490500,49,1.0,36635.0,0.0538010099631499,ROSELAND,134.31370670490057
2024,Census Tract 5202,3485.0,17031520200,520200,52,1.0,22687.0,0.1536122008198527,EAST SIDE,83.24172803329057
2024,Census Tract 5203,6186.0,17031520300,520300,52,1.0,22687.0,0.2726671662185392,EAST SIDE,83.24172803329057
2024,Census Tract 5204,3589.0,17031520400,520400,52,1.0,22687.0,0.1581963238859258,EAST SIDE,83.24172803329057
2024,Census Tract 5205,4908.0,17031520500,520500,52,1.0,22687.0,0.2163353462335258,EAST SIDE,83.24172803329057
2024,Census Tract 5206,2703.0,17031520600,520600,52,1.0,22687.0,0.1191431216114955,EAST SIDE,83.24172803329057
2024,Census Tract 6605,5650.0,17031660500,660500,66,1.0,54409.0,0.1038431141906669,CHICAGO LAWN,98.27946509626284
2024,Census Tract 6606,6533.0,17031660600,660600,66,1.0,54409.0,0.1200720469040048,CHICAGO LAWN,98.27946509626284
2024,Census Tract 6607,1561.0,17031660700,660700,66,1.0,54409.0,0.0286901064162179,CHICAGO LAWN,98.27946509626284
2024,Census Tract 6608,5876.0,17031660800,660800,66,1.0,54409.0,0.1079968387582936,CHICAGO LAWN,98.27946509626284
2024,Census Tract 6609,5855.0,17031660900,660900,66,1.0,54409.0,0.1076108732011248,CHICAGO LAWN,98.27946509626284
2024,Census Tract 6610,4954.0,17031661000,661000,66,1.0,54409.0,0.0910511128673565,CHICAGO LAWN,98.27946509626284
2024,Census Tract 2809,1253.0,17031280900,280900,28,1.0,68165.0,0.0183818675273234,NEAR WEST SIDE,158.49246652347665
2024,Census Tract 3016,4228.0,17031301600,301600,30,1.0,69884.0,0.0605002575696869,SOUTH LAWNDALE,127.99829784190968
2024,Census Tract 4906,1344.0,17031490600,490600,49,1.0,36635.0,0.0366862290159683,ROSELAND,134.31370670490057
2024,Census Tract 4907,2494.0,17031490700,490700,49,1.0,36635.0,0.0680769755698103,ROSELAND,134.31370670490057
2024,Census Tract 4908,3573.0,17031490800,490800,49,1.0,36635.0,0.0975296847277193,ROSELAND,134.31370670490057
2024,Census Tract 4910,3412.0,17031491000,491000,49,1.0,36635.0,0.0931349802101815,ROSELAND,134.31370670490057
2024,Census Tract 4911,4062.0,17031491100,491100,49,1.0,36635.0,0.11087757608844,ROSELAND,134.31370670490057
2024,Census Tract 5302,3779.0,17031530200,530200,53,1.0,24549.0,0.1539370239113609,WEST PULLMAN,99.36519806341394
2024,Census Tract 5303,3482.0,17031530300,530300,53,1.0,24549.0,0.1418387714367184,WEST PULLMAN,99.36519806341394
2024,Census Tract 5304,2102.0,17031530400,530400,53,1.0,24549.0,0.0856246690292883,WEST PULLMAN,99.36519806341394
2024,Census Tract 5306,2620.0,17031530600,530600,53,1.0,24549.0,0.1067253248604831,WEST PULLMAN,99.36519806341394
2024,Census Tract 5601,1197.0,17031560100,560100,56,1.0,36732.0,0.0325873897419144,GARFIELD RIDGE,117.89077840626808
2024,Census Tract 6702,1355.0,17031670200,670200,67,1.0,28144.0,0.0481452529846503,WEST ENGLEWOOD,87.94769193108257
2024,Census Tract 6703,1204.0,17031670300,670300,67,1.0,28144.0,0.0427799886299033,WEST ENGLEWOOD,87.94769193108257
2024,Census Tract 6704,1746.0,17031670400,670400,67,1.0,28144.0,0.0620380898237635,WEST ENGLEWOOD,87.94769193108257
2024,Census Tract 6611,7052.0,17031661100,661100,66,1.0,54409.0,0.1296109099597493,CHICAGO LAWN,98.27946509626284
2024,Census Tract 6701,1031.0,17031670100,670100,67,1.0,28144.0,0.0366330301307561,WEST ENGLEWOOD,87.94769193108257
2024,Census Tract 6706,1232.0,17031670600,670600,67,1.0,28144.0,0.0437748720864127,WEST ENGLEWOOD,87.94769193108257
2024,Census Tract 6707,720.0,17031670700,670700,67,1.0,28144.0,0.0255827174530983,WEST ENGLEWOOD,87.94769193108257
2024,Census Tract 6708,1270.0,17031670800,670800,67,1.0,28144.0,0.045125071063104,WEST ENGLEWOOD,87.94769193108257
2024,Census Tract 6709,1414.0,17031670900,670900,67,1.0,28144.0,0.0502416145537237,WEST ENGLEWOOD,87.94769193108257
2024,Census Tract 2609,1174.0,17031260900,260900,26,1.0,15096.0,0.0777689454160042,WEST GARFIELD PARK,36.09284880796031
2024,Census Tract 2610,1972.0,17031261000,261000,26,1.0,15096.0,0.1306306306306306,WEST GARFIELD PARK,36.09284880796031
2024,Census Tract 2819,6907.0,17031281900,281900,28,1.0,68165.0,0.101327660823003,NEAR WEST SIDE,158.49246652347665
2024,Census Tract 3102,1508.0,17031310200,310200,31,1.0,33446.0,0.0450876038988219,LOWER WEST SIDE,81.55072362189355
2024,Census Tract 3103,1560.0,17031310300,310300,31,1.0,33446.0,0.0466423488608503,LOWER WEST SIDE,81.55072362189355
2024,Census Tract 3104,1447.0,17031310400,310400,31,1.0,33446.0,0.0432637684625964,LOWER WEST SIDE,81.55072362189355
2024,Census Tract 3105,1356.0,17031310500,310500,31,1.0,33446.0,0.0405429647790468,LOWER WEST SIDE,81.55072362189355
2024,Census Tract 4912,1848.0,17031491200,491200,49,1.0,36635.0,0.0504435648969564,ROSELAND,134.31370670490057
2024,Census Tract 4913,2025.0,17031491300,491300,49,1.0,36635.0,0.055275010236113,ROSELAND,134.31370670490057
2024,Census Tract 4914,2515.0,17031491400,491400,49,1.0,36635.0,0.0686501978981848,ROSELAND,134.31370670490057
2024,Census Tract 5001,3283.0,17031500100,500100,50,1.0,6744.0,0.486803084223013,PULLMAN,59.00155559069487
2024,Census Tract 5002,1769.0,17031500200,500200,50,1.0,6744.0,0.2623072360616844,PULLMAN,59.00155559069487
2024,Census Tract 5003,1692.0,17031500300,500300,50,1.0,6744.0,0.2508896797153025,PULLMAN,59.00155559069487
2024,Census Tract 5602,1716.0,17031560200,560200,56,1.0,36732.0,0.0467167592290101,GARFIELD RIDGE,117.89077840626808
2024,Census Tract 5603,3343.0,17031560300,560300,56,1.0,36732.0,0.0910105629968419,GARFIELD RIDGE,117.89077840626808
2024,Census Tract 5607,3923.0,17031560700,560700,56,1.0,36732.0,0.106800609822498,GARFIELD RIDGE,117.89077840626808
2024,Census Tract 5608,6415.0,17031560800,560800,56,1.0,36732.0,0.1746433627354895,GARFIELD RIDGE,117.89077840626808
2024,Census Tract 5609,5175.0,17031560900,560900,56,1.0,36732.0,0.1408853315909833,GARFIELD RIDGE,117.89077840626808
2024,Census Tract 5610,5904.0,17031561000,561000,56,1.0,36732.0,0.1607317869977131,GARFIELD RIDGE,117.89077840626808
2024,Census Tract 301.01,3515.0,17031030101,30101,77,1.0,56563.0,0.0621430970775949,EDGEWATER,48.449990830225794
2024,Census Tract 307.01,1516.0,17031030701,30701,77,1.0,56563.0,0.0268019730212329,EDGEWATER,48.449990830225794
2024,Census Tract 701.03,1489.0,17031070103,70103,7,1.0,67987.0,0.0219012458264079,LINCOLN PARK,88.31640045539218
2024,Census Tract 8319,2991.0,17031831900,831900,6,1.0,102827.0,0.0290876909761054,LAKE VIEW,87.21479925558447
2024,Census Tract 8326,4150.0,17031832600,832600,7,1.0,67987.0,0.0610410813832056,LINCOLN PARK,88.31640045539218
2024,Census Tract 8369,2181.0,17031836900,836900,27,1.0,20731.0,0.105204765809657,EAST GARFIELD PARK,53.88322083574582
2024,Census Tract 8412,5004.0,17031841200,841200,31,1.0,33446.0,0.1496143036536506,LOWER WEST SIDE,81.55072362189355
2024,Census Tract 8395,1827.0,17031839500,839500,35,1.0,21088.0,0.0866369499241274,DOUGLAS,46.004621149279
2024,Census Tract 8358,2031.0,17031835800,835800,38,1.0,25181.0,0.0806560501965767,GRAND BOULEVARD,48.49250314605212
2024,Census Tract 8388,2396.0,17031838800,838800,51,1.0,12854.0,0.1864011202738447,SOUTH DEERING,303.79705960132867
2024,Census Tract 8423,3490.0,17031842300,842300,24,1.0,88197.0,0.0395705069333424,WEST TOWN,127.56290457232984
2024,Census Tract 8419,6567.0,17031841900,841900,28,1.0,68165.0,0.096339763808406,NEAR WEST SIDE,158.49246652347665
2024,Census Tract 8432,2135.0,17031843200,843200,31,1.0,33446.0,0.0638342402678945,LOWER WEST SIDE,81.55072362189355
2024,Census Tract 8434,1279.0,17031843400,843400,29,1.0,33958.0,0.037664173390659,NORTH LAWNDALE,89.48742200680012
2024,Census Tract 8426,4223.0,17031842600,842600,61,1.0,40140.0,0.1052067762830094,NEW CITY,134.6369632279751
2024,Census Tract 3018.03,3183.0,17031301803,301803,30,1.0,69884.0,0.0455469063018716,SOUTH LAWNDALE,127.99829784190968
2024,Census Tract 103,6477.0,17031010300,10300,1,1.0,54173.0,0.1195614051280158,ROGERS PARK,51.25990244057384
2024,Census Tract 104,4545.0,17031010400,10400,1,1.0,54173.0,0.0838978827090986,ROGERS PARK,51.25990244057384
2024,Census Tract 106,6467.0,17031010600,10600,1,1.0,54173.0,0.1193768113266756,ROGERS PARK,51.25990244057384
2024,Census Tract 201,4159.0,17031020100,20100,2,1.0,78373.0,0.0530667449249103,WEST RIDGE,98.4290948429624
2024,Census Tract 2808,869.0,17031280800,280800,28,1.0,68165.0,0.0127484779578962,NEAR WEST SIDE,158.49246652347665
2024,Census Tract 4203,2511.0,17031420300,420300,42,1.0,24355.0,0.1030999794703346,WOODLAWN,57.81517950095547
2024,Census Tract 1002,7742.0,17031100200,100200,10,1.0,39530.0,0.1958512522135087,NORWOOD PARK,121.95910544621267
2024,Census Tract 202,7632.0,17031020200,20200,2,1.0,78373.0,0.0973804754188304,WEST RIDGE,98.4290948429624
2024,Census Tract 1302,1394.0,17031130200,130200,13,1.0,18356.0,0.0759424711266071,NORTH PARK,70.28870642060181
2024,Census Tract 204,4363.0,17031020400,20400,2,1.0,78373.0,0.0556696821609482,WEST RIDGE,98.4290948429624
2024,Census Tract 802.02,3987.0,17031080202,80202,8,1.0,107331.0,0.0371467702714034,NEAR NORTH SIDE,76.67589595801923
2024,Census Tract 2402,1743.0,17031240200,240200,24,1.0,88197.0,0.0197625769583999,WEST TOWN,127.56290457232984
2024,Census Tract 6118,1353.0,17031611800,611800,61,1.0,40140.0,0.0337070254110612,NEW CITY,134.6369632279751
2024,Census Tract 602,2176.0,17031060200,60200,6,1.0,102827.0,0.0211617571260466,LAKE VIEW,87.21479925558447
2024,Census Tract 2212,3096.0,17031221200,221200,22,1.0,71160.0,0.0435075885328836,LOGAN SQUARE,100.05756668057336
2024,Census Tract 612,1954.0,17031061200,61200,6,1.0,102827.0,0.0190027910957238,LAKE VIEW,87.21479925558447
2024,Census Tract 302,5791.0,17031030200,30200,77,1.0,56563.0,0.1023814154129024,EDGEWATER,48.449990830225794
2024,Census Tract 303,2956.0,17031030300,30300,77,1.0,56563.0,0.0522603115110584,EDGEWATER,48.449990830225794
2024,Census Tract 304,2716.0,17031030400,30400,77,1.0,56563.0,0.0480172550960875,EDGEWATER,48.449990830225794
2024,Census Tract 309,2818.0,17031030900,30900,77,1.0,56563.0,0.0498205540724501,EDGEWATER,48.449990830225794
2024,Census Tract 310,4108.0,17031031000,31000,3,1.0,56344.0,0.0729092716172085,UPTOWN,65.09564271609112
2024,Census Tract 6006,2668.0,17031600600,600600,60,1.0,33675.0,0.0792279138827023,BRIDGEPORT,58.29151926539481
2024,Census Tract 4206,2980.0,17031420600,420600,42,1.0,24355.0,0.1223568055840689,WOODLAWN,57.81517950095547
2024,Census Tract 1101,5401.0,17031110100,110100,11,1.0,26649.0,0.2026717700476565,JEFFERSON PARK,64.86816166921948
2024,Census Tract 314,4697.0,17031031400,31400,3,1.0,56344.0,0.0833629135311656,UPTOWN,65.09564271609112
2024,Census Tract 409,2267.0,17031040900,40900,4,1.0,41651.0,0.0544284651028786,LINCOLN SQUARE,71.35232822594875
2024,Census Tract 502,5862.0,17031050200,50200,5,1.0,36014.0,0.162770033875715,NORTH CENTER,57.05416783863191
2024,Census Tract 503,2973.0,17031050300,50300,5,1.0,36014.0,0.0825512300771922,NORTH CENTER,57.05416783863191
2024,Census Tract 717,1656.0,17031071700,71700,7,1.0,67987.0,0.0243575977760454,LINCOLN PARK,88.31640045539218
2024,Census Tract 318,1765.0,17031031800,31800,3,1.0,56344.0,0.0313254295044725,UPTOWN,65.09564271609112
2024,Census Tract 317,5851.0,17031031700,31700,3,1.0,56344.0,0.1038442425102939,UPTOWN,65.09564271609112
2024,Census Tract 6104,2063.0,17031610400,610400,61,1.0,40140.0,0.0513951170901843,NEW CITY,134.6369632279751
2024,Census Tract 506,2375.0,17031050600,50600,5,1.0,36014.0,0.0659465763314266,NORTH CENTER,57.05416783863191
2024,Census Tract 505,5221.0,17031050500,50500,5,1.0,36014.0,0.1449714000111067,NORTH CENTER,57.05416783863191
2024,Census Tract 716,1783.0,17031071600,71600,7,1.0,67987.0,0.0262256019533146,LINCOLN PARK,88.31640045539218
2024,Census Tract 6714,1516.0,17031671400,671400,67,1.0,28144.0,0.0538658328595793,WEST ENGLEWOOD,87.94769193108257
2024,Census Tract 623,1596.0,17031062300,62300,6,1.0,102827.0,0.0155212152450231,LAKE VIEW,87.21479925558447
2024,Census Tract 6304,7455.0,17031630400,630400,63,1.0,36081.0,0.2066184418391951,GAGE PARK,61.28489610145672
2024,Census Tract 101,4198.0,17031010100,10100,1,1.0,54173.0,0.0774924778025953,ROGERS PARK,51.25990244057384
2024,Census Tract 6806,1205.0,17031680600,680600,68,1.0,23195.0,0.0519508514766113,ENGLEWOOD,85.65232306609218
2024,Census Tract 305,6518.0,17031030500,30500,77,1.0,56563.0,0.1152343404699185,EDGEWATER,48.449990830225794
2024,Census Tract 205,6625.0,17031020500,20500,2,1.0,78373.0,0.084531662689957,WEST RIDGE,98.4290948429624
2024,Census Tract 813,5704.0,17031081300,81300,8,1.0,107331.0,0.0531440124474755,NEAR NORTH SIDE,76.67589595801923
2024,Census Tract 810,8264.0,17031081000,81000,8,1.0,107331.0,0.0769954626342808,NEAR NORTH SIDE,76.67589595801923
2024,Census Tract 1301,5418.0,17031130100,130100,13,1.0,18356.0,0.2951623447374155,NORTH PARK,70.28870642060181
2024,Census Tract 1702,3553.0,17031170200,170200,17,1.0,41233.0,0.0861688453423229,DUNNING,103.5950011545707
2024,Census Tract 1703,4794.0,17031170300,170300,17,1.0,41233.0,0.1162660975432299,DUNNING,103.5950011545707
2024,Census Tract 1704,4074.0,17031170400,170400,17,1.0,41233.0,0.0988043557344845,DUNNING,103.5950011545707
2024,Census Tract 1705,4899.0,17031170500,170500,17,1.0,41233.0,0.1188126015570053,DUNNING,103.5950011545707
2024,Census Tract 1706,2500.0,17031170600,170600,17,1.0,41233.0,0.0606310479470327,DUNNING,103.5950011545707
2024,Census Tract 1707,3323.0,17031170700,170700,17,1.0,41233.0,0.0805907889311958,DUNNING,103.5950011545707
2024,Census Tract 1708,4097.0,17031170800,170800,17,1.0,41233.0,0.0993621613755972,DUNNING,103.5950011545707
2024,Census Tract 2514,3170.0,17031251400,251400,25,1.0,97452.0,0.0325288347083692,AUSTIN,199.25420338818205
2024,Census Tract 2603,1429.0,17031260300,260300,26,1.0,15096.0,0.0946608373078961,WEST GARFIELD PARK,36.09284880796031
2024,Census Tract 2605,1985.0,17031260500,260500,26,1.0,15096.0,0.1314917859035506,WEST GARFIELD PARK,36.09284880796031
2024,Census Tract 2606,1793.0,17031260600,260600,26,1.0,15096.0,0.1187731849496555,WEST GARFIELD PARK,36.09284880796031
2024,Census Tract 2607,1198.0,17031260700,260700,26,1.0,15096.0,0.0793587705352411,WEST GARFIELD PARK,36.09284880796031
2024,Census Tract 2608,1719.0,17031260800,260800,26,1.0,15096.0,0.1138712241653418,WEST GARFIELD PARK,36.09284880796031
2024,Census Tract 507,1470.0,17031050700,50700,5,1.0,36014.0,0.0408174598767146,NORTH CENTER,57.05416783863191
2024,Census Tract 509,1456.0,17031050900,50900,5,1.0,36014.0,0.040428722163603,NORTH CENTER,57.05416783863191
2024,Census Tract 510,1641.0,17031051000,51000,5,1.0,36014.0,0.0455656133725773,NORTH CENTER,57.05416783863191
2024,Census Tract 511,1851.0,17031051100,51100,5,1.0,36014.0,0.0513966790692508,NORTH CENTER,57.05416783863191
2024,Census Tract 512,1536.0,17031051200,51200,5,1.0,36014.0,0.0426500805242405,NORTH CENTER,57.05416783863191
2024,Census Tract 1709,1854.0,17031170900,170900,17,1.0,41233.0,0.0449639851575194,DUNNING,103.5950011545707
2024,Census Tract 1710,6178.0,17031171000,171000,17,1.0,41233.0,0.1498314456867072,DUNNING,103.5950011545707
2024,Census Tract 1711,3876.0,17031171100,171100,17,1.0,41233.0,0.0940023767370795,DUNNING,103.5950011545707
2024,Census Tract 1801,7040.0,17031180100,180100,18,1.0,14280.0,0.4929971988795518,MONTCLARE,27.57639362717424
2024,Census Tract 1901,2423.0,17031190100,190100,19,1.0,72088.0,0.0336116968150038,BELMONT CRAGIN,109.09941466771691
2024,Census Tract 2222,2151.0,17031222200,222200,22,1.0,71160.0,0.0302276559865092,LOGAN SQUARE,100.05756668057336
2024,Census Tract 2225,1241.0,17031222500,222500,22,1.0,71160.0,0.0174395727937043,LOGAN SQUARE,100.05756668057336
2024,Census Tract 2226,1465.0,17031222600,222600,22,1.0,71160.0,0.0205874086565486,LOGAN SQUARE,100.05756668057336
2024,Census Tract 2515,4489.0,17031251500,251500,25,1.0,97452.0,0.0460637031564257,AUSTIN,199.25420338818205
2024,Census Tract 2516,3983.0,17031251600,251600,25,1.0,97452.0,0.0408714033575503,AUSTIN,199.25420338818205
2024,Census Tract 2517,1368.0,17031251700,251700,25,1.0,97452.0,0.014037680088659,AUSTIN,199.25420338818205
2024,Census Tract 2518,4532.0,17031251800,251800,25,1.0,97452.0,0.0465049460247096,AUSTIN,199.25420338818205
2024,Census Tract 2519,5519.0,17031251900,251900,25,1.0,97452.0,0.0566330090711324,AUSTIN,199.25420338818205
2024,Census Tract 2520,5643.0,17031252000,252000,25,1.0,97452.0,0.0579054303657185,AUSTIN,199.25420338818205
2024,Census Tract 1303,4944.0,17031130300,130300,13,1.0,18356.0,0.269339725430377,NORTH PARK,70.28870642060181
2024,Census Tract 1902,5766.0,17031190200,190200,19,1.0,72088.0,0.0799855731883253,BELMONT CRAGIN,109.09941466771691
2024,Census Tract 1903,5728.0,17031190300,190300,19,1.0,72088.0,0.0794584396848296,BELMONT CRAGIN,109.09941466771691
2024,Census Tract 1908,6018.0,17031190800,190800,19,1.0,72088.0,0.0834813006325602,BELMONT CRAGIN,109.09941466771691
2024,Census Tract 2601,1106.0,17031260100,260100,26,1.0,15096.0,0.0732644409114997,WEST GARFIELD PARK,36.09284880796031
2024,Census Tract 2602,1209.0,17031260200,260200,26,1.0,15096.0,0.080087440381558,WEST GARFIELD PARK,36.09284880796031
2024,Census Tract 5301,1678.0,17031530100,530100,53,1.0,24549.0,0.0683530897388895,WEST PULLMAN,99.36519806341394
2024,Census Tract 618,1152.0,17031061800,61800,6,1.0,102827.0,0.0112032831843776,LAKE VIEW,87.21479925558447
2024,Census Tract 4102,1133.0,17031410200,410200,41,1.0,30599.0,0.0370273538350926,HYDE PARK,45.10538016450888
2024,Census Tract 2229,1171.0,17031222900,222900,22,1.0,71160.0,0.0164558740865654,LOGAN SQUARE,100.05756668057336
2024,Census Tract 2410,1948.0,17031241000,241000,24,1.0,88197.0,0.0220869190562037,WEST TOWN,127.56290457232984
2024,Census Tract 1909,1818.0,17031190900,190900,19,1.0,72088.0,0.0252191765619798,BELMONT CRAGIN,109.09941466771691
2024,Census Tract 1912,3836.0,17031191200,191200,19,1.0,72088.0,0.0532127399844634,BELMONT CRAGIN,109.09941466771691
2024,Census Tract 2001,4004.0,17031200100,200100,20,1.0,22576.0,0.1773564847625797,HERMOSA,32.60205939915233
2024,Census Tract 2002,4601.0,17031200200,200200,20,1.0,22576.0,0.2038004961020552,HERMOSA,32.60205939915233
2024,Census Tract 2003,1858.0,17031200300,200300,20,1.0,22576.0,0.0822997873848334,HERMOSA,32.60205939915233
2024,Census Tract 2227,2035.0,17031222700,222700,22,1.0,71160.0,0.0285975267003934,LOGAN SQUARE,100.05756668057336
2024,Census Tract 2301,1516.0,17031230100,230100,23,1.0,56153.0,0.0269976670881342,HUMBOLDT PARK,100.48087648273764
2024,Census Tract 2302,1936.0,17031230200,230200,23,1.0,56153.0,0.034477231848699,HUMBOLDT PARK,100.48087648273764
2024,Census Tract 2303,967.0,17031230300,230300,23,1.0,56153.0,0.0172208074368243,HUMBOLDT PARK,100.48087648273764
2024,Census Tract 2304,2122.0,17031230400,230400,23,1.0,56153.0,0.0377896105283778,HUMBOLDT PARK,100.48087648273764
2024,Census Tract 2305,3673.0,17031230500,230500,23,1.0,56153.0,0.0654105746798924,HUMBOLDT PARK,100.48087648273764
2024,Census Tract 3511,2000.0,17031351100,351100,35,1.0,21088.0,0.0948406676783004,DOUGLAS,46.004621149279
2024,Census Tract 6117,1703.0,17031611700,611700,61,1.0,40140.0,0.0424265072247135,NEW CITY,134.6369632279751
2024,Census Tract 3005,3355.0,17031300500,300500,30,1.0,69884.0,0.0480081277545647,SOUTH LAWNDALE,127.99829784190968
2024,Census Tract 3815,669.0,17031381500,381500,38,1.0,25181.0,0.0265676502124617,GRAND BOULEVARD,48.49250314605212
2024,Census Tract 4205,1751.0,17031420500,420500,42,1.0,24355.0,0.0718948881133237,WOODLAWN,57.81517950095547
2024,Census Tract 815,5237.0,17031081500,81500,8,1.0,107331.0,0.0487929861829294,NEAR NORTH SIDE,76.67589595801923
2024,Census Tract 816,4553.0,17031081600,81600,8,1.0,107331.0,0.0424201768361424,NEAR NORTH SIDE,76.67589595801923
2024,Census Tract 817,5161.0,17031081700,81700,8,1.0,107331.0,0.0480848962555086,NEAR NORTH SIDE,76.67589595801923
2024,Census Tract 818,13521.0,17031081800,81800,8,1.0,107331.0,0.1259747882717947,NEAR NORTH SIDE,76.67589595801923
2024,Census Tract 819,1326.0,17031081900,81900,8,1.0,107331.0,0.0123543058389468,NEAR NORTH SIDE,76.67589595801923
2024,Census Tract 2228,945.0,17031222800,222800,22,1.0,71160.0,0.0132799325463743,LOGAN SQUARE,100.05756668057336
2024,Census Tract 508,1448.0,17031050800,50800,5,1.0,36014.0,0.0402065863275392,NORTH CENTER,57.05416783863191
2024,Census Tract 2101,4206.0,17031210100,210100,21,1.0,35533.0,0.1183688402330228,AVONDALE,55.29059546222403
2024,Census Tract 2104,3095.0,17031210400,210400,21,1.0,35533.0,0.0871021304139813,AVONDALE,55.29059546222403
2024,Census Tract 2307,5345.0,17031230700,230700,23,1.0,56153.0,0.0951863658219507,HUMBOLDT PARK,100.48087648273764
2024,Census Tract 2308,993.0,17031230800,230800,23,1.0,56153.0,0.0176838281124784,HUMBOLDT PARK,100.48087648273764
2024,Census Tract 2309,4792.0,17031230900,230900,23,1.0,56153.0,0.0853382722205403,HUMBOLDT PARK,100.48087648273764
2024,Census Tract 5502,2692.0,17031550200,550200,55,1.0,8853.0,0.3040777137693437,HEGEWISCH,145.96574140897752
2024,Census Tract 6705,1294.0,17031670500,670500,67,1.0,28144.0,0.0459778283115406,WEST ENGLEWOOD,87.94769193108257
2024,Census Tract 5808,2018.0,17031580800,580800,58,1.0,42994.0,0.0469367818765409,BRIGHTON PARK,75.89279029683405
2024,Census Tract 2306,8582.0,17031230600,230600,23,1.0,56153.0,0.1528324399408758,HUMBOLDT PARK,100.48087648273764
2024,Census Tract 2423,3208.0,17031242300,242300,24,1.0,88197.0,0.0363731192670952,WEST TOWN,127.56290457232984
2024,Census Tract 2422,4182.0,17031242200,242200,24,1.0,88197.0,0.0474165787951971,WEST TOWN,127.56290457232984
2024,Census Tract 321,7442.0,17031032100,32100,3,1.0,56344.0,0.1320814993610677,UPTOWN,65.09564271609112
2024,Census Tract 3008,3764.0,17031300800,300800,30,1.0,69884.0,0.0538606834182359,SOUTH LAWNDALE,127.99829784190968
2024,Census Tract 609,7283.0,17031060900,60900,6,1.0,102827.0,0.0708277008956791,LAKE VIEW,87.21479925558447
2024,Census Tract 610,2284.0,17031061000,61000,6,1.0,102827.0,0.022212064924582,LAKE VIEW,87.21479925558447
2024,Census Tract 2107,3769.0,17031210700,210700,21,1.0,35533.0,0.1060704134185123,AVONDALE,55.29059546222403
2024,Census Tract 2916,1506.0,17031291600,291600,29,1.0,33958.0,0.04434890158431,NORTH LAWNDALE,89.48742200680012
2024,Census Tract 4004,2059.0,17031400400,400400,40,1.0,12313.0,0.1672216356696174,WASHINGTON PARK,42.37388147613499
2024,Census Tract 1911,6279.0,17031191100,191100,19,1.0,72088.0,0.0871018754855177,BELMONT CRAGIN,109.09941466771691
2024,Census Tract 1201,4284.0,17031120100,120100,12,1.0,19901.0,0.2152655645444952,FOREST GLEN,89.13089361873274
2024,Census Tract 6112,2586.0,17031611200,611200,61,1.0,40140.0,0.0644245142002989,NEW CITY,134.6369632279751
2024,Census Tract 3009,4267.0,17031300900,300900,30,1.0,69884.0,0.061058325224658,SOUTH LAWNDALE,127.99829784190968
2024,Census Tract 611,1368.0,17031061100,61100,6,1.0,102827.0,0.0133038987814484,LAKE VIEW,87.21479925558447
2024,Census Tract 615,1811.0,17031061500,61500,6,1.0,102827.0,0.0176121057698853,LAKE VIEW,87.21479925558447
2024,Census Tract 620,3021.0,17031062000,62000,6,1.0,102827.0,0.0293794431423653,LAKE VIEW,87.21479925558447
2024,Census Tract 621,3841.0,17031062100,62100,6,1.0,102827.0,0.0373540023534674,LAKE VIEW,87.21479925558447
2024,Census Tract 622,3119.0,17031062200,62200,6,1.0,102827.0,0.0303325002188141,LAKE VIEW,87.21479925558447
2024,Census Tract 902,6618.0,17031090200,90200,9,1.0,11558.0,0.572590413566361,EDISON PARK,31.63631378020181
2024,Census Tract 901,3567.0,17031090100,90100,9,1.0,11558.0,0.3086174078560305,EDISON PARK,31.63631378020181
2024,Census Tract 2604,1511.0,17031260400,260400,26,1.0,15096.0,0.1000927397986221,WEST GARFIELD PARK,36.09284880796031
2024,Census Tract 3515,973.0,17031351500,351500,35,1.0,21088.0,0.0461399848254931,DOUGLAS,46.004621149279
2024,Census Tract 2108,1073.0,17031210800,210800,21,1.0,35533.0,0.0301972814003883,AVONDALE,55.29059546222403
2024,Census Tract 2109,3060.0,17031210900,210900,21,1.0,35533.0,0.0861171305546956,AVONDALE,55.29059546222403
2024,Census Tract 811,3984.0,17031081100,81100,8,1.0,107331.0,0.0371188193532157,NEAR NORTH SIDE,76.67589595801923
2024,Census Tract 2412,1692.0,17031241200,241200,24,1.0,88197.0,0.0191843259974829,WEST TOWN,127.56290457232984
2024,Census Tract 312,5298.0,17031031200,31200,3,1.0,56344.0,0.0940295328695158,UPTOWN,65.09564271609112
2024,Census Tract 625,1435.0,17031062500,62500,6,1.0,102827.0,0.0139554786194287,LAKE VIEW,87.21479925558447
2024,Census Tract 626,2317.0,17031062600,62600,6,1.0,102827.0,0.0225329923074678,LAKE VIEW,87.21479925558447
2024,Census Tract 627,3152.0,17031062700,62700,6,1.0,102827.0,0.0306534276016999,LAKE VIEW,87.21479925558447
2024,Census Tract 628,3925.0,17031062800,62800,6,1.0,102827.0,0.038170908418995,LAKE VIEW,87.21479925558447
2024,Census Tract 629,4232.0,17031062900,62900,6,1.0,102827.0,0.0411565055870539,LAKE VIEW,87.21479925558447
2024,Census Tract 630,3062.0,17031063000,63000,6,1.0,102827.0,0.0297781711029204,LAKE VIEW,87.21479925558447
2024,Census Tract 624,1803.0,17031062400,62400,6,1.0,102827.0,0.017534305192216,LAKE VIEW,87.21479925558447
2024,Census Tract 631,2336.0,17031063100,63100,6,1.0,102827.0,0.0227177686794324,LAKE VIEW,87.21479925558447
2024,Census Tract 632,6806.0,17031063200,63200,6,1.0,102827.0,0.0661888414521477,LAKE VIEW,87.21479925558447
2024,Census Tract 634,2244.0,17031063400,63400,6,1.0,102827.0,0.0218230620362356,LAKE VIEW,87.21479925558447
2024,Census Tract 903,1373.0,17031090300,90300,9,1.0,11558.0,0.1187921785776085,EDISON PARK,31.63631378020181
2024,Census Tract 1001,5850.0,17031100100,100100,10,1.0,39530.0,0.1479888692132557,NORWOOD PARK,121.95910544621267
2024,Census Tract 1003,6495.0,17031100300,100300,10,1.0,39530.0,0.1643055906906147,NORWOOD PARK,121.95910544621267
2024,Census Tract 1401,3610.0,17031140100,140100,14,1.0,45538.0,0.0792744521059335,ALBANY PARK,53.54223080864773
2024,Census Tract 1402,6048.0,17031140200,140200,14,1.0,45538.0,0.1328121568799684,ALBANY PARK,53.54223080864773
2024,Census Tract 1404,5850.0,17031140400,140400,14,1.0,45538.0,0.1284641398392551,ALBANY PARK,53.54223080864773
2024,Census Tract 1405,3315.0,17031140500,140500,14,1.0,45538.0,0.0727963459089112,ALBANY PARK,53.54223080864773
2024,Census Tract 2427,1880.0,17031242700,242700,24,1.0,88197.0,0.021315917774981,WEST TOWN,127.56290457232984
2024,Census Tract 702,4035.0,17031070200,70200,7,1.0,67987.0,0.0593495815376469,LINCOLN PARK,88.31640045539218
2024,Census Tract 703,3711.0,17031070300,70300,7,1.0,67987.0,0.0545839645814641,LINCOLN PARK,88.31640045539218
2024,Census Tract 704,3433.0,17031070400,70400,7,1.0,67987.0,0.0504949475635047,LINCOLN PARK,88.31640045539218
2024,Census Tract 705,3238.0,17031070500,70500,7,1.0,67987.0,0.0476267521732095,LINCOLN PARK,88.31640045539218
2024,Census Tract 706,3477.0,17031070600,70600,7,1.0,67987.0,0.0511421301131098,LINCOLN PARK,88.31640045539218
2024,Census Tract 707,3787.0,17031070700,70700,7,1.0,67987.0,0.0557018253489637,LINCOLN PARK,88.31640045539218
2024,Census Tract 1004,3350.0,17031100400,100400,10,1.0,39530.0,0.0847457627118644,NORWOOD PARK,121.95910544621267
2024,Census Tract 1006,4806.0,17031100600,100600,10,1.0,39530.0,0.1215785479382747,NORWOOD PARK,121.95910544621267
2024,Census Tract 1007,5335.0,17031100700,100700,10,1.0,39530.0,0.1349607892739691,NORWOOD PARK,121.95910544621267
2024,Census Tract 1102,2871.0,17031110200,110200,11,1.0,26649.0,0.1077338736913205,JEFFERSON PARK,64.86816166921948
2024,Census Tract 1502,7406.0,17031150200,150200,15,1.0,63031.0,0.1174977392076914,PORTAGE PARK,110.19609711747748
2024,Census Tract 1503,7180.0,17031150300,150300,15,1.0,63031.0,0.1139122019323824,PORTAGE PARK,110.19609711747748
2024,Census Tract 1408,5924.0,17031140800,140800,14,1.0,45538.0,0.1300891563090166,ALBANY PARK,53.54223080864773
2024,Census Tract 2312,6098.0,17031231200,231200,23,1.0,56153.0,0.108596156928392,HUMBOLDT PARK,100.48087648273764
2024,Census Tract 2311,1248.0,17031231100,231100,23,1.0,56153.0,0.0222249924313928,HUMBOLDT PARK,100.48087648273764
2024,Census Tract 2424,3084.0,17031242400,242400,24,1.0,88197.0,0.0349671757542773,WEST TOWN,127.56290457232984
2024,Census Tract 2425,3394.0,17031242500,242500,24,1.0,88197.0,0.038482034536322,WEST TOWN,127.56290457232984
2024,Census Tract 1202,4600.0,17031120200,120200,12,1.0,19901.0,0.2311441636098688,FOREST GLEN,89.13089361873274
2024,Census Tract 1203,7025.0,17031120300,120300,12,1.0,19901.0,0.3529973368172454,FOREST GLEN,89.13089361873274
2024,Census Tract 1204,3992.0,17031120400,120400,12,1.0,19901.0,0.2005929350283905,FOREST GLEN,89.13089361873274
2024,Census Tract 2315,6045.0,17031231500,231500,23,1.0,56153.0,0.1076523070895588,HUMBOLDT PARK,100.48087648273764
2024,Census Tract 711,2979.0,17031071100,71100,7,1.0,67987.0,0.0438172003471251,LINCOLN PARK,88.31640045539218
2024,Census Tract 710,4159.0,17031071000,71000,7,1.0,67987.0,0.0611734596319884,LINCOLN PARK,88.31640045539218
2024,Census Tract 712,2775.0,17031071200,71200,7,1.0,67987.0,0.0408166267080471,LINCOLN PARK,88.31640045539218
2024,Census Tract 713,4123.0,17031071300,71300,7,1.0,67987.0,0.060643946636857,LINCOLN PARK,88.31640045539218
2024,Census Tract 1103,5183.0,17031110300,110300,11,1.0,26649.0,0.1944913505197193,JEFFERSON PARK,64.86816166921948
2024,Census Tract 2203,2142.0,17031220300,220300,22,1.0,71160.0,0.0301011804384485,LOGAN SQUARE,100.05756668057336
2024,Census Tract 2204,2530.0,17031220400,220400,22,1.0,71160.0,0.0355536818437324,LOGAN SQUARE,100.05756668057336
2024,Census Tract 2205,2897.0,17031220500,220500,22,1.0,71160.0,0.0407110736368746,LOGAN SQUARE,100.05756668057336
2024,Census Tract 2403,1299.0,17031240300,240300,24,1.0,88197.0,0.014728392122181,WEST TOWN,127.56290457232984
2024,Census Tract 2405,2329.0,17031240500,240500,24,1.0,88197.0,0.026406793881878,WEST TOWN,127.56290457232984
2024,Census Tract 604,3533.0,17031060400,60400,6,1.0,102827.0,0.0343586801131998,LAKE VIEW,87.21479925558447
2024,Census Tract 605,1329.0,17031060500,60500,6,1.0,102827.0,0.0129246209653106,LAKE VIEW,87.21479925558447
2024,Census Tract 2408,1583.0,17031240800,240800,24,1.0,88197.0,0.0179484562966994,WEST TOWN,127.56290457232984
2024,Census Tract 2406,1739.0,17031240600,240600,24,1.0,88197.0,0.0197172239418574,WEST TOWN,127.56290457232984
2024,Census Tract 2407,1509.0,17031240700,240700,24,1.0,88197.0,0.0171094254906629,WEST TOWN,127.56290457232984
2024,Census Tract 2409,1247.0,17031240900,240900,24,1.0,88197.0,0.0141388029071283,WEST TOWN,127.56290457232984
2024,Census Tract 2426,5888.0,17031242600,242600,24,1.0,88197.0,0.0667596403505788,WEST TOWN,127.56290457232984
2024,Census Tract 3106,5872.0,17031310600,310600,31,1.0,33446.0,0.175566584942893,LOWER WEST SIDE,81.55072362189355
2024,Census Tract 3107,1583.0,17031310700,310700,31,1.0,33446.0,0.047330024517132,LOWER WEST SIDE,81.55072362189355
2024,Census Tract 3108,4013.0,17031310800,310800,31,1.0,33446.0,0.1199844525503797,LOWER WEST SIDE,81.55072362189355
2024,Census Tract 206.02,4790.0,17031020602,20602,2,1.0,78373.0,0.0611179870618708,WEST RIDGE,98.4290948429624
2024,Census Tract 3109,4998.0,17031310900,310900,31,1.0,33446.0,0.1494349100041858,LOWER WEST SIDE,81.55072362189355
2024,Census Tract 5101,3129.0,17031510100,510100,51,1.0,12854.0,0.2434261708417613,SOUTH DEERING,303.79705960132867
2024,Census Tract 5102,2985.0,17031510200,510200,51,1.0,12854.0,0.2322234323945853,SOUTH DEERING,303.79705960132867
2024,Census Tract 5611,5564.0,17031561100,561100,56,1.0,36732.0,0.1514755526516389,GARFIELD RIDGE,117.89077840626808
2024,Census Tract 1907.01,2684.0,17031190701,190701,19,1.0,72088.0,0.0372322716679613,BELMONT CRAGIN,109.09941466771691
2024,Census Tract 209.01,6256.0,17031020901,20901,2,1.0,78373.0,0.0798234085718295,WEST RIDGE,98.4290948429624
2024,Census Tract 102.02,2482.0,17031010202,10202,1,1.0,54173.0,0.0458161814926254,ROGERS PARK,51.25990244057384
2024,Census Tract 5701,1299.0,17031570100,570100,57,1.0,13414.0,0.0968391233040107,ARCHER HEIGHTS,55.92250571042751
2024,Census Tract 5702,2111.0,17031570200,570200,57,1.0,13414.0,0.1573728939913523,ARCHER HEIGHTS,55.92250571042751
2024,Census Tract 5703,5801.0,17031570300,570300,57,1.0,13414.0,0.4324586253168331,ARCHER HEIGHTS,55.92250571042751
2024,Census Tract 5704,1668.0,17031570400,570400,57,1.0,13414.0,0.1243476964365588,ARCHER HEIGHTS,55.92250571042751
2024,Census Tract 5705,2535.0,17031570500,570500,57,1.0,13414.0,0.1889816609512449,ARCHER HEIGHTS,55.92250571042751
2024,Census Tract 6904,3319.0,17031690400,690400,69,1.0,29143.0,0.11388669663384,GREATER GRAND CROSSING,98.85316769023828
2024,Census Tract 6913,2106.0,17031691300,691300,69,1.0,29143.0,0.072264351645335,GREATER GRAND CROSSING,98.85316769023828
2024,Census Tract 6914,3323.0,17031691400,691400,69,1.0,29143.0,0.1140239508629859,GREATER GRAND CROSSING,98.85316769023828
2024,Census Tract 6915,1667.0,17031691500,691500,69,1.0,29143.0,0.0572006999965686,GREATER GRAND CROSSING,98.85316769023828
2024,Census Tract 3204,3530.0,17031320400,320400,32,1.0,42550.0,0.0829612220916568,LOOP,46.3355654497116
2024,Census Tract 5801,2167.0,17031580100,580100,58,1.0,42994.0,0.0504023817276829,BRIGHTON PARK,75.89279029683405
2024,Census Tract 5802,3049.0,17031580200,580200,58,1.0,42994.0,0.0709168721216914,BRIGHTON PARK,75.89279029683405
2024,Census Tract 5803,2311.0,17031580300,580300,58,1.0,42994.0,0.0537516862818067,BRIGHTON PARK,75.89279029683405
2024,Census Tract 5804,4236.0,17031580400,580400,58,1.0,42994.0,0.0985253756338093,BRIGHTON PARK,75.89279029683405
2024,Census Tract 5806,5948.0,17031580600,580600,58,1.0,42994.0,0.1383448853328371,BRIGHTON PARK,75.89279029683405
2024,Census Tract 5807,5822.0,17031580700,580700,58,1.0,42994.0,0.1354142438479788,BRIGHTON PARK,75.89279029683405
2024,Census Tract 6813,2014.0,17031681300,681300,68,1.0,23195.0,0.086829057986635,ENGLEWOOD,85.65232306609218
2024,Census Tract 6814,1811.0,17031681400,681400,68,1.0,23195.0,0.0780771718042681,ENGLEWOOD,85.65232306609218
2024,Census Tract 6903,1709.0,17031690300,690300,69,1.0,29143.0,0.0586418694026009,GREATER GRAND CROSSING,98.85316769023828
2024,Census Tract 6905,704.0,17031690500,690500,69,1.0,29143.0,0.0241567443296846,GREATER GRAND CROSSING,98.85316769023828
2024,Census Tract 6909,3923.0,17031690900,690900,69,1.0,29143.0,0.1346120852348763,GREATER GRAND CROSSING,98.85316769023828
2024,Census Tract 6910,2572.0,17031691000,691000,69,1.0,29143.0,0.0882544693408365,GREATER GRAND CROSSING,98.85316769023828
2024,Census Tract 7001,3380.0,17031700100,700100,70,1.0,42007.0,0.080462780012855,ASHBURN,135.46033718240324
2024,Census Tract 7002,6981.0,17031700200,700200,70,1.0,42007.0,0.1661865879496274,ASHBURN,135.46033718240324
2024,Census Tract 3206,6262.0,17031320600,320600,32,1.0,42550.0,0.1471680376028202,LOOP,46.3355654497116
2024,Census Tract 3302,3981.0,17031330200,330200,33,1.0,30482.0,0.1306016665573125,NEAR SOUTH SIDE,49.769639444136615
2024,Census Tract 5905,1630.0,17031590500,590500,59,1.0,14854.0,0.1097347515820654,MCKINLEY PARK,39.431799640295466
2024,Census Tract 5906,3706.0,17031590600,590600,59,1.0,14854.0,0.2494950854988555,MCKINLEY PARK,39.431799640295466
2024,Census Tract 6712,664.0,17031671200,671200,67,1.0,28144.0,0.0235929505400795,WEST ENGLEWOOD,87.94769193108257
2024,Census Tract 6711,1037.0,17031671100,671100,67,1.0,28144.0,0.0368462194428652,WEST ENGLEWOOD,87.94769193108257
2024,Census Tract 6713,1714.0,17031671300,671300,67,1.0,28144.0,0.0609010801591813,WEST ENGLEWOOD,87.94769193108257
2024,Census Tract 6715,2451.0,17031671500,671500,67,1.0,28144.0,0.0870878339965889,WEST ENGLEWOOD,87.94769193108257
2024,Census Tract 6716,1829.0,17031671600,671600,67,1.0,28144.0,0.0649872086412734,WEST ENGLEWOOD,87.94769193108257
2024,Census Tract 6718,1329.0,17031671800,671800,67,1.0,28144.0,0.0472214326321773,WEST ENGLEWOOD,87.94769193108257
2024,Census Tract 6719,1541.0,17031671900,671900,67,1.0,28144.0,0.0547541216600341,WEST ENGLEWOOD,87.94769193108257
2024,Census Tract 7101,940.0,17031710100,710100,71,1.0,43779.0,0.0214714817606615,AUBURN GRESHAM,105.06535358129682
2024,Census Tract 7102,3676.0,17031710200,710200,71,1.0,43779.0,0.0839671988853103,AUBURN GRESHAM,105.06535358129682
2024,Census Tract 7104,5212.0,17031710400,710400,71,1.0,43779.0,0.1190525137623061,AUBURN GRESHAM,105.06535358129682
2024,Census Tract 7105,4305.0,17031710500,710500,71,1.0,43779.0,0.098334818063455,AUBURN GRESHAM,105.06535358129682
2024,Census Tract 7106,1658.0,17031710600,710600,71,1.0,43779.0,0.0378720391055072,AUBURN GRESHAM,105.06535358129682
2024,Census Tract 7108,4867.0,17031710800,710800,71,1.0,43779.0,0.1111720231161059,AUBURN GRESHAM,105.06535358129682
2024,Census Tract 3403,1720.0,17031340300,340300,34,1.0,13848.0,0.1242056614673599,ARMOUR SQUARE,27.766196090094883
2024,Census Tract 3405,1672.0,17031340500,340500,34,1.0,13848.0,0.120739456961294,ARMOUR SQUARE,27.766196090094883
2024,Census Tract 3406,1430.0,17031340600,340600,34,1.0,13848.0,0.103264009243212,ARMOUR SQUARE,27.766196090094883
2024,Census Tract 4302,5792.0,17031430200,430200,43,1.0,53034.0,0.1092129577252328,SOUTH SHORE,81.81271638009841
2024,Census Tract 4303,2708.0,17031430300,430300,43,1.0,53034.0,0.0510615831353471,SOUTH SHORE,81.81271638009841
2024,Census Tract 306.04,3109.0,17031030604,30604,77,1.0,56563.0,0.0549652599756024,EDGEWATER,48.449990830225794
2024,Census Tract 315.02,4463.0,17031031502,31502,3,1.0,56344.0,0.0792098537555019,UPTOWN,65.09564271609112
2024,Census Tract 814.02,6687.0,17031081402,81402,8,1.0,107331.0,0.0623025966402996,NEAR NORTH SIDE,76.67589595801923
2024,Census Tract 802.01,3446.0,17031080201,80201,8,1.0,107331.0,0.0321062880248949,NEAR NORTH SIDE,76.67589595801923
2024,Census Tract 7608.02,2280.0,17031760802,760802,76,1.0,14145.0,0.16118769883351,OHARE,371.8356076134321
2024,Census Tract 1406.01,2468.0,17031140601,140601,14,1.0,45538.0,0.054196495234749,ALBANY PARK,53.54223080864773
2024,Census Tract 701.02,2960.0,17031070102,70102,7,1.0,67987.0,0.0435377351552502,LINCOLN PARK,88.31640045539218
2024,Census Tract 2105.02,4300.0,17031210502,210502,21,1.0,35533.0,0.121014268426533,AVONDALE,55.29059546222403
2024,Census Tract 5401.02,3403.0,17031540102,540102,54,1.0,7518.0,0.4526469805799414,RIVERDALE,98.38949739579031
2024,Census Tract 7004.02,3297.0,17031700402,700402,70,1.0,42007.0,0.0784869188468588,ASHBURN,135.46033718240324
2024,Census Tract 308,4610.0,17031030800,30800,77,1.0,56563.0,0.0815020419708997,EDGEWATER,48.449990830225794
2024,Census Tract 311,5018.0,17031031100,31100,3,1.0,56344.0,0.0890600596336788,UPTOWN,65.09564271609112
2024,Census Tract 313,6136.0,17031031300,31300,3,1.0,56344.0,0.108902456339628,UPTOWN,65.09564271609112
2024,Census Tract 319,2489.0,17031031900,31900,3,1.0,56344.0,0.044175067442851,UPTOWN,65.09564271609112
2024,Census Tract 1605.01,3524.0,17031160501,160501,16,1.0,53332.0,0.0660766519162979,IRVING PARK,89.61138229311392
2024,Census Tract 401,3987.0,17031040100,40100,4,1.0,41651.0,0.0957239922210751,LINCOLN SQUARE,71.35232822594875
2024,Census Tract 403,2991.0,17031040300,40300,4,1.0,41651.0,0.071811000936352,LINCOLN SQUARE,71.35232822594875
2024,Census Tract 6116,1464.0,17031611600,611600,61,1.0,40140.0,0.0364723467862481,NEW CITY,134.6369632279751
2024,Census Tract 3404,1702.0,17031340400,340400,34,1.0,13848.0,0.1229058347775852,ARMOUR SQUARE,27.766196090094883
2024,Census Tract 4307,1983.0,17031430700,430700,43,1.0,53034.0,0.0373911075913564,SOUTH SHORE,81.81271638009841
2024,Census Tract 1910,2315.0,17031191000,191000,19,1.0,72088.0,0.0321135279103318,BELMONT CRAGIN,109.09941466771691
2024,Census Tract 5604,1438.0,17031560400,560400,56,1.0,36732.0,0.0391484264401611,GARFIELD RIDGE,117.89077840626808
2024,Census Tract 7107,2948.0,17031710700,710700,71,1.0,43779.0,0.0673382215217341,AUBURN GRESHAM,105.06535358129682
2024,Census Tract 5501,6161.0,17031550100,550100,55,1.0,8853.0,0.6959222862306563,HEGEWISCH,145.96574140897752
2024,Census Tract 2832,1687.0,17031283200,283200,28,1.0,68165.0,0.024748771363603,NEAR WEST SIDE,158.49246652347665
2024,Census Tract 1005,5952.0,17031100500,100500,10,1.0,39530.0,0.1505691879585125,NORWOOD PARK,121.95910544621267
